tienda Nielsen,latitud,longitud,colonia (Nielsen),CP,municipio,1.ª letra Nielsen,nuestra 1.ª letra (como hoy),acierta (como hoy),estado,hexágono H3 res 9 (clúster),hogares 2025 en el clúster (300 m),% A/B,% C+,% C,% C-,% D+,% D/E,nivel NSE INEGI (1 = D/E … 6 = A/B),puntos AltScore en el clúster,nivel NSE AltScore (escala 1-6),nivel NSE final,corte como hoy,cómo se calcula,nuestra 1.ª letra (corte relativo),acierta (corte relativo),nuestra 1.ª letra (referencia Nielsen),acierta (referencia Nielsen)
BODEGA AURRERA - 11 SUR,19.0357,-98.2125,INSURGENTES CHULAVISTA,72420,Puebla (PUE),H,H,sí,Puebla,894994ad05bffff,635,14.7,18.9,18.9,18.9,12.7,15.8,3.57,no aplica · AltScore solo en la ZM Mérida,no aplica · AltScore solo en la ZM Mérida,3.57,2.86,solo INEGI; H si ≥ media INEGI de nuestros PDV Tradicional (06),H,sí,H,sí
BODEGA AURRERA - ANGELES IZT,19.34646,-99.06906,LOS ANGELES,09830,Iztapalapa (DF),H,H,sí,Ciudad de México,8949958e88bffff,1086,10.2,15.2,16.5,18.2,15.9,23.9,3.14,no aplica · AltScore solo en la ZM Mérida,no aplica · AltScore solo en la ZM Mérida,3.14,2.86,solo INEGI; H si ≥ media INEGI de nuestros PDV Tradicional (06),L,no,H,sí
BODEGA AURRERA - AV DE LAS TORRES,18.99938,-98.22737,sin colonia en Nielsen,72000,Puebla (PUE),H,H,sí,Puebla,894994af26fffff,1209,15.3,18.7,16.6,14.3,10.9,24.2,3.41,no aplica · AltScore solo en la ZM Mérida,no aplica · AltScore solo en la ZM Mérida,3.41,2.86,solo INEGI; H si ≥ media INEGI de nuestros PDV Tradicional (06),H,sí,H,sí
BODEGA AURRERA - AVENIDA NICHUPTE,21.14116,-86.87838,SAN MIGUEL ,77536,Benito Juárez (QROO),H,H,sí,Quintana Roo,89450a6b5b3ffff,980,7.8,12.6,15.3,18.5,17.3,28.5,2.9,no aplica · AltScore solo en la ZM Mérida,no aplica · AltScore solo en la ZM Mérida,2.9,2.86,solo INEGI; H si ≥ media INEGI de nuestros PDV Tradicional (06),L,no,L,no
BODEGA AURRERA - CANTIL,19.33056,-99.15441,LOS REYES,04300,Coyoacán (DF),H,H,sí,Ciudad de México,89499585dd7ffff,1693,12.1,16.6,16.6,17.9,14.8,22,3.27,no aplica · AltScore solo en la ZM Mérida,no aplica · AltScore solo en la ZM Mérida,3.27,2.86,solo INEGI; H si ≥ media INEGI de nuestros PDV Tradicional (06),H,sí,H,sí
BODEGA AURRERA - CENTENARIO,19.36632,-99.20907,MERCED GOMEZ,01600,Álvaro Obregón (DF),H,H,sí,Ciudad de México,89499584bb7ffff,1237,16,21.1,19.5,18.4,13.8,11.2,3.74,no aplica · AltScore solo en la ZM Mérida,no aplica · AltScore solo en la ZM Mérida,3.74,2.86,solo INEGI; H si ≥ media INEGI de nuestros PDV Tradicional (06),H,sí,H,sí
BODEGA AURRERA - CHILPANCINGO,17.53256,-99.4934,BUROCRATA,39090,Chilpancingo de los Bravo (GRO),H,H,sí,Guerrero,8949b037057ffff,99,12.4,18,17.5,15.7,14.6,21.8,3.32,no aplica · AltScore solo en la ZM Mérida,no aplica · AltScore solo en la ZM Mérida,3.32,2.86,solo INEGI; H si ≥ media INEGI de nuestros PDV Tradicional (06),H,sí,H,sí
BODEGA AURRERA - COYOL,19.15599,-96.15342,FRACCIONAMIENTO EL COYOL,91779,Veracruz (VER),H,H,sí,Veracruz de Ignacio de la Llave,896d34da3cbffff,460,12.5,18.5,17.9,17.5,14.6,19,3.4,no aplica · AltScore solo en la ZM Mérida,no aplica · AltScore solo en la ZM Mérida,3.4,2.86,solo INEGI; H si ≥ media INEGI de nuestros PDV Tradicional (06),H,sí,H,sí
BODEGA AURRERA - CUAUTITLAN IZCALLI,19.65437,-99.20675,CENTRO URBANO,54700,Cuautitlán Izcalli (MEX),H,H,sí,México,894995af607ffff,1,14.2,21.9,21.9,19,12.3,10.7,3.75,no aplica · AltScore solo en la ZM Mérida,no aplica · AltScore solo en la ZM Mérida,3.75,2.86,solo INEGI; H si ≥ media INEGI de nuestros PDV Tradicional (06),H,sí,H,sí
BODEGA AURRERA - DIAZ MIRON,19.18113,-96.134,IGNACIO ZARAGOZA,91910,Veracruz (VER),H,H,sí,Veracruz de Ignacio de la Llave,896d34da54bffff,521,9.8,15.9,16.1,18.7,16.8,22.7,3.15,no aplica · AltScore solo en la ZM Mérida,no aplica · AltScore solo en la ZM Mérida,3.15,2.86,solo INEGI; H si ≥ media INEGI de nuestros PDV Tradicional (06),L,no,H,sí
BODEGA AURRERA - DOCTORES,19.4069,-99.14512,DOCTORES,06720,Cuauhtémoc (DF),H,H,sí,Ciudad de México,894995ba21bffff,3111,9,14.4,16.7,19.5,17.5,23,3.09,no aplica · AltScore solo en la ZM Mérida,no aplica · AltScore solo en la ZM Mérida,3.09,2.86,solo INEGI; H si ≥ media INEGI de nuestros PDV Tradicional (06),L,no,H,sí
BODEGA AURRERA - EJERCITO MEXICANO,19.14163,-96.13945,FLORES DEL VALLE,91948,Veracruz (VER),H,H,sí,Veracruz de Ignacio de la Llave,896d34da327ffff,746,11.4,16.7,15.8,16.5,14.7,25,3.19,no aplica · AltScore solo en la ZM Mérida,no aplica · AltScore solo en la ZM Mérida,3.19,2.86,solo INEGI; H si ≥ media INEGI de nuestros PDV Tradicional (06),H,sí,H,sí
BODEGA AURRERA - ETZATLAN,19.45184,-99.11958,POPULAR RASTRO,15220,Venustiano Carranza (DF),H,H,sí,Ciudad de México,894995b8663ffff,2238,12.4,17.5,17.7,18.5,15,18.8,3.37,no aplica · AltScore solo en la ZM Mérida,no aplica · AltScore solo en la ZM Mérida,3.37,2.86,solo INEGI; H si ≥ media INEGI de nuestros PDV Tradicional (06),H,sí,H,sí
BODEGA AURRERA - FORJADORES,19.07646,-98.29442,SAN PEDRO CHOLULA,72810,San Pedro Cholula (PUE),H,H,sí,Puebla,894994addb7ffff,523,22.6,24.2,18.2,14,9.3,11.7,4.02,no aplica · AltScore solo en la ZM Mérida,no aplica · AltScore solo en la ZM Mérida,4.02,2.86,solo INEGI; H si ≥ media INEGI de nuestros PDV Tradicional (06),H,sí,H,sí
BODEGA AURRERA - FRAC MERIDA LS AMERICA,21.06211,-89.64444,MERIDA,97203,Mérida (YUC),H,H,sí,Yucatán,894509a246bffff,241,26.3,27.8,20.6,13.5,7,4.8,4.39,53,3.39,4.14,2.88,(1 − 0.25) · INEGI + 0.25 · AltScore; H si ≥ media de nuestros PDV Tradicional (06),H,sí,H,sí
BODEGA AURRERA - INSURGENTES NORTE,19.47633,-99.13411,CAPULTITLAN,07370,Gustavo A. Madero (DF),H,H,sí,Ciudad de México,894995b83cfffff,1479,9.1,14,16.3,18.9,17.5,24.3,3.06,no aplica · AltScore solo en la ZM Mérida,no aplica · AltScore solo en la ZM Mérida,3.06,2.86,solo INEGI; H si ≥ media INEGI de nuestros PDV Tradicional (06),L,no,H,sí
BODEGA AURRERA - LA VIGA,19.4147,-99.12758,LORENZO BOTURINI,15820,Venustiano Carranza (DF),H,H,sí,Ciudad de México,894995bb113ffff,2782,15,20.4,18.8,17.9,13.4,14.5,3.62,no aplica · AltScore solo en la ZM Mérida,no aplica · AltScore solo en la ZM Mérida,3.62,2.86,solo INEGI; H si ≥ media INEGI de nuestros PDV Tradicional (06),H,sí,H,sí
BODEGA AURRERA - LA VIRGEN,19.32301,-99.10647,CTM CULHUACAN,04480,Coyoacán (DF),H,H,sí,Ciudad de México,894995853a7ffff,1915,11.6,15.9,15.9,16.5,14.7,25.3,3.17,no aplica · AltScore solo en la ZM Mérida,no aplica · AltScore solo en la ZM Mérida,3.17,2.86,solo INEGI; H si ≥ media INEGI de nuestros PDV Tradicional (06),H,sí,H,sí
BODEGA AURRERA - LAS AMERICAS,20.55345,-100.39539,COLINAS DEL SUR,76190,Corregidora (QRO),H,H,sí,Querétaro,894983d9da7ffff,1173,14.2,19.6,19.2,18.7,12.7,15.7,3.57,no aplica · AltScore solo en la ZM Mérida,no aplica · AltScore solo en la ZM Mérida,3.57,2.86,solo INEGI; H si ≥ media INEGI de nuestros PDV Tradicional (06),H,sí,H,sí
BODEGA AURRERA - LAS TRANCAS,19.49956,-96.85926,LAS TRANCAS,91064,Emiliano Zapata (VER),H,H,sí,Veracruz de Ignacio de la Llave,89499605d47ffff,662,19.1,24.9,19.1,15,9.4,12.5,3.92,no aplica · AltScore solo en la ZM Mérida,no aplica · AltScore solo en la ZM Mérida,3.92,2.86,solo INEGI; H si ≥ media INEGI de nuestros PDV Tradicional (06),H,sí,H,sí
BODEGA AURRERA - MARGARITAS,19.01115,-98.18773,EX HACIENDA LA MARGARITA,72560,Puebla (PUE),H,H,sí,Puebla,894994a8b07ffff,1654,9.8,13.8,16.2,17.6,15.5,27.1,3.03,no aplica · AltScore solo en la ZM Mérida,no aplica · AltScore solo en la ZM Mérida,3.03,2.86,solo INEGI; H si ≥ media INEGI de nuestros PDV Tradicional (06),L,no,H,sí
BODEGA AURRERA - MARIANO ESCOBEDO,19.44621,-99.18329,ANAHUAC,11320,Miguel Hidalgo (DF),H,H,sí,Ciudad de México,894995bae63ffff,2822,15.1,20.6,18.8,17.7,13.1,14.7,3.63,no aplica · AltScore solo en la ZM Mérida,no aplica · AltScore solo en la ZM Mérida,3.63,2.86,solo INEGI; H si ≥ media INEGI de nuestros PDV Tradicional (06),H,sí,H,sí
BODEGA AURRERA - MAYORAZGO,19.00614,-98.23888,EX HACIENDA SAN JOSE MAYORAZGO,72450,Puebla (PUE),H,H,sí,Puebla,894994af34bffff,702,17.3,19.9,17.6,15.6,11.3,18.3,3.61,no aplica · AltScore solo en la ZM Mérida,no aplica · AltScore solo en la ZM Mérida,3.61,2.86,solo INEGI; H si ≥ media INEGI de nuestros PDV Tradicional (06),H,sí,H,sí
BODEGA AURRERA - MORELOS,18.92519,-99.23826,CENTRO,62000,Cuernavaca (MOR),H,H,sí,Morelos,8949b32e38fffff,457,9.8,14.2,16.1,18.2,17.1,24.7,3.08,no aplica · AltScore solo en la ZM Mérida,no aplica · AltScore solo en la ZM Mérida,3.08,2.86,solo INEGI; H si ≥ media INEGI de nuestros PDV Tradicional (06),L,no,H,sí
BODEGA AURRERA - OBSERVATORIO,19.40015,-99.20974,LAS AMERICAS,01120,Álvaro Obregón (DF),H,H,sí,Ciudad de México,894995b12cfffff,1011,11.2,15.8,16.6,18.2,15.7,22.4,3.21,no aplica · AltScore solo en la ZM Mérida,no aplica · AltScore solo en la ZM Mérida,3.21,2.86,solo INEGI; H si ≥ media INEGI de nuestros PDV Tradicional (06),H,sí,H,sí
BODEGA AURRERA - PACHUCA,20.11388,-98.74552,PERIODISTAS,42060,Pachuca de Soto (HGO),H,H,sí,Hidalgo,89499564363ffff,149,18,22.3,21,16.9,10.6,11.4,3.86,no aplica · AltScore solo en la ZM Mérida,no aplica · AltScore solo en la ZM Mérida,3.86,2.86,solo INEGI; H si ≥ media INEGI de nuestros PDV Tradicional (06),H,sí,H,sí
BODEGA AURRERA - PLAYA DEL CARMEN,20.64948,-87.07081,SANTA FE,77712,Solidaridad (QROO),H,L,no,Quintana Roo,89450acc9a7ffff,370,7.7,12.7,13.5,14.5,14.8,36.8,2.74,no aplica · AltScore solo en la ZM Mérida,no aplica · AltScore solo en la ZM Mérida,2.74,2.86,solo INEGI; H si ≥ media INEGI de nuestros PDV Tradicional (06),L,no,L,no
BODEGA AURRERA - PLAZA ATIZAPAN,19.57183,-99.25437,VILLA NICOLAS ROMERO,52947,Atizapán de Zaragoza (MEX),H,H,sí,México,894995a0263ffff,889,16.7,23.6,22,18,10.5,9.2,3.9,no aplica · AltScore solo en la ZM Mérida,no aplica · AltScore solo en la ZM Mérida,3.9,2.86,solo INEGI; H si ≥ media INEGI de nuestros PDV Tradicional (06),H,sí,H,sí
BODEGA AURRERA - PLAZA DORADA,19.02823,-98.20279,LADRILLERA DE BENITEZ,72530,Puebla (PUE),H,H,sí,Puebla,894994ad677ffff,221,20.6,22.4,18.6,17.1,10,11.2,3.93,no aplica · AltScore solo en la ZM Mérida,no aplica · AltScore solo en la ZM Mérida,3.93,2.86,solo INEGI; H si ≥ media INEGI de nuestros PDV Tradicional (06),H,sí,H,sí
BODEGA AURRERA - PLAZA LORETO,19.06603,-98.17745,LOS PINOS,72240,Puebla (PUE),H,H,sí,Puebla,89499432167ffff,508,16.8,19.2,17.4,15.7,11.5,19.5,3.56,no aplica · AltScore solo en la ZM Mérida,no aplica · AltScore solo en la ZM Mérida,3.56,2.86,solo INEGI; H si ≥ media INEGI de nuestros PDV Tradicional (06),H,sí,H,sí
BODEGA AURRERA - SAN JUAN DE ARAGON,19.46541,-99.08173,SAN JUAN DE ARAGON,55090,Gustavo A. Madero (DF),H,H,sí,Ciudad de México,894995b9033ffff,920,8.8,13.3,15.6,17.9,17,27.5,2.97,no aplica · AltScore solo en la ZM Mérida,no aplica · AltScore solo en la ZM Mérida,2.97,2.86,solo INEGI; H si ≥ media INEGI de nuestros PDV Tradicional (06),L,no,L,no
BODEGA AURRERA - SANTA CECILIA,19.55404,-99.17743,PUEBLO SANTA CECILIA,54130,Tlalnepantla de Baz (MEX),H,H,sí,México,894995aa517ffff,673,7.9,13.3,16.1,17.8,16,28.9,2.93,no aplica · AltScore solo en la ZM Mérida,no aplica · AltScore solo en la ZM Mérida,2.93,2.86,solo INEGI; H si ≥ media INEGI de nuestros PDV Tradicional (06),L,no,L,no
BODEGA AURRERA - TACUBAYA,19.40421,-99.18735,TACUBAYA,11870,Miguel Hidalgo (DF),H,H,sí,Ciudad de México,894995ba1d3ffff,773,13.9,20.2,20.2,19.8,14.6,11.3,3.65,no aplica · AltScore solo en la ZM Mérida,no aplica · AltScore solo en la ZM Mérida,3.65,2.86,solo INEGI; H si ≥ media INEGI de nuestros PDV Tradicional (06),H,sí,H,sí
BODEGA AURRERA - TENAYO,19.54558,-99.17093,VALLE DEL TENAYO,54147,Tlalnepantla de Baz (MEX),H,H,sí,México,894995aa5d7ffff,2015,12.1,18,19.4,18.9,14.6,16.9,3.43,no aplica · AltScore solo en la ZM Mérida,no aplica · AltScore solo en la ZM Mérida,3.43,2.86,solo INEGI; H si ≥ media INEGI de nuestros PDV Tradicional (06),H,sí,H,sí
BODEGA AURRERA - TERAN,16.75957,-93.17528,sin colonia en Nielsen,29038,Tuxtla Gutiérrez (CHIS),H,H,sí,Chiapas,896d231a44bffff,188,20.2,23.9,17,12.8,9.5,16.7,3.82,no aplica · AltScore solo en la ZM Mérida,no aplica · AltScore solo en la ZM Mérida,3.82,2.86,solo INEGI; H si ≥ media INEGI de nuestros PDV Tradicional (06),H,sí,H,sí
BODEGA AURRERA - TULIPANES,20.05873,-98.77579,FRACCIONAMIENTO LA COLONIA,42083,Mineral de la Reforma (HGO),H,H,sí,Hidalgo,89499566363ffff,434,16.6,21.3,20.9,17.9,11.6,11.7,3.78,no aplica · AltScore solo en la ZM Mérida,no aplica · AltScore solo en la ZM Mérida,3.78,2.86,solo INEGI; H si ≥ media INEGI de nuestros PDV Tradicional (06),H,sí,H,sí
BODEGA AURRERA - VALLE DE ARAGON,19.48962,-99.05478,VALLE DE ARAGON,55235,Nezahualcóyotl (MEX),H,H,sí,México,89499516c8fffff,1223,13.6,20.9,21.3,19.5,13,11.7,3.68,no aplica · AltScore solo en la ZM Mérida,no aplica · AltScore solo en la ZM Mérida,3.68,2.86,solo INEGI; H si ≥ media INEGI de nuestros PDV Tradicional (06),H,sí,H,sí
BODEGA AURRERA - VALSEQUILLO,18.99291,-98.20047,EX HACIENDA SAN JOSE XILOTZINGO,72593,Puebla (PUE),H,H,sí,Puebla,894994a89cbffff,1056,13.5,17.9,18.4,17.9,14.5,17.7,3.45,no aplica · AltScore solo en la ZM Mérida,no aplica · AltScore solo en la ZM Mérida,3.45,2.86,solo INEGI; H si ≥ media INEGI de nuestros PDV Tradicional (06),H,sí,H,sí
BODEGA AURRERA - VILLA COAPA,19.2917,-99.12555,VILLA COAPA,14390,Tlalpan (DF),H,H,sí,Ciudad de México,89499585533ffff,2306,16.9,22.5,20,17.9,12.9,9.9,3.83,no aplica · AltScore solo en la ZM Mérida,no aplica · AltScore solo en la ZM Mérida,3.83,2.86,solo INEGI; H si ≥ media INEGI de nuestros PDV Tradicional (06),H,sí,H,sí
CHEDRAUI CANCUN CHACMOOL,21.12996,-86.86499,ALFREDO V BONFIL,77560,Benito Juárez (QROO),H,H,sí,Quintana Roo,89450a79b6bffff,271,24.4,30.7,22.7,13.2,5.8,3.3,4.45,no aplica · AltScore solo en la ZM Mérida,no aplica · AltScore solo en la ZM Mérida,4.45,2.86,solo INEGI; H si ≥ media INEGI de nuestros PDV Tradicional (06),H,sí,H,sí
CHEDRAUI CANCUN KABAH,21.15375,-86.84087,SM36,77501,Benito Juárez (QROO),H,H,sí,Quintana Roo,89450a6b047ffff,218,16.5,26.8,22,18.1,11.3,5.4,4.03,no aplica · AltScore solo en la ZM Mérida,no aplica · AltScore solo en la ZM Mérida,4.03,2.86,solo INEGI; H si ≥ media INEGI de nuestros PDV Tradicional (06),H,sí,H,sí
CHEDRAUI CANCUN TULUM,21.15786,-86.82587,CENTRO,77500,Benito Juárez (QROO),H,L,no,Quintana Roo,89450a6b217ffff,196,6,11.1,16.4,17.2,13.5,35.9,2.71,no aplica · AltScore solo en la ZM Mérida,no aplica · AltScore solo en la ZM Mérida,2.71,2.86,solo INEGI; H si ≥ media INEGI de nuestros PDV Tradicional (06),L,no,L,no
CHEDRAUI MERIDA AMERICAS,20.99254,-89.64935,MIGUEL HIDALGO,97229,Mérida (YUC),H,H,sí,Yucatán,894509b03bbffff,195,18.3,20.4,18.6,16.6,12.3,13.8,3.75,62,4.13,3.85,2.88,(1 − 0.25) · INEGI + 0.25 · AltScore; H si ≥ media de nuestros PDV Tradicional (06),H,sí,H,sí
CHEDRAUI MERIDA CAUCEL,21.00556,-89.69034,sin colonia en Nielsen,97314,Mérida (YUC),H,H,sí,Yucatán,894509b0c37ffff,192,22.4,25.6,18.7,13.2,8.2,11.9,4.05,28,3.9,4.03,2.88,(1 − 0.25) · INEGI + 0.25 · AltScore; H si ≥ media de nuestros PDV Tradicional (06),H,sí,H,sí
CHEDRAUI MERIDA POLIGONO,21.00019,-89.57314,ITZIMNA,97143,Mérida (YUC),H,H,sí,Yucatán,894509b137bffff,282,29.7,27.5,20.6,12.9,6.1,3.1,4.53,39,2.14,3.94,2.88,(1 − 0.25) · INEGI + 0.25 · AltScore; H si ≥ media de nuestros PDV Tradicional (06),H,sí,H,sí
CHEDRAUI MEX ATIZAPAN,19.56237,-99.24458,CENTRO ATIZAPAN,52900,Atizapán de Zaragoza (MEX),H,H,sí,México,894995a152fffff,1052,18.9,26.4,22.8,16.7,8.5,6.7,4.11,no aplica · AltScore solo en la ZM Mérida,no aplica · AltScore solo en la ZM Mérida,4.11,2.86,solo INEGI; H si ≥ media INEGI de nuestros PDV Tradicional (06),H,sí,H,sí
CHEDRAUI MEXICO ANFORA,19.43585,-99.11021,AZTECA,15320,Venustiano Carranza (DF),H,H,sí,Ciudad de México,894995bb337ffff,601,11,16.2,17.3,18.7,15.7,21.1,3.25,no aplica · AltScore solo en la ZM Mérida,no aplica · AltScore solo en la ZM Mérida,3.25,2.86,solo INEGI; H si ≥ media INEGI de nuestros PDV Tradicional (06),H,sí,H,sí
CHEDRAUI MEXICO BUEN TONO,19.42841,-99.14325,CENTRO,06080,Cuauhtémoc (DF),H,H,sí,Ciudad de México,894995b84c7ffff,1335,8.3,14.4,17.8,20.7,18.1,20.6,3.12,no aplica · AltScore solo en la ZM Mérida,no aplica · AltScore solo en la ZM Mérida,3.12,2.86,solo INEGI; H si ≥ media INEGI de nuestros PDV Tradicional (06),L,no,H,sí
CHEDRAUI MEXICO CHURUBUSCO,19.37916,-99.10217,NUEVA ROSITA,09420,Iztapalapa (DF),H,H,sí,Ciudad de México,894995bb457ffff,1340,11.9,17.3,18,18.9,15.5,18.5,3.36,no aplica · AltScore solo en la ZM Mérida,no aplica · AltScore solo en la ZM Mérida,3.36,2.86,solo INEGI; H si ≥ media INEGI de nuestros PDV Tradicional (06),H,sí,H,sí
CHEDRAUI MEXICO COAPA,19.30351,-99.11845,LOS ROBLES,04940,Coyoacán (DF),H,H,sí,Ciudad de México,8949958518bffff,597,26.7,29.6,21.3,13.7,5.9,2.9,4.49,no aplica · AltScore solo en la ZM Mérida,no aplica · AltScore solo en la ZM Mérida,4.49,2.86,solo INEGI; H si ≥ media INEGI de nuestros PDV Tradicional (06),H,sí,H,sí
CHEDRAUI MEXICO COPILCO 10-12,19.33604,-99.15863,PUEBLO LOS REYES,04330,Coyoacán (DF),H,H,sí,Ciudad de México,89499585d13ffff,1319,16.1,20.5,18.3,16.9,12.5,15.6,3.64,no aplica · AltScore solo en la ZM Mérida,no aplica · AltScore solo en la ZM Mérida,3.64,2.86,solo INEGI; H si ≥ media INEGI de nuestros PDV Tradicional (06),H,sí,H,sí
CHEDRAUI MEXICO CUAJIMALPA FRONDOSO,19.36032,-99.29321,CUAJIMALPA,05000,Cuajimalpa de Morelos (DF),H,H,sí,Ciudad de México,894995b3123ffff,952,17.6,21.8,18.4,17.8,11.7,12.7,3.78,no aplica · AltScore solo en la ZM Mérida,no aplica · AltScore solo en la ZM Mérida,3.78,2.86,solo INEGI; H si ≥ media INEGI de nuestros PDV Tradicional (06),H,sí,H,sí
CHEDRAUI MEXICO IZTAPALAPA,19.35914,-99.06314,PROGRESISTA,09240,Iztapalapa (DF),H,H,sí,Ciudad de México,8949958e87bffff,2791,12.9,18.6,19.4,19.7,15.3,14.1,3.52,no aplica · AltScore solo en la ZM Mérida,no aplica · AltScore solo en la ZM Mérida,3.52,2.86,solo INEGI; H si ≥ media INEGI de nuestros PDV Tradicional (06),H,sí,H,sí
CHEDRAUI MEXICO LOMAS ESTRELLA,19.32157,-99.09457,LOMAS ESTRELLA,09890,Iztapalapa (DF),H,H,sí,Ciudad de México,89499585303ffff,1566,21.3,26.1,21,15.9,9.2,6.4,4.15,no aplica · AltScore solo en la ZM Mérida,no aplica · AltScore solo en la ZM Mérida,4.15,2.86,solo INEGI; H si ≥ media INEGI de nuestros PDV Tradicional (06),H,sí,H,sí
CHEDRAUI MEXICO MOLINA,19.48632,-99.09422,EL COYO,07420,Gustavo A. Madero (DF),H,H,sí,Ciudad de México,894995b9167ffff,1420,11.5,16.8,18.1,19,15.4,19.3,3.32,no aplica · AltScore solo en la ZM Mérida,no aplica · AltScore solo en la ZM Mérida,3.32,2.86,solo INEGI; H si ≥ media INEGI de nuestros PDV Tradicional (06),H,sí,H,sí
CHEDRAUI MEXICO MUNDO E,19.5254,-99.23011,SAN LUCAS TEPETLACALCO,54055,Tlalnepantla de Baz (MEX),H,H,sí,México,894995a335bffff,459,17.3,24.5,21.7,16.9,9.6,9.9,3.93,no aplica · AltScore solo en la ZM Mérida,no aplica · AltScore solo en la ZM Mérida,3.93,2.86,solo INEGI; H si ≥ media INEGI de nuestros PDV Tradicional (06),H,sí,H,sí
CHEDRAUI MEXICO PALOMAS,19.60353,-99.01338,SANTA CRUZ VENTA DE CARPIO,55065,Ecatepec de Morelos (MEX),H,L,no,México,89499514b77ffff,1021,6.1,11.4,15.3,17.9,17.8,31.4,2.76,no aplica · AltScore solo en la ZM Mérida,no aplica · AltScore solo en la ZM Mérida,2.76,2.86,solo INEGI; H si ≥ media INEGI de nuestros PDV Tradicional (06),L,no,L,no
CHEDRAUI MEXICO PLAZA AMERICAS,19.3131,-99.13513,EXHACIENDA COAPA,04850,Coyoacán (DF),H,H,sí,Ciudad de México,8949958426fffff,530,22.5,27.1,21.1,15.4,8.3,5.7,4.23,no aplica · AltScore solo en la ZM Mérida,no aplica · AltScore solo en la ZM Mérida,4.23,2.86,solo INEGI; H si ≥ media INEGI de nuestros PDV Tradicional (06),H,sí,H,sí
CHEDRAUI MEXICO TENAYUCA,19.52967,-99.1573,SOLIDARIDAD NACIONAL,07268,Gustavo A. Madero (DF),H,H,sí,Ciudad de México,894995aa493ffff,215,18.8,23.3,20.5,17.3,12.1,8.2,3.95,no aplica · AltScore solo en la ZM Mérida,no aplica · AltScore solo en la ZM Mérida,3.95,2.86,solo INEGI; H si ≥ media INEGI de nuestros PDV Tradicional (06),H,sí,H,sí
CHEDRAUI MEXICO TEPEYAC,19.46929,-99.11467,BONDOJITO,07850,Gustavo A. Madero (DF),H,H,sí,Ciudad de México,894995b8247ffff,1054,17.4,22.6,19.3,16.8,11.7,12.2,3.8,no aplica · AltScore solo en la ZM Mérida,no aplica · AltScore solo en la ZM Mérida,3.8,2.86,solo INEGI; H si ≥ media INEGI de nuestros PDV Tradicional (06),H,sí,H,sí
CHEDRAUI MEXICO XOCHIMILCO,19.25789,-99.1224,LA CONCHA,16210,Xochimilco (DF),H,H,sí,Ciudad de México,894995873c7ffff,588,20.5,25.3,20.5,15.7,9.8,8.3,4.06,no aplica · AltScore solo en la ZM Mérida,no aplica · AltScore solo en la ZM Mérida,4.06,2.86,solo INEGI; H si ≥ media INEGI de nuestros PDV Tradicional (06),H,sí,H,sí
CHEDRAUI OAXACA LA NORIA,17.05276,-96.71701,FRACC SAN JOSE DE LA NORIA,68120,Oaxaca de Juárez (OAX),H,sin estimar · falta procesar los insumos INEGI del estado,sin estimar · falta procesar los insumos INEGI del estado,Oaxaca,896d32aa88bffff,sin estimar · falta procesar los insumos INEGI del estado,sin estimar · falta procesar los insumos INEGI del estado,sin estimar · falta procesar los insumos INEGI del estado,sin estimar · falta procesar los insumos INEGI del estado,sin estimar · falta procesar los insumos INEGI del estado,sin estimar · falta procesar los insumos INEGI del estado,sin estimar · falta procesar los insumos INEGI del estado,sin estimar · falta procesar los insumos INEGI del estado,no aplica · AltScore solo en la ZM Mérida,no aplica · AltScore solo en la ZM Mérida,sin estimar · falta procesar los insumos INEGI del estado,sin estimar · falta procesar los insumos INEGI del estado,sin estimar · falta procesar los insumos INEGI del estado,sin estimar · falta procesar los insumos INEGI del estado,sin estimar · falta procesar los insumos INEGI del estado,sin estimar · falta procesar los insumos INEGI del estado,sin estimar · falta procesar los insumos INEGI del estado
CHEDRAUI OAXACA MADERO,17.07874,-96.74232,EXMARQUESA,68030,Oaxaca de Juárez (OAX),H,sin estimar · falta procesar los insumos INEGI del estado,sin estimar · falta procesar los insumos INEGI del estado,Oaxaca,896d32aa14fffff,sin estimar · falta procesar los insumos INEGI del estado,sin estimar · falta procesar los insumos INEGI del estado,sin estimar · falta procesar los insumos INEGI del estado,sin estimar · falta procesar los insumos INEGI del estado,sin estimar · falta procesar los insumos INEGI del estado,sin estimar · falta procesar los insumos INEGI del estado,sin estimar · falta procesar los insumos INEGI del estado,sin estimar · falta procesar los insumos INEGI del estado,no aplica · AltScore solo en la ZM Mérida,no aplica · AltScore solo en la ZM Mérida,sin estimar · falta procesar los insumos INEGI del estado,sin estimar · falta procesar los insumos INEGI del estado,sin estimar · falta procesar los insumos INEGI del estado,sin estimar · falta procesar los insumos INEGI del estado,sin estimar · falta procesar los insumos INEGI del estado,sin estimar · falta procesar los insumos INEGI del estado,sin estimar · falta procesar los insumos INEGI del estado
CHEDRAUI OAXACA REFORMA,17.0783,-96.70897,REFORMA,68050,Oaxaca de Juárez (OAX),H,sin estimar · falta procesar los insumos INEGI del estado,sin estimar · falta procesar los insumos INEGI del estado,Oaxaca,896d32aac97ffff,sin estimar · falta procesar los insumos INEGI del estado,sin estimar · falta procesar los insumos INEGI del estado,sin estimar · falta procesar los insumos INEGI del estado,sin estimar · falta procesar los insumos INEGI del estado,sin estimar · falta procesar los insumos INEGI del estado,sin estimar · falta procesar los insumos INEGI del estado,sin estimar · falta procesar los insumos INEGI del estado,sin estimar · falta procesar los insumos INEGI del estado,no aplica · AltScore solo en la ZM Mérida,no aplica · AltScore solo en la ZM Mérida,sin estimar · falta procesar los insumos INEGI del estado,sin estimar · falta procesar los insumos INEGI del estado,sin estimar · falta procesar los insumos INEGI del estado,sin estimar · falta procesar los insumos INEGI del estado,sin estimar · falta procesar los insumos INEGI del estado,sin estimar · falta procesar los insumos INEGI del estado,sin estimar · falta procesar los insumos INEGI del estado
CHEDRAUI OAXACA XOXOCOTLAN,17.02527,-96.72893,SANTA CRUZ XOXOCOTLAN,71230,Santa Cruz Xoxocotlán (OAX),H,sin estimar · falta procesar los insumos INEGI del estado,sin estimar · falta procesar los insumos INEGI del estado,Oaxaca,896d32aab57ffff,sin estimar · falta procesar los insumos INEGI del estado,sin estimar · falta procesar los insumos INEGI del estado,sin estimar · falta procesar los insumos INEGI del estado,sin estimar · falta procesar los insumos INEGI del estado,sin estimar · falta procesar los insumos INEGI del estado,sin estimar · falta procesar los insumos INEGI del estado,sin estimar · falta procesar los insumos INEGI del estado,sin estimar · falta procesar los insumos INEGI del estado,no aplica · AltScore solo en la ZM Mérida,no aplica · AltScore solo en la ZM Mérida,sin estimar · falta procesar los insumos INEGI del estado,sin estimar · falta procesar los insumos INEGI del estado,sin estimar · falta procesar los insumos INEGI del estado,sin estimar · falta procesar los insumos INEGI del estado,sin estimar · falta procesar los insumos INEGI del estado,sin estimar · falta procesar los insumos INEGI del estado,sin estimar · falta procesar los insumos INEGI del estado
CHEDRAUI PLAYA DEL CARMEN AMERICAS,20.64921,-87.08316,PLAYA DEL CARMEN QUINTANA,77710,Solidaridad (QROO),H,H,sí,Quintana Roo,89450a1b22bffff,0,23.4,31.8,22.5,13.3,6.2,2.8,no aplica,no aplica · AltScore solo en la ZM Mérida,no aplica · AltScore solo en la ZM Mérida,4.44,2.86,solo INEGI; H si ≥ media INEGI de nuestros PDV Tradicional (06),H,sí,H,sí
CHEDRAUI PLAYA DEL CARMEN VELAMAR,20.6704,-87.0598,PEDREGAL,77710,Solidaridad (QROO),H,H,sí,Quintana Roo,89450a196abffff,190,10.2,16.5,17.9,19.4,17.3,18.7,3.27,no aplica · AltScore solo en la ZM Mérida,no aplica · AltScore solo en la ZM Mérida,3.27,2.86,solo INEGI; H si ≥ media INEGI de nuestros PDV Tradicional (06),H,sí,H,sí
CHEDRAUI PUEBLA CRUZ DEL SUR,19.07422,-98.25763,ARCOS DE SANTA CRUZ,72150,Puebla (PUE),H,H,sí,Puebla,894994adc6bffff,534,16.7,18.8,15.7,13.7,11.1,24,3.44,no aplica · AltScore solo en la ZM Mérida,no aplica · AltScore solo en la ZM Mérida,3.44,2.86,solo INEGI; H si ≥ media INEGI de nuestros PDV Tradicional (06),H,sí,H,sí
CHEDRAUI PUEBLA CRYSTAL,19.02221,-98.21409,BLVD RESIDENCIALES,72440,Puebla (PUE),H,H,sí,Puebla,894994ad6a3ffff,410,22.5,24.2,19.4,15.9,8.7,9.4,4.08,no aplica · AltScore solo en la ZM Mérida,no aplica · AltScore solo en la ZM Mérida,4.08,2.86,solo INEGI; H si ≥ media INEGI de nuestros PDV Tradicional (06),H,sí,H,sí
CHEDRAUI QUERETARO CANDILES,20.54677,-100.39714,FRACC CAMINO REAL RESIDENCIAL VILLA CORREGIDORA,76900,Corregidora (QRO),H,H,sí,Querétaro,894983d8e47ffff,1227,24.1,29.1,20.8,13.9,7.1,5.1,4.34,no aplica · AltScore solo en la ZM Mérida,no aplica · AltScore solo en la ZM Mérida,4.34,2.86,solo INEGI; H si ≥ media INEGI de nuestros PDV Tradicional (06),H,sí,H,sí
CHEDRAUI QUERETARO PASEO,20.63295,-100.35501,LA PURISIMA,76146,Querétaro (QRO),H,L,no,Querétaro,894983cb1abffff,0,2.2,5.3,11.6,13.5,15.5,51.9,no aplica,no aplica · AltScore solo en la ZM Mérida,no aplica · AltScore solo en la ZM Mérida,2.1,2.86,solo INEGI; H si ≥ media INEGI de nuestros PDV Tradicional (06),L,no,L,no
CHEDRAUI SAN JUAN DEL RIO CENTRO,20.38845,-99.99108,CENTRO,76800,San Juan del Río (QRO),H,H,sí,Querétaro,89498206a23ffff,869,11.3,16.7,17.1,16.9,14.1,23.9,3.22,no aplica · AltScore solo en la ZM Mérida,no aplica · AltScore solo en la ZM Mérida,3.22,2.86,solo INEGI; H si ≥ media INEGI de nuestros PDV Tradicional (06),H,sí,H,sí
CHEDRAUI SELECTO CANCUN AMERICAS,21.14585,-86.82303,CENTRO,77500,Benito Juárez (QROO),H,H,sí,Quintana Roo,89450a6b66fffff,338,23.5,30.8,23.5,14.3,5.9,2.1,4.45,no aplica · AltScore solo en la ZM Mérida,no aplica · AltScore solo en la ZM Mérida,4.45,2.86,solo INEGI; H si ≥ media INEGI de nuestros PDV Tradicional (06),H,sí,H,sí
CHEDRAUI SELECTO MERIDA NORTE,21.03026,-89.63014,REVOLUCION,97110,Mérida (YUC),H,H,sí,Yucatán,894509b19c3ffff,22,18.4,19.8,17.3,15,11.6,17.9,3.65,12,3.16,3.53,2.88,(1 − 0.25) · INEGI + 0.25 · AltScore; H si ≥ media de nuestros PDV Tradicional (06),H,sí,H,sí
CHEDRAUI SELECTO MEXICO FORTUNA,19.48337,-99.13327,MAGDALENA DE LAS SALINAS,07760,Gustavo A. Madero (DF),H,L,no,Ciudad de México,894995b8347ffff,126,7.4,10.9,12.4,14.8,15.4,39.2,2.62,no aplica · AltScore solo en la ZM Mérida,no aplica · AltScore solo en la ZM Mérida,2.62,2.86,solo INEGI; H si ≥ media INEGI de nuestros PDV Tradicional (06),L,no,L,no
CHEDRAUI SELECTO MEXICO INTERLOMAS,19.4019,-99.26999,SFERNANDO LA HERRA,52760,Huixquilucan (MEX),H,H,sí,México,894995b024fffff,572,30.5,34.3,23,10.7,1.4,0.2,4.81,no aplica · AltScore solo en la ZM Mérida,no aplica · AltScore solo en la ZM Mérida,4.81,2.86,solo INEGI; H si ≥ media INEGI de nuestros PDV Tradicional (06),H,sí,H,sí
CHEDRAUI SELECTO MEXICO PEDREGAL,19.33482,-99.1983,LORETO Y CAMPAMENTO,01090,Coyoacán (DF),H,H,sí,Ciudad de México,894995848d7ffff,926,22.7,26.9,21,15.7,8.3,5.5,4.23,no aplica · AltScore solo en la ZM Mérida,no aplica · AltScore solo en la ZM Mérida,4.23,2.86,solo INEGI; H si ≥ media INEGI de nuestros PDV Tradicional (06),H,sí,H,sí
CHEDRAUI SELECTO MEXICO POLANCO,19.44056,-99.20627,IRRIGACION,11500,Miguel Hidalgo (DF),H,H,sí,Ciudad de México,894995bac6fffff,1637,26.8,31.2,21.2,13.2,5.2,2.3,4.54,no aplica · AltScore solo en la ZM Mérida,no aplica · AltScore solo en la ZM Mérida,4.54,2.86,solo INEGI; H si ≥ media INEGI de nuestros PDV Tradicional (06),H,sí,H,sí
CHEDRAUI SELECTO MEXICO SANTA FE,19.36033,-99.27462,LOMAS DE SANTA FE,01219,Cuajimalpa de Morelos (DF),H,H,sí,Ciudad de México,894995b33b7ffff,59,30.3,34.7,21.3,10.9,2.2,0.6,4.78,no aplica · AltScore solo en la ZM Mérida,no aplica · AltScore solo en la ZM Mérida,4.78,2.86,solo INEGI; H si ≥ media INEGI de nuestros PDV Tradicional (06),H,sí,H,sí
CHEDRAUI SELECTO MEXICO TECAMACHALCO,19.41134,-99.25095,LOMAS DE TECAMACHALCO,52780,Huixquilucan (MEX),H,H,sí,México,894995b1147ffff,478,27.1,31.7,23.9,13.1,3,1.2,4.63,no aplica · AltScore solo en la ZM Mérida,no aplica · AltScore solo en la ZM Mérida,4.63,2.86,solo INEGI; H si ≥ media INEGI de nuestros PDV Tradicional (06),H,sí,H,sí
CHEDRAUI SELECTO MEXICO TOREO,19.45414,-99.21904,LOMAS DE SOTELO,53390,Naucalpan de Juárez (MEX),H,H,sí,México,894995ba8afffff,215,20.2,27.3,22.6,16.4,8.1,5.4,4.19,no aplica · AltScore solo en la ZM Mérida,no aplica · AltScore solo en la ZM Mérida,4.19,2.86,solo INEGI; H si ≥ media INEGI de nuestros PDV Tradicional (06),H,sí,H,sí
CHEDRAUI SELECTO MEXICO UNIVERSIDAD,19.37354,-99.1624,SANTA CRUZ ATOYAC,03650,Benito Juárez (DF),H,H,sí,Ciudad de México,894995ba45bffff,1942,24.2,29.2,21.3,14.7,6.9,3.6,4.38,no aplica · AltScore solo en la ZM Mérida,no aplica · AltScore solo en la ZM Mérida,4.38,2.86,solo INEGI; H si ≥ media INEGI de nuestros PDV Tradicional (06),H,sí,H,sí
CHEDRAUI SELECTO PUEBLA ANGELOPOLIS,19.00607,-98.26696,JUNTA AUXILIAR SAN BERNARDINO,72820,San Andrés Cholula (PUE),H,H,sí,Puebla,894994ac6d3ffff,273,34.8,31.7,18.2,8.8,3.3,3.2,4.76,no aplica · AltScore solo en la ZM Mérida,no aplica · AltScore solo en la ZM Mérida,4.76,2.86,solo INEGI; H si ≥ media INEGI de nuestros PDV Tradicional (06),H,sí,H,sí
CHEDRAUI SELECTO QRO JURIQUILLA,20.69103,-100.44873,SANTA FE,76230,Querétaro (QRO),H,H,sí,Querétaro,894983ca96fffff,404,31.2,34.9,21.1,9.7,2.4,0.7,4.81,no aplica · AltScore solo en la ZM Mérida,no aplica · AltScore solo en la ZM Mérida,4.81,2.86,solo INEGI; H si ≥ media INEGI de nuestros PDV Tradicional (06),H,sí,H,sí
CHEDRAUI SELECTO XALAPA ANIMAS,19.52111,-96.88436,DOS VISTAS,91194,Xalapa (VER),H,H,sí,Veracruz de Ignacio de la Llave,89499604a67ffff,277,27,31,20.6,13.3,5.2,3,4.52,no aplica · AltScore solo en la ZM Mérida,no aplica · AltScore solo en la ZM Mérida,4.52,2.86,solo INEGI; H si ≥ media INEGI de nuestros PDV Tradicional (06),H,sí,H,sí
CHEDRAUI TUXTLA CRYSTAL,16.75354,-93.14961,CENTRO,29000,Tuxtla Gutiérrez (CHIS),H,H,sí,Chiapas,896d231a5cfffff,60,19.9,20.8,13.4,13.3,6.7,25.8,3.57,no aplica · AltScore solo en la ZM Mérida,no aplica · AltScore solo en la ZM Mérida,3.57,2.86,solo INEGI; H si ≥ media INEGI de nuestros PDV Tradicional (06),H,sí,H,sí
CHEDRAUI TUXTLA ORIENTE,16.75041,-93.09284,REAL DEL BOSQUE,29000,Tuxtla Gutiérrez (CHIS),H,H,sí,Chiapas,896d2311543ffff,381,20.2,24.1,16.7,12.8,9.8,16.4,3.83,no aplica · AltScore solo en la ZM Mérida,no aplica · AltScore solo en la ZM Mérida,3.83,2.86,solo INEGI; H si ≥ media INEGI de nuestros PDV Tradicional (06),H,sí,H,sí
CHEDRAUI VERACRUZ  AMERICAS,19.1397,-96.10718,COSTA VERDE,91870,Boca del Río (VER),H,H,sí,Veracruz de Ignacio de la Llave,896d34dac77ffff,250,19.3,25.1,19.6,15.8,9.4,10.9,3.96,no aplica · AltScore solo en la ZM Mérida,no aplica · AltScore solo en la ZM Mérida,3.96,2.86,solo INEGI; H si ≥ media INEGI de nuestros PDV Tradicional (06),H,sí,H,sí
CHEDRAUI VERACRUZ  FLORESTA,19.15976,-96.13357,FRACC FLORESTA,91700,Veracruz (VER),H,H,sí,Veracruz de Ignacio de la Llave,896d34da143ffff,382,14.6,20.5,17.8,17.1,12.8,17.2,3.55,no aplica · AltScore solo en la ZM Mérida,no aplica · AltScore solo en la ZM Mérida,3.55,2.86,solo INEGI; H si ≥ media INEGI de nuestros PDV Tradicional (06),H,sí,H,sí
CHEDRAUI XALAPA  MUSEO,19.54809,-96.93339,OBRERO CAMPESINA,91020,Xalapa (VER),H,H,sí,Veracruz de Ignacio de la Llave,89499631637ffff,864,12.7,18.1,16.9,17.6,14.5,20.1,3.36,no aplica · AltScore solo en la ZM Mérida,no aplica · AltScore solo en la ZM Mérida,3.36,2.86,solo INEGI; H si ≥ media INEGI de nuestros PDV Tradicional (06),H,sí,H,sí
CHEDRAUI XALAPA CRYSTAL,19.53805,-96.90634,FRANCISCO VILLA,91180,Xalapa (VER),H,H,sí,Veracruz de Ignacio de la Llave,8949963a593ffff,691,8.7,13.7,14.6,17.3,16.6,29.2,2.93,no aplica · AltScore solo en la ZM Mérida,no aplica · AltScore solo en la ZM Mérida,2.93,2.86,solo INEGI; H si ≥ media INEGI de nuestros PDV Tradicional (06),L,no,L,no
CITY MARKET ANTEA,20.673588,-100.437076,EL SALITRE,76127,Querétaro (QRO),H,sin estimar · sin hogares INEGI a 300 m de la tienda,sin estimar · sin hogares INEGI a 300 m de la tienda,Querétaro,894983ca82bffff,0,sin estimar · sin hogares INEGI a 300 m de la tienda,sin estimar · sin hogares INEGI a 300 m de la tienda,sin estimar · sin hogares INEGI a 300 m de la tienda,sin estimar · sin hogares INEGI a 300 m de la tienda,sin estimar · sin hogares INEGI a 300 m de la tienda,sin estimar · sin hogares INEGI a 300 m de la tienda,sin estimar · sin hogares INEGI a 300 m de la tienda,no aplica · AltScore solo en la ZM Mérida,no aplica · AltScore solo en la ZM Mérida,sin estimar · sin hogares INEGI a 300 m de la tienda,sin estimar · sin hogares INEGI a 300 m de la tienda,sin estimar · sin hogares INEGI a 300 m de la tienda,sin estimar · sin hogares INEGI a 300 m de la tienda,sin estimar · sin hogares INEGI a 300 m de la tienda,sin estimar · sin hogares INEGI a 300 m de la tienda,sin estimar · sin hogares INEGI a 300 m de la tienda
CITY MARKET INTERLOMAS,19.407256,-99.272366,SAN FERNANDO LA HERRADURA,52765,Huixquilucan (MEX),H,H,sí,México,894995b026bffff,1680,12,16.8,16.2,15.7,12.8,26.5,3.2,no aplica · AltScore solo en la ZM Mérida,no aplica · AltScore solo en la ZM Mérida,3.2,2.86,solo INEGI; H si ≥ media INEGI de nuestros PDV Tradicional (06),H,sí,H,sí
CITY MARKET LOMAS,19.418818,-99.214698,LOMAS DE CHAPULTEPEC,11000,Miguel Hidalgo (DF),H,H,sí,Ciudad de México,894995bac83ffff,249,27.2,28.6,20.8,15.1,5.6,2.7,4.48,no aplica · AltScore solo en la ZM Mérida,no aplica · AltScore solo en la ZM Mérida,4.48,2.86,solo INEGI; H si ≥ media INEGI de nuestros PDV Tradicional (06),H,sí,H,sí
CITY MARKET PILARES,19.378996,-99.169617,DEL VALLE,03100,Benito Juárez (DF),H,H,sí,Ciudad de México,894995ba447ffff,1968,24.4,29.3,21.4,14.7,6.6,3.6,4.4,no aplica · AltScore solo en la ZM Mérida,no aplica · AltScore solo en la ZM Mérida,4.4,2.86,solo INEGI; H si ≥ media INEGI de nuestros PDV Tradicional (06),H,sí,H,sí
CITY MARKET PLAZA CARSO,19.443028,-99.203178,GRANADA,11529,Miguel Hidalgo (DF),H,H,sí,Ciudad de México,894995ba8c3ffff,5404,26.6,31.2,20.7,13,5.4,3.1,4.51,no aplica · AltScore solo en la ZM Mérida,no aplica · AltScore solo en la ZM Mérida,4.51,2.86,solo INEGI; H si ≥ media INEGI de nuestros PDV Tradicional (06),H,sí,H,sí
CITY MARKET SAN JERONIMO,19.335544,-99.196052,LA OTRA BANDA,04510,Coyoacán (DF),H,H,sí,Ciudad de México,894995848c3ffff,390,22.3,26.8,21.1,15.8,8.5,5.4,4.22,no aplica · AltScore solo en la ZM Mérida,no aplica · AltScore solo en la ZM Mérida,4.22,2.86,solo INEGI; H si ≥ media INEGI de nuestros PDV Tradicional (06),H,sí,H,sí
CITY MARKET SANTA FE,19.358024,-99.272279,SANTA FE,01210,Cuajimalpa de Morelos (DF),H,H,sí,Ciudad de México,894995b33b3ffff,1510,30.3,34.7,21.3,10.9,2.2,0.6,4.78,no aplica · AltScore solo en la ZM Mérida,no aplica · AltScore solo en la ZM Mérida,4.78,2.86,solo INEGI; H si ≥ media INEGI de nuestros PDV Tradicional (06),H,sí,H,sí
CITY MARKET SOLESTA,19.033563,-98.236234,UNIDAD TERRITORAIL ATLIXCAYOTL ,72197,Puebla (PUE),H,H,sí,Puebla,894994ad0b7ffff,280,25.3,26.9,19.8,13.5,7.1,7.4,4.28,no aplica · AltScore solo en la ZM Mérida,no aplica · AltScore solo en la ZM Mérida,4.28,2.86,solo INEGI; H si ≥ media INEGI de nuestros PDV Tradicional (06),H,sí,H,sí
FRESKO LA HERRADURA,19.416821,-99.24874,LA HERRADURA,52784,Huixquilucan (MEX),H,H,sí,México,894995b13b7ffff,409,25.9,31.4,24.3,13.6,3.5,1.3,4.59,no aplica · AltScore solo en la ZM Mérida,no aplica · AltScore solo en la ZM Mérida,4.59,2.86,solo INEGI; H si ≥ media INEGI de nuestros PDV Tradicional (06),H,sí,H,sí
FRESKO MARKET TECAMACHALCO,19.421531,-99.23816,LOMAS DE TECAMACHALCO,53950,Naucalpan de Juárez (MEX),H,H,sí,México,894995b1307ffff,447,17.4,22.6,20.1,15.8,9.5,14.6,3.79,no aplica · AltScore solo en la ZM Mérida,no aplica · AltScore solo en la ZM Mérida,3.79,2.86,solo INEGI; H si ≥ media INEGI de nuestros PDV Tradicional (06),H,sí,H,sí
FRESKO MIGUEL ANGEL DE QUEVEDO,19.342825,-99.146598,PARQUE SAN ANDRÉS,04040,Coyoacán (DF),H,H,sí,Ciudad de México,89499585d4fffff,870,22,26.2,20.5,15.9,9,6.4,4.17,no aplica · AltScore solo en la ZM Mérida,no aplica · AltScore solo en la ZM Mérida,4.17,2.86,solo INEGI; H si ≥ media INEGI de nuestros PDV Tradicional (06),H,sí,H,sí
FRESKO PABELLON BOSQUES,19.38246,-99.267581,LOMAS DE VISTA HERMOSA,05100,Cuajimalpa de Morelos (DF),H,H,sí,Ciudad de México,894995b15bbffff,590,21.6,23.8,18.6,16.4,9.3,10.3,4.01,no aplica · AltScore solo en la ZM Mérida,no aplica · AltScore solo en la ZM Mérida,4.01,2.86,solo INEGI; H si ≥ media INEGI de nuestros PDV Tradicional (06),H,sí,H,sí
FRESKO SATELITE,19.50921,-99.2327,SATELITE,53100,Naucalpan de Juárez (MEX),H,H,sí,México,894995a32b3ffff,296,26.1,31,22.7,13.4,4.6,2.3,4.54,no aplica · AltScore solo en la ZM Mérida,no aplica · AltScore solo en la ZM Mérida,4.54,2.86,solo INEGI; H si ≥ media INEGI de nuestros PDV Tradicional (06),H,sí,H,sí
FRESKO VALLARTA,19.504214,-99.249567,CIUDAD SATELITE,53100,Naucalpan de Juárez (MEX),H,H,sí,México,894995a30abffff,652,23.6,30,23.3,14.1,4.9,4.1,4.41,no aplica · AltScore solo en la ZM Mérida,no aplica · AltScore solo en la ZM Mérida,4.41,2.86,solo INEGI; H si ≥ media INEGI de nuestros PDV Tradicional (06),H,sí,H,sí
HEB QRO EL MIRADOR,20.590744,-100.334203,RESIDENCIAL DEL PARQUE,76246,El Marqués (QRO),H,H,sí,Querétaro,894983cb413ffff,1138,28,33.2,20.5,10.4,3.8,4.2,4.59,no aplica · AltScore solo en la ZM Mérida,no aplica · AltScore solo en la ZM Mérida,4.59,2.86,solo INEGI; H si ≥ media INEGI de nuestros PDV Tradicional (06),H,sí,H,sí
HEB QRO EL REFUGIO,20.646202,-100.342642,EX HACIENDA,76269,El Marqués (QRO),H,H,sí,Querétaro,894983c86d3ffff,800,13.7,20,18.7,18.1,13,16.5,3.54,no aplica · AltScore solo en la ZM Mérida,no aplica · AltScore solo en la ZM Mérida,3.54,2.86,solo INEGI; H si ≥ media INEGI de nuestros PDV Tradicional (06),H,sí,H,sí
LA COMER ANGELOPOLIS,18.998424,-98.273659,LOMAS DE ANGELOPOLIS,72828,San Andrés Cholula (PUE),H,H,sí,Puebla,894994af10fffff,481,38.3,33.9,18.2,7.4,1.7,0.5,4.98,no aplica · AltScore solo en la ZM Mérida,no aplica · AltScore solo en la ZM Mérida,4.98,2.86,solo INEGI; H si ≥ media INEGI de nuestros PDV Tradicional (06),H,sí,H,sí
LA COMER City Market Rio Mayo,18.933577,-99.216653,VISTA HERMOSA,62290,Cuernavaca (MOR),H,H,sí,Morelos,8949b32c487ffff,145,23.6,23.2,17.3,13.6,8.8,13.5,3.99,no aplica · AltScore solo en la ZM Mérida,no aplica · AltScore solo en la ZM Mérida,3.99,2.86,solo INEGI; H si ≥ media INEGI de nuestros PDV Tradicional (06),H,sí,H,sí
LA COMER DEL VALLE,19.37515,-99.1673,DEL VALLE SUR,03104,Benito Juárez (DF),H,H,sí,Ciudad de México,894995ba457ffff,1477,23.6,28.6,21.3,15.3,7.2,4,4.34,no aplica · AltScore solo en la ZM Mérida,no aplica · AltScore solo en la ZM Mérida,4.34,2.86,solo INEGI; H si ≥ media INEGI de nuestros PDV Tradicional (06),H,sí,H,sí
LA COMER EL REFUGIO,20.642713,-100.345443,EL REFUGIO,76146,Querétaro (QRO),H,L,no,Querétaro,894983cb163ffff,61,11,13.4,13.6,12,11.8,38.2,2.85,no aplica · AltScore solo en la ZM Mérida,no aplica · AltScore solo en la ZM Mérida,2.85,2.86,solo INEGI; H si ≥ media INEGI de nuestros PDV Tradicional (06),L,no,L,no
LA COMER INSURGENTES,19.366415,-99.182271,SAN JOSE DE INSURGENTES,03900,Benito Juárez (DF),H,H,sí,Ciudad de México,894995ba497ffff,1154,25.2,30.1,21.5,14.3,5.8,3.1,4.45,no aplica · AltScore solo en la ZM Mérida,no aplica · AltScore solo en la ZM Mérida,4.45,2.86,solo INEGI; H si ≥ media INEGI de nuestros PDV Tradicional (06),H,sí,H,sí
LA COMER LAGO ALBERTO,19.438244,-99.179839,ANAHUAC,11260,Miguel Hidalgo (DF),H,H,sí,Ciudad de México,894995bae43ffff,1935,20.1,25.9,20.5,16,9.7,7.8,4.07,no aplica · AltScore solo en la ZM Mérida,no aplica · AltScore solo en la ZM Mérida,4.07,2.86,solo INEGI; H si ≥ media INEGI de nuestros PDV Tradicional (06),H,sí,H,sí
La Comer las Animas,19.045474,-98.233406,GALERIA LAS ANIMAS,72400,Puebla (PUE),H,H,sí,Puebla,894994ad027ffff,366,17.2,20.6,18,15.9,11.6,16.7,3.66,no aplica · AltScore solo en la ZM Mérida,no aplica · AltScore solo en la ZM Mérida,3.66,2.86,solo INEGI; H si ≥ media INEGI de nuestros PDV Tradicional (06),H,sí,H,sí
LACOMER BOSQUE ESMERALDA,19.548816,-99.287403,CONJUNTO URBANO BOSQUE ESMERALDA,52973,Atizapán de Zaragoza (MEX),H,H,sí,México,894995a0087ffff,424,29.3,34.4,23.5,10.9,1.6,0.3,4.78,no aplica · AltScore solo en la ZM Mérida,no aplica · AltScore solo en la ZM Mérida,4.78,2.86,solo INEGI; H si ≥ media INEGI de nuestros PDV Tradicional (06),H,sí,H,sí
LACOMER COYOACAN,19.345153,-99.171877,ROMERO DE TERREROS,44310,Coyoacán (DF),H,H,sí,Ciudad de México,89499584ac3ffff,784,23.3,26.9,20.9,15.8,8,5.1,4.26,no aplica · AltScore solo en la ZM Mérida,no aplica · AltScore solo en la ZM Mérida,4.26,2.86,solo INEGI; H si ≥ media INEGI de nuestros PDV Tradicional (06),H,sí,H,sí
LACOMER EL DORADO,19.551482,-99.209951,FRACC. EL DORADO,54020,Tlalnepantla de Baz (MEX),H,H,sí,México,894995a10c3ffff,642,20.4,28.7,24.4,16.3,6.6,3.6,4.29,no aplica · AltScore solo en la ZM Mérida,no aplica · AltScore solo en la ZM Mérida,4.29,2.86,solo INEGI; H si ≥ media INEGI de nuestros PDV Tradicional (06),H,sí,H,sí
LACOMER LOMAS ANAHUAC,19.399221,-99.276099,SAN FERNANDO HUIXQUILUCAN,52784,Huixquilucan (MEX),H,H,sí,México,894995b0257ffff,455,28.5,31.8,22.3,12.6,3.7,1,4.66,no aplica · AltScore solo en la ZM Mérida,no aplica · AltScore solo en la ZM Mérida,4.66,2.86,solo INEGI; H si ≥ media INEGI de nuestros PDV Tradicional (06),H,sí,H,sí
LACOMER OLIVAR,19.33488,-99.226845,SAN JOSE DEL OLIVAR,01770,Álvaro Obregón (DF),H,H,sí,Ciudad de México,89499584d07ffff,915,21.6,25.2,19.8,15.2,8.8,9.4,4.08,no aplica · AltScore solo en la ZM Mérida,no aplica · AltScore solo en la ZM Mérida,4.08,2.86,solo INEGI; H si ≥ media INEGI de nuestros PDV Tradicional (06),H,sí,H,sí
LACOMER PUEBLO NUEVO,20.54388,-100.430712,PUEBLO NUEVO,76148,Corregidora (QRO),H,H,sí,Querétaro,894983d8893ffff,340,22.5,26.4,21.2,14.5,7.8,7.6,4.19,no aplica · AltScore solo en la ZM Mérida,no aplica · AltScore solo en la ZM Mérida,4.19,2.86,solo INEGI; H si ≥ media INEGI de nuestros PDV Tradicional (06),H,sí,H,sí
LACOMER QRO ESTADIO,20.57876,-100.372593,CIMATARIO,76090,Querétaro (QRO),H,H,sí,Querétaro,894983d9947ffff,412,19.1,23.9,21.6,16.2,10.1,9.2,3.98,no aplica · AltScore solo en la ZM Mérida,no aplica · AltScore solo en la ZM Mérida,3.98,2.86,solo INEGI; H si ≥ media INEGI de nuestros PDV Tradicional (06),H,sí,H,sí
LACOMER QUERETARO ZARAGOZA,20.585764,-100.401514,CENTRO,76000,Querétaro (QRO),H,H,sí,Querétaro,894983ca48fffff,307,19.2,23.8,21.4,17.8,10.8,6.9,4.02,no aplica · AltScore solo en la ZM Mérida,no aplica · AltScore solo en la ZM Mérida,4.02,2.86,solo INEGI; H si ≥ media INEGI de nuestros PDV Tradicional (06),H,sí,H,sí
LACOMER SATELITE,19.497894,-99.237931,BOULEVARES,53100,Naucalpan de Juárez (MEX),H,H,sí,México,894995a30cbffff,422,24.5,30.7,23.3,14,4.7,2.8,4.48,no aplica · AltScore solo en la ZM Mérida,no aplica · AltScore solo en la ZM Mérida,4.48,2.86,solo INEGI; H si ≥ media INEGI de nuestros PDV Tradicional (06),H,sí,H,sí
LACOMER TLALPAN,19.289026,-99.179175,LA FAMA,14110,Tlalpan (DF),H,H,sí,Ciudad de México,8949958457bffff,1552,15.9,20.9,19.2,17.8,12.9,13.5,3.69,no aplica · AltScore solo en la ZM Mérida,no aplica · AltScore solo en la ZM Mérida,3.69,2.86,solo INEGI; H si ≥ media INEGI de nuestros PDV Tradicional (06),H,sí,H,sí
LACOMER VILLA COAPA,19.30496,-99.125934,FRACC. LOS GIRASOLES,14370,Coyoacán (DF),H,H,sí,Ciudad de México,89499585187ffff,1220,25.7,29.1,21.3,14,6.5,3.4,4.43,no aplica · AltScore solo en la ZM Mérida,no aplica · AltScore solo en la ZM Mérida,4.43,2.86,solo INEGI; H si ≥ media INEGI de nuestros PDV Tradicional (06),H,sí,H,sí
SORIANA COAPA,19.294691,-99.128922,MIGUEL HIDALGO,14390,Tlalpan (DF),H,H,sí,Ciudad de México,89499585537ffff,1580,17.6,22.7,19.4,16.9,11.9,11.5,3.83,no aplica · AltScore solo en la ZM Mérida,no aplica · AltScore solo en la ZM Mérida,3.83,2.86,solo INEGI; H si ≥ media INEGI de nuestros PDV Tradicional (06),H,sí,H,sí
SORIANA HIPERMERCADO ALTABRISA,21.019015,-89.584111,FRACC ALTABRISA,97130,Mérida (YUC),H,H,sí,Yucatán,894509badafffff,72,38.2,31.4,18.7,8.8,2.3,0.5,4.93,40,3.43,4.56,2.88,(1 − 0.25) · INEGI + 0.25 · AltScore; H si ≥ media de nuestros PDV Tradicional (06),H,sí,H,sí
SORIANA HIPERMERCADO ARAGON,19.499844,-99.044774,FRACC VALLE DE ARAGON,66050,Ecatepec de Morelos (MEX),H,H,sí,México,89499516c7bffff,843,13.2,21,21.9,20.2,12.8,10.9,3.69,no aplica · AltScore solo en la ZM Mérida,no aplica · AltScore solo en la ZM Mérida,3.69,2.86,solo INEGI; H si ≥ media INEGI de nuestros PDV Tradicional (06),H,sí,H,sí
SORIANA HIPERMERCADO BOCA DEL RIO,19.161104,-96.107588,FRACC SUTSEM,14510,Boca del Río (VER),H,H,sí,Veracruz de Ignacio de la Llave,896d34d127bffff,187,17.7,24.2,19.9,17.1,10.6,10.5,3.9,no aplica · AltScore solo en la ZM Mérida,no aplica · AltScore solo en la ZM Mérida,3.9,2.86,solo INEGI; H si ≥ media INEGI de nuestros PDV Tradicional (06),H,sí,H,sí
SORIANA HIPERMERCADO BUENA VISTA,19.448833,-99.152108,BUENA VISTA,06350,Cuauhtémoc (DF),H,H,sí,Ciudad de México,894995b854bffff,1360,13.2,19.2,19.6,19.4,15.1,13.5,3.55,no aplica · AltScore solo en la ZM Mérida,no aplica · AltScore solo en la ZM Mérida,3.55,2.86,solo INEGI; H si ≥ media INEGI de nuestros PDV Tradicional (06),H,sí,H,sí
SORIANA HIPERMERCADO CANCUN,21.15281,-86.845159,KABAH,64120,Benito Juárez (QROO),H,H,sí,Quintana Roo,89450a6b003ffff,514,20.4,29.3,23,15.9,7.7,3.6,4.28,no aplica · AltScore solo en la ZM Mérida,no aplica · AltScore solo en la ZM Mérida,4.28,2.86,solo INEGI; H si ≥ media INEGI de nuestros PDV Tradicional (06),H,sí,H,sí
SORIANA HIPERMERCADO CENTRO MAYA,20.618643,-87.097113,EJIDO,76040,Solidaridad (QROO),H,H,sí,Quintana Roo,89450a1b6b7ffff,45,12.4,19.1,20,13.8,6.8,28,3.32,no aplica · AltScore solo en la ZM Mérida,no aplica · AltScore solo en la ZM Mérida,3.32,2.86,solo INEGI; H si ≥ media INEGI de nuestros PDV Tradicional (06),H,sí,H,sí
SORIANA HIPERMERCADO ECHEGARAY,19.491466,-99.227165,BOSQUES DE ECHEGARAY,83148,Naucalpan de Juárez (MEX),H,H,sí,México,894995a3607ffff,630,25.2,30.9,23.5,13.9,4.2,2.2,4.52,no aplica · AltScore solo en la ZM Mérida,no aplica · AltScore solo en la ZM Mérida,4.52,2.86,solo INEGI; H si ≥ media INEGI de nuestros PDV Tradicional (06),H,sí,H,sí
SORIANA HIPERMERCADO IZTAPALAPA,19.349741,-99.074126,LOS ANGELES,26200,Iztapalapa (DF),H,H,sí,Ciudad de México,8949958e88fffff,1154,9.9,14.6,16.1,18.7,16.3,24.4,3.1,no aplica · AltScore solo en la ZM Mérida,no aplica · AltScore solo en la ZM Mérida,3.1,2.86,solo INEGI; H si ≥ media INEGI de nuestros PDV Tradicional (06),L,no,H,sí
SORIANA HIPERMERCADO LA VIGA,19.359972,-99.123676,MEXICALTZINGO,99070,Iztapalapa (DF),H,H,sí,Ciudad de México,89499585aa7ffff,1896,16.3,21.6,19.8,18.4,13.5,10.5,3.77,no aplica · AltScore solo en la ZM Mérida,no aplica · AltScore solo en la ZM Mérida,3.77,2.86,solo INEGI; H si ≥ media INEGI de nuestros PDV Tradicional (06),H,sí,H,sí
SORIANA HIPERMERCADO LA VILLA,19.46548,-99.125273,VALLEJO,88120,Gustavo A. Madero (DF),H,H,sí,Ciudad de México,894995b82abffff,1643,12.5,17.7,18.5,19.1,15.5,16.8,3.42,no aplica · AltScore solo en la ZM Mérida,no aplica · AltScore solo en la ZM Mérida,3.42,2.86,solo INEGI; H si ≥ media INEGI de nuestros PDV Tradicional (06),H,sí,H,sí
SORIANA HIPERMERCADO LOMAS VERDES,19.496184,-99.246907,LOMAS VERDES,32390,Naucalpan de Juárez (MEX),H,H,sí,México,894995a308bffff,630,21,28.3,24.1,15.9,6.7,4.2,4.28,no aplica · AltScore solo en la ZM Mérida,no aplica · AltScore solo en la ZM Mérida,4.28,2.86,solo INEGI; H si ≥ media INEGI de nuestros PDV Tradicional (06),H,sí,H,sí
SORIANA HIPERMERCADO MINATITLAN,17.995544,-94.540981,CUAUHTEMOC,83170,Minatitlán (VER),H,H,sí,Veracruz de Ignacio de la Llave,896d35aa553ffff,74,12.1,18.8,17.5,16.7,13.2,21.7,3.35,no aplica · AltScore solo en la ZM Mérida,no aplica · AltScore solo en la ZM Mérida,3.35,2.86,solo INEGI; H si ≥ media INEGI de nuestros PDV Tradicional (06),H,sí,H,sí
SORIANA HIPERMERCADO MIRAMONTES,19.321974,-99.131921,EXHACIENDA SAN ANTONIO COAPA,96520,Coyoacán (DF),H,H,sí,Ciudad de México,89499585ccfffff,795,22.3,26.6,20.6,15.1,8.5,6.8,4.19,no aplica · AltScore solo en la ZM Mérida,no aplica · AltScore solo en la ZM Mérida,4.19,2.86,solo INEGI; H si ≥ media INEGI de nuestros PDV Tradicional (06),H,sí,H,sí
SORIANA HIPERMERCADO MIXCOAC,19.384368,-99.188798,MIXCOAC,66367,Benito Juárez (DF),H,H,sí,Ciudad de México,894995ba5c3ffff,1842,20.9,27.1,21.1,16,8.9,5.9,4.18,no aplica · AltScore solo en la ZM Mérida,no aplica · AltScore solo en la ZM Mérida,4.18,2.86,solo INEGI; H si ≥ media INEGI de nuestros PDV Tradicional (06),H,sí,H,sí
SORIANA HIPERMERCADO Miyana,19.439494,-99.200168,NUEVA GRANADA,11520,Miguel Hidalgo (DF),H,H,sí,Ciudad de México,894995baea7ffff,1937,26.7,31.4,21.1,12.9,5.1,2.8,4.53,no aplica · AltScore solo en la ZM Mérida,no aplica · AltScore solo en la ZM Mérida,4.53,2.86,solo INEGI; H si ≥ media INEGI de nuestros PDV Tradicional (06),H,sí,H,sí
SORIANA HIPERMERCADO NICHUPTE,21.139888,-86.86741,sin colonia en Nielsen,55780,Benito Juárez (QROO),H,H,sí,Quintana Roo,89450a6b513ffff,1274,9.1,14.8,16.6,19.4,17.9,22.1,3.11,no aplica · AltScore solo en la ZM Mérida,no aplica · AltScore solo en la ZM Mérida,3.11,2.86,solo INEGI; H si ≥ media INEGI de nuestros PDV Tradicional (06),L,no,H,sí
SORIANA HIPERMERCADO OAXACA,17.04197,-96.715894,EX-HACIENDA CANDIANI,03310,Oaxaca de Juárez (OAX),H,sin estimar · falta procesar los insumos INEGI del estado,sin estimar · falta procesar los insumos INEGI del estado,Oaxaca,896d32aa83bffff,sin estimar · falta procesar los insumos INEGI del estado,sin estimar · falta procesar los insumos INEGI del estado,sin estimar · falta procesar los insumos INEGI del estado,sin estimar · falta procesar los insumos INEGI del estado,sin estimar · falta procesar los insumos INEGI del estado,sin estimar · falta procesar los insumos INEGI del estado,sin estimar · falta procesar los insumos INEGI del estado,sin estimar · falta procesar los insumos INEGI del estado,no aplica · AltScore solo en la ZM Mérida,no aplica · AltScore solo en la ZM Mérida,sin estimar · falta procesar los insumos INEGI del estado,sin estimar · falta procesar los insumos INEGI del estado,sin estimar · falta procesar los insumos INEGI del estado,sin estimar · falta procesar los insumos INEGI del estado,sin estimar · falta procesar los insumos INEGI del estado,sin estimar · falta procesar los insumos INEGI del estado,sin estimar · falta procesar los insumos INEGI del estado
SORIANA HIPERMERCADO PARQUE DELTA,19.40255,-99.154023,NARVARTE,03000,Benito Juárez (DF),H,H,sí,Ciudad de México,894995ba283ffff,2248,18.2,24.5,21.3,17.8,11,7.2,4,no aplica · AltScore solo en la ZM Mérida,no aplica · AltScore solo en la ZM Mérida,4,2.86,solo INEGI; H si ≥ media INEGI de nuestros PDV Tradicional (06),H,sí,H,sí
SORIANA HIPERMERCADO PERINORTE,19.602303,-99.192109,FRACC HACIENDAS DEL PARQUE,88620,Cuautitlán Izcalli (MEX),H,H,sí,México,894995aac2bffff,935,19.5,28.6,23.8,16.6,7.7,3.9,4.24,no aplica · AltScore solo en la ZM Mérida,no aplica · AltScore solo en la ZM Mérida,4.24,2.86,solo INEGI; H si ≥ media INEGI de nuestros PDV Tradicional (06),H,sí,H,sí
SORIANA HIPERMERCADO PLAZA CANTIL,19.329041,-99.153735,LOS REYES COYOACAN,87070,Coyoacán (DF),H,H,sí,Ciudad de México,89499585dd3ffff,1445,12,16.5,16.5,17.8,14.8,22.3,3.26,no aplica · AltScore solo en la ZM Mérida,no aplica · AltScore solo en la ZM Mérida,3.26,2.86,solo INEGI; H si ≥ media INEGI de nuestros PDV Tradicional (06),H,sí,H,sí
SORIANA HIPERMERCADO TACUBAYA,19.408939,-99.184399,SAN MIGUEL CHAPULTEPEC,25090,Miguel Hidalgo (DF),H,H,sí,Ciudad de México,894995ba1cbffff,1426,17.6,24,21.2,18.2,11.5,7.5,3.96,no aplica · AltScore solo en la ZM Mérida,no aplica · AltScore solo en la ZM Mérida,3.96,2.86,solo INEGI; H si ≥ media INEGI de nuestros PDV Tradicional (06),H,sí,H,sí
SORIANA HIPERMERCADO TLAXCALA,19.318376,-98.221293,OCOTLAN,03020,Tlaxcala (TLAX),H,H,sí,Tlaxcala,894994271cfffff,386,19.9,22,18.8,15.4,11.4,12.5,3.86,no aplica · AltScore solo en la ZM Mérida,no aplica · AltScore solo en la ZM Mérida,3.86,2.86,solo INEGI; H si ≥ media INEGI de nuestros PDV Tradicional (06),H,sí,H,sí
SORIANA HIPERMERCADO TUXTLA SOL,16.761643,-93.139349,1ERO DE MAYO,66200,Tuxtla Gutiérrez (CHIS),H,H,sí,Chiapas,896d23c4b2fffff,192,22.8,26.3,16.7,11.9,8.1,14.2,4.01,no aplica · AltScore solo en la ZM Mérida,no aplica · AltScore solo en la ZM Mérida,4.01,2.86,solo INEGI; H si ≥ media INEGI de nuestros PDV Tradicional (06),H,sí,H,sí
SORIANA MEGA MEGA ASTURIAS,19.408302,-99.132575,ASTURIAS,06850,Cuauhtémoc (DF),H,H,sí,Ciudad de México,894995bb197ffff,1263,13.4,18.5,18.4,18.7,15,16.1,3.48,no aplica · AltScore solo en la ZM Mérida,no aplica · AltScore solo en la ZM Mérida,3.48,2.86,solo INEGI; H si ≥ media INEGI de nuestros PDV Tradicional (06),H,sí,H,sí
SORIANA MEGA MEGA CALZADA LA VIGA,19.374808,-99.12343,RETONO,09440,Iztapalapa (DF),H,H,sí,Ciudad de México,89499585b47ffff,2039,15.6,20.3,18.3,17.1,12.5,16.2,3.61,no aplica · AltScore solo en la ZM Mérida,no aplica · AltScore solo en la ZM Mérida,3.61,2.86,solo INEGI; H si ≥ media INEGI de nuestros PDV Tradicional (06),H,sí,H,sí
SORIANA MEGA MEGA CANCUN KABAH,21.148762,-86.836289,BENITO JUAREZ,77500,Benito Juárez (QROO),H,H,sí,Quintana Roo,89450a6b053ffff,163,22.6,30.2,22.4,14.6,6.8,3.4,4.37,no aplica · AltScore solo en la ZM Mérida,no aplica · AltScore solo en la ZM Mérida,4.37,2.86,solo INEGI; H si ≥ media INEGI de nuestros PDV Tradicional (06),H,sí,H,sí
SORIANA MEGA MEGA COAPA,19.285605,-99.137806,AMSA,14380,Tlalpan (DF),H,H,sí,Ciudad de México,8949958467bffff,477,18.4,23.3,20,16.7,10.9,10.7,3.89,no aplica · AltScore solo en la ZM Mérida,no aplica · AltScore solo en la ZM Mérida,3.89,2.86,solo INEGI; H si ≥ media INEGI de nuestros PDV Tradicional (06),H,sí,H,sí
SORIANA MEGA MEGA DIVISION DEL NORTE,19.370111,-99.157685,NUEVA SANTA CRUZ ATOYAC,65196,Benito Juárez (DF),H,H,sí,Ciudad de México,8949958592bffff,770,21.9,27.3,21,15.8,8.6,5.5,4.22,no aplica · AltScore solo en la ZM Mérida,no aplica · AltScore solo en la ZM Mérida,4.22,2.86,solo INEGI; H si ≥ media INEGI de nuestros PDV Tradicional (06),H,sí,H,sí
SORIANA MEGA MEGA GRAN SUR,19.306815,-99.165225,EL PEDREGAL,04700,Coyoacán (DF),H,H,sí,Ciudad de México,89499584383ffff,1010,20.9,25.5,20.6,16.1,9.5,7.4,4.1,no aplica · AltScore solo en la ZM Mérida,no aplica · AltScore solo en la ZM Mérida,4.1,2.86,solo INEGI; H si ≥ media INEGI de nuestros PDV Tradicional (06),H,sí,H,sí
SORIANA MEGA MEGA IZCALLI,19.646674,-99.205992,CENTRO URBANO,54730,Cuautitlán Izcalli (MEX),H,H,sí,México,894995af68bffff,677,19,27.1,23.6,17,7.9,5.3,4.16,no aplica · AltScore solo en la ZM Mérida,no aplica · AltScore solo en la ZM Mérida,4.16,2.86,solo INEGI; H si ≥ media INEGI de nuestros PDV Tradicional (06),H,sí,H,sí
SORIANA MEGA MEGA LA SELVA,18.933078,-99.232425,LOMAS DE LA SELVA,62270,Cuernavaca (MOR),H,H,sí,Morelos,8949b32e30fffff,177,15.6,17.5,15.8,15.3,12.6,23.2,3.39,no aplica · AltScore solo en la ZM Mérida,no aplica · AltScore solo en la ZM Mérida,3.39,2.86,solo INEGI; H si ≥ media INEGI de nuestros PDV Tradicional (06),H,sí,H,sí
SORIANA MEGA MEGA LA VILLA TEPEYAC,19.490228,-99.118812,GUADALUPE TEPEYAC,07840,Gustavo A. Madero (DF),H,H,sí,Ciudad de México,894995b9c07ffff,574,14.5,18.6,17.3,16.4,12.9,20.4,3.44,no aplica · AltScore solo en la ZM Mérida,no aplica · AltScore solo en la ZM Mérida,3.44,2.86,solo INEGI; H si ≥ media INEGI de nuestros PDV Tradicional (06),H,sí,H,sí
SORIANA MEGA MEGA MIXCOAC REVOLUCION,19.379679,-99.186256,SAN JUAN,03730,Benito Juárez (DF),H,H,sí,Ciudad de México,894995ba5dbffff,1961,22.6,28.3,21.1,15.2,7.8,5,4.28,no aplica · AltScore solo en la ZM Mérida,no aplica · AltScore solo en la ZM Mérida,4.28,2.86,solo INEGI; H si ≥ media INEGI de nuestros PDV Tradicional (06),H,sí,H,sí
SORIANA MEGA MEGA MULTIPLAZA ARAGON,19.465054,-99.056904,FRACC. BOSQUES DE ARAGON,57170,Nezahualcóyotl (MEX),H,H,sí,México,894995b928fffff,446,15.5,21.7,19.6,16.1,11.1,16,3.66,no aplica · AltScore solo en la ZM Mérida,no aplica · AltScore solo en la ZM Mérida,3.66,2.86,solo INEGI; H si ≥ media INEGI de nuestros PDV Tradicional (06),H,sí,H,sí
SORIANA MEGA MEGA PILARES,19.376056,-99.163249,DEL VALLE,03001,Benito Juárez (DF),H,H,sí,Ciudad de México,894995ba45bffff,1942,24.2,29.2,21.3,14.7,6.9,3.6,4.38,no aplica · AltScore solo en la ZM Mérida,no aplica · AltScore solo en la ZM Mérida,4.38,2.86,solo INEGI; H si ≥ media INEGI de nuestros PDV Tradicional (06),H,sí,H,sí
SORIANA MEGA MEGA PLAZA DEL PARQUE,20.614018,-100.392278,PLAZAS DEL PARQUE,76169,Querétaro (QRO),H,H,sí,Querétaro,894983ca00bffff,136,25.8,30,21.9,13,6.4,3,4.47,no aplica · AltScore solo en la ZM Mérida,no aplica · AltScore solo en la ZM Mérida,4.47,2.86,solo INEGI; H si ≥ media INEGI de nuestros PDV Tradicional (06),H,sí,H,sí
SORIANA MEGA MEGA PUEBLA ANGELOPOLIS,19.028942,-98.235635,CONCEPCION BUENA VISTA,72430,San Andrés Cholula (PUE),H,L,no,Puebla,894994ad54bffff,181,9.9,10.1,10.4,10.3,3.7,55.6,2.46,no aplica · AltScore solo en la ZM Mérida,no aplica · AltScore solo en la ZM Mérida,2.46,2.86,solo INEGI; H si ≥ media INEGI de nuestros PDV Tradicional (06),L,no,L,no
SORIANA MEGA MEGA SAN MATEO,19.482768,-99.249378,SANTA CRUZ ACATLAN,53140,Naucalpan de Juárez (MEX),H,H,sí,México,894995a340fffff,28,14,19.6,19.4,17,12.2,17.8,3.53,no aplica · AltScore solo en la ZM Mérida,no aplica · AltScore solo en la ZM Mérida,3.53,2.86,solo INEGI; H si ≥ media INEGI de nuestros PDV Tradicional (06),H,sí,H,sí
SORIANA MEGA MEGA VILLAS DE LA HACIENDA,19.606,-99.228525,FRACC. VILLAS DE LA HACIENDA,52500,Atizapán de Zaragoza (MEX),H,H,sí,México,894995a1e63ffff,1560,17.6,24.6,21.6,17.1,10.3,8.9,3.95,no aplica · AltScore solo en la ZM Mérida,no aplica · AltScore solo en la ZM Mérida,3.95,2.86,solo INEGI; H si ≥ media INEGI de nuestros PDV Tradicional (06),H,sí,H,sí
SORIANA SUPER EUGENIA,19.386138,-99.163762,DEL VALLE,03100,Benito Juárez (DF),H,H,sí,Ciudad de México,894995ba6a7ffff,1738,25.5,29.9,20.9,13.9,6.3,3.6,4.44,no aplica · AltScore solo en la ZM Mérida,no aplica · AltScore solo en la ZM Mérida,4.44,2.86,solo INEGI; H si ≥ media INEGI de nuestros PDV Tradicional (06),H,sí,H,sí
SORIANA SUPER JARDINES DEL SUR,21.115675,-86.88105,JARDINES DEL SUR,77536,Benito Juárez (QROO),H,H,sí,Quintana Roo,89450a7994bffff,737,25.3,32.8,23.3,12.5,4.4,1.8,4.57,no aplica · AltScore solo en la ZM Mérida,no aplica · AltScore solo en la ZM Mérida,4.57,2.86,solo INEGI; H si ≥ media INEGI de nuestros PDV Tradicional (06),H,sí,H,sí
SUMESA OAXACA,19.417086,-99.168639,ROMA,06700,Cuauhtémoc (DF),H,H,sí,Ciudad de México,894995ba38bffff,929,18.3,25.4,21.9,17.7,10.2,6.5,4.04,no aplica · AltScore solo en la ZM Mérida,no aplica · AltScore solo en la ZM Mérida,4.04,2.86,solo INEGI; H si ≥ media INEGI de nuestros PDV Tradicional (06),H,sí,H,sí
SUPER CHEDRAUI CUERNAVACA ALTA TENSION,18.91965,-99.21864,CANTARRANAS,62448,Cuernavaca (MOR),H,H,sí,Morelos,8949b32e233ffff,611,19.5,22.9,18.5,15.7,11.5,11.9,3.88,no aplica · AltScore solo en la ZM Mérida,no aplica · AltScore solo en la ZM Mérida,3.88,2.86,solo INEGI; H si ≥ media INEGI de nuestros PDV Tradicional (06),H,sí,H,sí
SUPER CHEDRAUI MEX LAGO D GUADALUPE,19.6205,-99.23648,BOSQUES DEL LAGO,54766,Cuautitlán Izcalli (MEX),H,H,sí,México,894995a1aabffff,676,13.2,19.5,19.4,17.3,12.6,18,3.49,no aplica · AltScore solo en la ZM Mérida,no aplica · AltScore solo en la ZM Mérida,3.49,2.86,solo INEGI; H si ≥ media INEGI de nuestros PDV Tradicional (06),H,sí,H,sí
SUPER CHEDRAUI PUEBLA EXPLANADA,19.07206,-98.27777,ALVARO OBREGON,72760,San Pedro Cholula (PUE),H,H,sí,Puebla,894994addc3ffff,722,26.9,27.6,18.6,12.3,7.1,7.5,4.33,no aplica · AltScore solo en la ZM Mérida,no aplica · AltScore solo en la ZM Mérida,4.33,2.86,solo INEGI; H si ≥ media INEGI de nuestros PDV Tradicional (06),H,sí,H,sí
SUPER CHEDRAUI SELECTO CANCUN ZONA H,21.13575,-86.74817,ZONA HOTELERA,55780,Benito Juárez (QROO),H,H,sí,Quintana Roo,894519b5d9bffff,33,11.3,17.3,15.3,11.5,2.8,41.9,2.97,no aplica · AltScore solo en la ZM Mérida,no aplica · AltScore solo en la ZM Mérida,2.97,2.86,solo INEGI; H si ≥ media INEGI de nuestros PDV Tradicional (06),L,no,L,no
SUPER CHEDRAUI SELECTO INTERLOMAS,19.39295,-99.28198,HACIENDA DE LAS PALMAS,52763,Huixquilucan (MEX),H,H,sí,México,894995b028bffff,1151,11.4,15.4,15.5,15.2,13.4,29.2,3.09,no aplica · AltScore solo en la ZM Mérida,no aplica · AltScore solo en la ZM Mérida,3.09,2.86,solo INEGI; H si ≥ media INEGI de nuestros PDV Tradicional (06),L,no,H,sí
SUPER CHEDRAUI SELECTO JUAN PABLO II,19.16087,-96.11904,GALAXIA,94296,Boca del Río (VER),H,H,sí,Veracruz de Ignacio de la Llave,896d34da117ffff,904,13.6,18.8,16.7,16.3,12.6,22,3.38,no aplica · AltScore solo en la ZM Mérida,no aplica · AltScore solo en la ZM Mérida,3.38,2.86,solo INEGI; H si ≥ media INEGI de nuestros PDV Tradicional (06),H,sí,H,sí
SUPER CHEDRAUI SELECTO MERIDA MONTERREAL,21.02057,-89.59711,MONTERREAL ,97133,Mérida (YUC),H,H,sí,Yucatán,894509b1e67ffff,251,36.5,29.9,19.1,9.6,3.3,1.6,4.82,34,3.75,4.56,2.88,(1 − 0.25) · INEGI + 0.25 · AltScore; H si ≥ media de nuestros PDV Tradicional (06),H,sí,H,sí
SUPER CHEDRAUI SELECTO MEX. OCEANIA,19.44008,-99.09467,VENUSTIANO CARRANZA,15530,Venustiano Carranza (DF),H,H,sí,Ciudad de México,894995b95d3ffff,2302,12.7,18.1,18.1,18.2,14.7,18.1,3.42,no aplica · AltScore solo en la ZM Mérida,no aplica · AltScore solo en la ZM Mérida,3.42,2.86,solo INEGI; H si ≥ media INEGI de nuestros PDV Tradicional (06),H,sí,H,sí
SUPER CHEDRAUI SELECTO MEX. SAMARA,19.36759,-99.2591,ZEDEC SANTA FE,01260,Álvaro Obregón (DF),H,H,sí,Ciudad de México,894995b3373ffff,74,23.7,25.8,18.9,14.9,8.2,8.5,4.16,no aplica · AltScore solo en la ZM Mérida,no aplica · AltScore solo en la ZM Mérida,4.16,2.86,solo INEGI; H si ≥ media INEGI de nuestros PDV Tradicional (06),H,sí,H,sí
SUPER CHEDRAUI XAL. IGNACIO DE LA LLAVE,19.52819,-96.93409,SALUD,91070,Xalapa (VER),H,H,sí,Veracruz de Ignacio de la Llave,8949960492fffff,989,8.2,14,15.6,19.9,18.7,23.7,3.02,no aplica · AltScore solo en la ZM Mérida,no aplica · AltScore solo en la ZM Mérida,3.02,2.86,solo INEGI; H si ≥ media INEGI de nuestros PDV Tradicional (06),L,no,H,sí
WALMART EXPRESS - ACOXPA,19.29904,-99.13616,EX HACIENDA COAPA,14300,Tlalpan (DF),H,H,sí,Ciudad de México,894995842cfffff,588,24.1,28.1,21.2,14.5,7.1,4.9,4.33,no aplica · AltScore solo en la ZM Mérida,no aplica · AltScore solo en la ZM Mérida,4.33,2.86,solo INEGI; H si ≥ media INEGI de nuestros PDV Tradicional (06),H,sí,H,sí
WALMART EXPRESS - AVILA CAMACHO,18.93691,-99.24749,TLALTENANGO,62170,Cuernavaca (MOR),H,H,sí,Morelos,8949b32eec3ffff,363,18,21.3,17.6,15.4,11.4,16.2,3.7,no aplica · AltScore solo en la ZM Mérida,no aplica · AltScore solo en la ZM Mérida,3.7,2.86,solo INEGI; H si ≥ media INEGI de nuestros PDV Tradicional (06),H,sí,H,sí
WALMART EXPRESS - AXOMIATLA,19.34243,-99.24842,SAN ANTONIO TARANGO,01620,Álvaro Obregón (DF),H,H,sí,Ciudad de México,894995b328fffff,174,30.5,30.2,19.6,11.3,4.5,3.9,4.59,no aplica · AltScore solo en la ZM Mérida,no aplica · AltScore solo en la ZM Mérida,4.59,2.86,solo INEGI; H si ≥ media INEGI de nuestros PDV Tradicional (06),H,sí,H,sí
WALMART EXPRESS - BONAMPAK,21.15976,-86.82001,ZONA HOTELERA,77500,Benito Juárez (QROO),H,H,sí,Quintana Roo,89450a6b20bffff,114,16.4,29,23.5,17.5,9.5,4.1,4.13,no aplica · AltScore solo en la ZM Mérida,no aplica · AltScore solo en la ZM Mérida,4.13,2.86,solo INEGI; H si ≥ media INEGI de nuestros PDV Tradicional (06),H,sí,H,sí
WALMART EXPRESS - CALZADA DE LOS LEONES,19.35781,-99.19811,LOS ALPES,01010,Álvaro Obregón (DF),H,H,sí,Ciudad de México,89499584b9bffff,588,24.2,26.9,20,14.4,7.4,7.1,4.25,no aplica · AltScore solo en la ZM Mérida,no aplica · AltScore solo en la ZM Mérida,4.25,2.86,solo INEGI; H si ≥ media INEGI de nuestros PDV Tradicional (06),H,sí,H,sí
WALMART EXPRESS - CUBRE,21.11707,-86.84161,SUPERMANZANA 3,77500,Benito Juárez (QROO),H,H,sí,Quintana Roo,894519b69afffff,160,26.7,31.6,22.3,12.2,4.8,2.4,4.56,no aplica · AltScore solo en la ZM Mérida,no aplica · AltScore solo en la ZM Mérida,4.56,2.86,solo INEGI; H si ≥ media INEGI de nuestros PDV Tradicional (06),H,sí,H,sí
WALMART EXPRESS - ESMERALDA,19.55855,-99.29632,PLAZA DEL CONDADO,52930,Atizapán de Zaragoza (MEX),H,H,sí,México,894995a01d3ffff,151,30.1,33.9,23.2,10.8,1.6,0.4,4.79,no aplica · AltScore solo en la ZM Mérida,no aplica · AltScore solo en la ZM Mérida,4.79,2.86,solo INEGI; H si ≥ media INEGI de nuestros PDV Tradicional (06),H,sí,H,sí
WALMART EXPRESS - FTES DEL PEDREGAL,19.30522,-99.22103,FUENTES DEL PEDREGAL,14220,Tlalpan (DF),H,H,sí,Ciudad de México,89499586bcfffff,506,25.6,28.1,19.4,12.9,6.6,7.3,4.31,no aplica · AltScore solo en la ZM Mérida,no aplica · AltScore solo en la ZM Mérida,4.31,2.86,solo INEGI; H si ≥ media INEGI de nuestros PDV Tradicional (06),H,sí,H,sí
WALMART EXPRESS - GALERIAS,18.00076,-92.94765,GALAXIA TABASCO 2000,86035,Centro (TAB),H,H,sí,Tabasco,896d20c638bffff,170,28.2,29.9,18.9,12,6.2,4.8,4.47,no aplica · AltScore solo en la ZM Mérida,no aplica · AltScore solo en la ZM Mérida,4.47,2.86,solo INEGI; H si ≥ media INEGI de nuestros PDV Tradicional (06),H,sí,H,sí
WALMART EXPRESS - HOMERO,19.43492,-99.18584,CHAPULTEPEC MORALES,11570,Miguel Hidalgo (DF),H,H,sí,Ciudad de México,894995bae1bffff,1718,24.9,30.1,21.5,14.4,6,3,4.44,no aplica · AltScore solo en la ZM Mérida,no aplica · AltScore solo en la ZM Mérida,4.44,2.86,solo INEGI; H si ≥ media INEGI de nuestros PDV Tradicional (06),H,sí,H,sí
WALMART EXPRESS - HORACIO,19.43384,-99.18997,CHAPULTEPEC MORALES,11570,Miguel Hidalgo (DF),H,H,sí,Ciudad de México,894995bae13ffff,2368,25.4,30.3,21.4,14.1,5.8,2.9,4.47,no aplica · AltScore solo en la ZM Mérida,no aplica · AltScore solo en la ZM Mérida,4.47,2.86,solo INEGI; H si ≥ media INEGI de nuestros PDV Tradicional (06),H,sí,H,sí
WALMART EXPRESS - JARDINES,19.31831,-99.21105,JARDINES DEL PEDREGAL,01900,Álvaro Obregón (DF),H,H,sí,Ciudad de México,89499584cbbffff,176,33.9,30.8,19.7,11.3,3,1.4,4.77,no aplica · AltScore solo en la ZM Mérida,no aplica · AltScore solo en la ZM Mérida,4.77,2.86,solo INEGI; H si ≥ media INEGI de nuestros PDV Tradicional (06),H,sí,H,sí
WALMART EXPRESS - LINDAVISTA,19.49028,-99.13403,LINDAVISTA,07300,Gustavo A. Madero (DF),H,H,sí,Ciudad de México,894995b836fffff,869,22.6,25.9,20.4,15.3,8.7,7,4.17,no aplica · AltScore solo en la ZM Mérida,no aplica · AltScore solo en la ZM Mérida,4.17,2.86,solo INEGI; H si ≥ media INEGI de nuestros PDV Tradicional (06),H,sí,H,sí
WALMART EXPRESS - LOS MORALES,19.43384,-99.18996,CHAPULTEPEC MORALES,11510,Miguel Hidalgo (DF),H,H,sí,Ciudad de México,894995bae13ffff,2368,25.4,30.3,21.4,14.1,5.8,2.9,4.47,no aplica · AltScore solo en la ZM Mérida,no aplica · AltScore solo en la ZM Mérida,4.47,2.86,solo INEGI; H si ≥ media INEGI de nuestros PDV Tradicional (06),H,sí,H,sí
WALMART EXPRESS - MAYORAZGO,19.35943,-99.16805,XOCO,03339,Benito Juárez (DF),H,H,sí,Ciudad de México,894995859b7ffff,628,22.3,26.7,20,14.7,8.5,7.8,4.16,no aplica · AltScore solo en la ZM Mérida,no aplica · AltScore solo en la ZM Mérida,4.16,2.86,solo INEGI; H si ≥ media INEGI de nuestros PDV Tradicional (06),H,sí,H,sí
WALMART EXPRESS - NARVARTE,19.39316,-99.15417,NARVARTE,03020,Benito Juárez (DF),H,H,sí,Ciudad de México,894995ba62bffff,2441,19,25.1,21.2,17.3,10.5,6.8,4.04,no aplica · AltScore solo en la ZM Mérida,no aplica · AltScore solo en la ZM Mérida,4.04,2.86,solo INEGI; H si ≥ media INEGI de nuestros PDV Tradicional (06),H,sí,H,sí
WALMART EXPRESS - ORADORES,19.51989,-99.24628,JARDINES DE BELLAVISTA,54080,Tlalnepantla de Baz (MEX),H,H,sí,México,894995a3383ffff,1137,24.3,29.9,23,14.1,5.2,3.5,4.43,no aplica · AltScore solo en la ZM Mérida,no aplica · AltScore solo en la ZM Mérida,4.43,2.86,solo INEGI; H si ≥ media INEGI de nuestros PDV Tradicional (06),H,sí,H,sí
WALMART EXPRESS - PACHUCA,19.41523,-99.17817,CONDESA,06140,Cuauhtémoc (DF),H,H,sí,Ciudad de México,894995ba14bffff,1654,18.1,24.7,21.6,17.8,10.9,6.9,4.01,no aplica · AltScore solo en la ZM Mérida,no aplica · AltScore solo en la ZM Mérida,4.01,2.86,solo INEGI; H si ≥ media INEGI de nuestros PDV Tradicional (06),H,sí,H,sí
WALMART EXPRESS - PARQUES POLANCO,19.44064,-99.18381,GRANADA,11520,Miguel Hidalgo (DF),H,H,sí,Ciudad de México,894995bae47ffff,2351,21.2,27.2,20.9,15.5,8.8,6.2,4.18,no aplica · AltScore solo en la ZM Mérida,no aplica · AltScore solo en la ZM Mérida,4.18,2.86,solo INEGI; H si ≥ media INEGI de nuestros PDV Tradicional (06),H,sí,H,sí
WALMART EXPRESS - RIO CHURUBUSCO,19.35825,-99.15223,PORTALES,03300,Benito Juárez (DF),H,H,sí,Ciudad de México,894995859c7ffff,934,22.2,26.8,20.8,15.8,8.6,5.8,4.21,no aplica · AltScore solo en la ZM Mérida,no aplica · AltScore solo en la ZM Mérida,4.21,2.86,solo INEGI; H si ≥ media INEGI de nuestros PDV Tradicional (06),H,sí,H,sí
WALMART EXPRESS - SAN MATEO,19.48843,-99.24645,ANEXO COAMILCO,53240,Naucalpan de Juárez (MEX),H,H,sí,México,894995a3467ffff,863,25.5,31,22.8,13.4,4.5,2.8,4.51,no aplica · AltScore solo en la ZM Mérida,no aplica · AltScore solo en la ZM Mérida,4.51,2.86,solo INEGI; H si ≥ media INEGI de nuestros PDV Tradicional (06),H,sí,H,sí
WALMART EXPRESS - SANTA FE,19.35606,-99.27642,SANTA FE,05340,Cuajimalpa de Morelos (DF),H,H,sí,Ciudad de México,894995b314fffff,955,30.3,34.7,21.3,10.9,2.2,0.6,4.78,no aplica · AltScore solo en la ZM Mérida,no aplica · AltScore solo en la ZM Mérida,4.78,2.86,solo INEGI; H si ≥ media INEGI de nuestros PDV Tradicional (06),H,sí,H,sí
WALMART EXPRESS - SENA,19.43358,-99.16805,CUAUHTEMOC,06500,Cuauhtémoc (DF),H,H,sí,Ciudad de México,894995ba367ffff,2014,18.9,26,22.1,17.5,9.9,5.6,4.1,no aplica · AltScore solo en la ZM Mérida,no aplica · AltScore solo en la ZM Mérida,4.1,2.86,solo INEGI; H si ≥ media INEGI de nuestros PDV Tradicional (06),H,sí,H,sí
WALMART EXPRESS - SP DEL VALLE NORTE,19.39719,-99.16687,DEL VALLE,03100,Benito Juárez (DF),H,H,sí,Ciudad de México,894995ba0cfffff,2105,23.4,28.7,21.3,15.2,7.5,3.8,4.34,no aplica · AltScore solo en la ZM Mérida,no aplica · AltScore solo en la ZM Mérida,4.34,2.86,solo INEGI; H si ≥ media INEGI de nuestros PDV Tradicional (06),H,sí,H,sí
WALMART EXPRESS - WTC DAKOTA,19.39546,-99.17521,NAPOLES,03810,Benito Juárez (DF),H,H,sí,Ciudad de México,894995ba08fffff,3099,25.8,31.3,21.3,13.5,5.7,2.4,4.51,no aplica · AltScore solo en la ZM Mérida,no aplica · AltScore solo en la ZM Mérida,4.51,2.86,solo INEGI; H si ≥ media INEGI de nuestros PDV Tradicional (06),H,sí,H,sí
WALMART EXPRESS - ZAVALETA,19.04967,-98.24821,SANTA CRUZ BUENAVISTA,72170,Puebla (PUE),H,H,sí,Puebla,894994ad117ffff,422,29.6,28.8,19,11.6,5.4,5.7,4.49,no aplica · AltScore solo en la ZM Mérida,no aplica · AltScore solo en la ZM Mérida,4.49,2.86,solo INEGI; H si ≥ media INEGI de nuestros PDV Tradicional (06),H,sí,H,sí
WALMART SC - ALTABRISA,21.01149,-89.58352,VISTA ALEGRE,97138,Mérida (YUC),H,H,sí,Yucatán,894509bad87ffff,454,29.8,28.1,20.3,12.3,6.1,3.4,4.53,36,4.19,4.46,2.88,(1 − 0.25) · INEGI + 0.25 · AltScore; H si ≥ media de nuestros PDV Tradicional (06),H,sí,H,sí
WALMART SC - ANGELOPOLIS,19.02738,-98.23783,GEO VILLAS ATLIXCAYOTL,72197,San Andrés Cholula (PUE),H,L,no,Puebla,894994ad543ffff,87,11.5,11.6,11,10.3,3.8,51.7,2.62,no aplica · AltScore solo en la ZM Mérida,no aplica · AltScore solo en la ZM Mérida,2.62,2.86,solo INEGI; H si ≥ media INEGI de nuestros PDV Tradicional (06),L,no,L,no
WALMART SC - ARBOLEDAS,19.54714,-99.20903,CEBNTRO INDUSTRIAL TLALNEPANTLA,54030,Tlalnepantla de Baz (MEX),H,H,sí,México,894995a16a7ffff,42,21.5,29.4,24.2,16.1,6,2.8,4.36,no aplica · AltScore solo en la ZM Mérida,no aplica · AltScore solo en la ZM Mérida,4.36,2.86,solo INEGI; H si ≥ media INEGI de nuestros PDV Tradicional (06),H,sí,H,sí
WALMART SC - AV JESUS DEL MONTE,19.39887,-99.28883,GREEN HOUSE,52779,Huixquilucan (MEX),H,H,sí,México,894995b02a3ffff,189,24.6,30.2,23.7,14.2,4.6,2.6,4.48,no aplica · AltScore solo en la ZM Mérida,no aplica · AltScore solo en la ZM Mérida,4.48,2.86,solo INEGI; H si ≥ media INEGI de nuestros PDV Tradicional (06),H,sí,H,sí
WALMART SC - AVENIDA DEL JACAL,20.5743,-100.40915,SANTIAGO DE QUERETARO,76180,Querétaro (QRO),H,H,sí,Querétaro,894983d8a23ffff,142,23.4,28.2,23,14.4,6.4,4.5,4.34,no aplica · AltScore solo en la ZM Mérida,no aplica · AltScore solo en la ZM Mérida,4.34,2.86,solo INEGI; H si ≥ media INEGI de nuestros PDV Tradicional (06),H,sí,H,sí
WALMART SC - AVERANDA,18.93395,-99.19661,DELICIAS,62364,Cuernavaca (MOR),H,H,sí,Morelos,8949b32f123ffff,389,17.3,19.9,17.5,15.9,12,17.3,3.63,no aplica · AltScore solo en la ZM Mérida,no aplica · AltScore solo en la ZM Mérida,3.63,2.86,solo INEGI; H si ≥ media INEGI de nuestros PDV Tradicional (06),H,sí,H,sí
WALMART SC - AZCAPOTZALCO,19.47171,-99.19105,SANTA CRUZ ACAYUCAN,02770,Azcapotzalco (DF),H,H,sí,Ciudad de México,894995baa2fffff,855,14.4,20,19.1,18.2,13.5,14.9,3.59,no aplica · AltScore solo en la ZM Mérida,no aplica · AltScore solo en la ZM Mérida,3.59,2.86,solo INEGI; H si ≥ media INEGI de nuestros PDV Tradicional (06),H,sí,H,sí
WALMART SC - BALBUENA,19.41752,-99.10582,JARDIN BALBUENA,15900,Venustiano Carranza (DF),H,H,sí,Ciudad de México,894995bb393ffff,1578,19.1,23.8,20.6,17.3,11.3,7.9,3.98,no aplica · AltScore solo en la ZM Mérida,no aplica · AltScore solo en la ZM Mérida,3.98,2.86,solo INEGI; H si ≥ media INEGI de nuestros PDV Tradicional (06),H,sí,H,sí
WALMART SC - BARRANCA DEL MUERTO,19.36098,-99.19024,LOS ALPES,01010,Álvaro Obregón (DF),H,H,sí,Ciudad de México,89499584bcbffff,820,24.8,28.8,21.1,14.7,6.7,3.9,4.38,no aplica · AltScore solo en la ZM Mérida,no aplica · AltScore solo en la ZM Mérida,4.38,2.86,solo INEGI; H si ≥ media INEGI de nuestros PDV Tradicional (06),H,sí,H,sí
WALMART SC - BUENAVISTA,19.4438,-99.15337,GUERRERO,06300,Cuauhtémoc (DF),H,H,sí,Ciudad de México,894995b8427ffff,1109,11.1,17.1,18.8,19.6,16.1,17.4,3.35,no aplica · AltScore solo en la ZM Mérida,no aplica · AltScore solo en la ZM Mérida,3.35,2.86,solo INEGI; H si ≥ media INEGI de nuestros PDV Tradicional (06),H,sí,H,sí
WALMART SC - CANCUN,21.15441,-86.83351,SUPERMANZANA 21,77500,Benito Juárez (QROO),H,H,sí,Quintana Roo,89450a6b2b3ffff,120,12.5,21.5,19.3,19.5,14.9,12.3,3.6,no aplica · AltScore solo en la ZM Mérida,no aplica · AltScore solo en la ZM Mérida,3.6,2.86,solo INEGI; H si ≥ media INEGI de nuestros PDV Tradicional (06),H,sí,H,sí
WALMART SC - CIUDAD JUDICIAL,19.01763,-98.26335,sin colonia en Nielsen,72810,San Andrés Cholula (PUE),H,H,sí,Puebla,894994ac657ffff,336,21.7,26.2,20.3,14.1,9.5,8.3,4.12,no aplica · AltScore solo en la ZM Mérida,no aplica · AltScore solo en la ZM Mérida,4.12,2.86,solo INEGI; H si ≥ media INEGI de nuestros PDV Tradicional (06),H,sí,H,sí
WALMART SC - COPILCO,19.33826,-99.18419,OXTOPULCO,04318,Coyoacán (DF),H,H,sí,Ciudad de México,89499584e2bffff,2175,20.1,25.7,21.7,17.3,9.7,5.4,4.13,no aplica · AltScore solo en la ZM Mérida,no aplica · AltScore solo en la ZM Mérida,4.13,2.86,solo INEGI; H si ≥ media INEGI de nuestros PDV Tradicional (06),H,sí,H,sí
WALMART SC - CUEMANCO,19.29543,-99.10873,GRANJAS COAPA,14330,Tlalpan (DF),H,H,sí,Ciudad de México,894995850a3ffff,1167,22.7,26.6,20.8,15.3,8.8,5.8,4.22,no aplica · AltScore solo en la ZM Mérida,no aplica · AltScore solo en la ZM Mérida,4.22,2.86,solo INEGI; H si ≥ media INEGI de nuestros PDV Tradicional (06),H,sí,H,sí
WALMART SC - DOMINGUEZ DIEZ,18.95645,-99.23788,EMPLEADO,62250,Cuernavaca (MOR),H,H,sí,Morelos,8949b32c5afffff,290,18.7,21.7,18.3,16.2,11.5,13.5,3.79,no aplica · AltScore solo en la ZM Mérida,no aplica · AltScore solo en la ZM Mérida,3.79,2.86,solo INEGI; H si ≥ media INEGI de nuestros PDV Tradicional (06),H,sí,H,sí
WALMART SC - ECHEGARAY,19.48487,-99.23287,SANTA MARIA NATIVITAS,05320,Naucalpan de Juárez (MEX),H,H,sí,México,894995a36bbffff,574,18.8,25.1,22,16.8,9,8.3,4.03,no aplica · AltScore solo en la ZM Mérida,no aplica · AltScore solo en la ZM Mérida,4.03,2.86,solo INEGI; H si ≥ media INEGI de nuestros PDV Tradicional (06),H,sí,H,sí
WALMART SC - FELIX CUEVAS,19.3722,-99.17631,DEL VALLE,03100,Benito Juárez (DF),H,H,sí,Ciudad de México,894995ba413ffff,2019,21.7,27.2,21.3,16.3,8.6,4.8,4.23,no aplica · AltScore solo en la ZM Mérida,no aplica · AltScore solo en la ZM Mérida,4.23,2.86,solo INEGI; H si ≥ media INEGI de nuestros PDV Tradicional (06),H,sí,H,sí
WALMART SC - INTERLOMAS,19.40559,-99.27356,BOSQUES DE LAS PALMAS,52787,Huixquilucan (MEX),H,H,sí,México,894995b027bffff,1326,25.3,29.8,21.8,12.5,4.4,6.2,4.41,no aplica · AltScore solo en la ZM Mérida,no aplica · AltScore solo en la ZM Mérida,4.41,2.86,solo INEGI; H si ≥ media INEGI de nuestros PDV Tradicional (06),H,sí,H,sí
WALMART SC - JURIQUILLA,20.67631,-100.43273,SANTIAGO DE QUERETARO,76147,Querétaro (QRO),H,sin estimar · sin hogares INEGI a 300 m de la tienda,sin estimar · sin hogares INEGI a 300 m de la tienda,Querétaro,894983ca867ffff,0,sin estimar · sin hogares INEGI a 300 m de la tienda,sin estimar · sin hogares INEGI a 300 m de la tienda,sin estimar · sin hogares INEGI a 300 m de la tienda,sin estimar · sin hogares INEGI a 300 m de la tienda,sin estimar · sin hogares INEGI a 300 m de la tienda,sin estimar · sin hogares INEGI a 300 m de la tienda,sin estimar · sin hogares INEGI a 300 m de la tienda,no aplica · AltScore solo en la ZM Mérida,no aplica · AltScore solo en la ZM Mérida,sin estimar · sin hogares INEGI a 300 m de la tienda,sin estimar · sin hogares INEGI a 300 m de la tienda,sin estimar · sin hogares INEGI a 300 m de la tienda,sin estimar · sin hogares INEGI a 300 m de la tienda,sin estimar · sin hogares INEGI a 300 m de la tienda,sin estimar · sin hogares INEGI a 300 m de la tienda,sin estimar · sin hogares INEGI a 300 m de la tienda
WALMART SC - LAS AGUILAS,19.35332,-99.21535,LAS AGUILAS,01710,Álvaro Obregón (DF),H,H,sí,Ciudad de México,894995849cfffff,519,13.4,17,16.1,17,14.2,22.3,3.32,no aplica · AltScore solo en la ZM Mérida,no aplica · AltScore solo en la ZM Mérida,3.32,2.86,solo INEGI; H si ≥ media INEGI de nuestros PDV Tradicional (06),H,sí,H,sí
WALMART SC - LAS ALAMEDAS,19.55484,-99.24414,FRACCIONAMIENTO LAS ALAMEDAS,52970,Atizapán de Zaragoza (MEX),H,H,sí,México,894995a1533ffff,662,20.9,28.4,24.1,16,6.5,4,4.29,no aplica · AltScore solo en la ZM Mérida,no aplica · AltScore solo en la ZM Mérida,4.29,2.86,solo INEGI; H si ≥ media INEGI de nuestros PDV Tradicional (06),H,sí,H,sí
WALMART SC - LAS ANIMAS,19.04493,-98.23647,NUEVA ANTEQUERA,72180,Puebla (PUE),H,H,sí,Puebla,894994ad1cbffff,232,22.7,24.3,18.3,13.4,8.3,13,4.01,no aplica · AltScore solo en la ZM Mérida,no aplica · AltScore solo en la ZM Mérida,4.01,2.86,solo INEGI; H si ≥ media INEGI de nuestros PDV Tradicional (06),H,sí,H,sí
WALMART SC - LAS ANTENAS,19.31461,-99.07615,SAN ISIDRO,54730,Iztapalapa (DF),H,H,sí,Ciudad de México,8949958522bffff,1084,11.9,17.1,17.9,18.8,15.3,19,3.35,no aplica · AltScore solo en la ZM Mérida,no aplica · AltScore solo en la ZM Mérida,3.35,2.86,solo INEGI; H si ≥ media INEGI de nuestros PDV Tradicional (06),H,sí,H,sí
WALMART SC - LOMAS,19.45018,-99.21762,PERIODISTAS,11220,Miguel Hidalgo (DF),H,H,sí,Ciudad de México,894995ba8a3ffff,847,19,24.5,20.5,16.8,11.3,7.8,4,no aplica · AltScore solo en la ZM Mérida,no aplica · AltScore solo en la ZM Mérida,4,2.86,solo INEGI; H si ≥ media INEGI de nuestros PDV Tradicional (06),H,sí,H,sí
WALMART SC - LOMAS VERDES,19.5163,-99.26791,LOMAS VERDES VI SECCION ,53120,Naucalpan de Juárez (MEX),H,H,sí,México,894995a3117ffff,228,23.7,31.4,24.2,14.5,4.2,2.1,4.5,no aplica · AltScore solo en la ZM Mérida,no aplica · AltScore solo en la ZM Mérida,4.5,2.86,solo INEGI; H si ≥ media INEGI de nuestros PDV Tradicional (06),H,sí,H,sí
WALMART SC - MERIDA,20.98654,-89.6164,CENTRO,97000,Mérida (YUC),H,H,sí,Yucatán,894509b026bffff,28,22.2,21.3,19,16.9,11.8,8.9,3.99,60,2.94,3.74,2.88,(1 − 0.25) · INEGI + 0.25 · AltScore; H si ≥ media de nuestros PDV Tradicional (06),H,sí,H,sí
WALMART SC - MIRAMONTES,19.31797,-99.12546,LOS CIPRES,04890,Coyoacán (DF),H,H,sí,Ciudad de México,89499585137ffff,676,25.3,28.9,21.1,14,6.7,4,4.4,no aplica · AltScore solo en la ZM Mérida,no aplica · AltScore solo en la ZM Mérida,4.4,2.86,solo INEGI; H si ≥ media INEGI de nuestros PDV Tradicional (06),H,sí,H,sí
WALMART SC - NICHUPTE,21.14009,-86.8521,SM 51,77553,Benito Juárez (QROO),H,H,sí,Quintana Roo,89450a6b093ffff,710,20.9,28.8,22.2,15.3,8.2,4.5,4.25,no aplica · AltScore solo en la ZM Mérida,no aplica · AltScore solo en la ZM Mérida,4.25,2.86,solo INEGI; H si ≥ media INEGI de nuestros PDV Tradicional (06),H,sí,H,sí
WALMART SC - NORTE,21.03895,-89.60379,SAN RAMON NORTE,97117,Mérida (YUC),H,H,sí,Yucatán,894509b1bcbffff,10,21.7,21.1,17.7,12.5,8.4,18.6,3.79,14,4.56,4,2.88,(1 − 0.25) · INEGI + 0.25 · AltScore; H si ≥ media de nuestros PDV Tradicional (06),H,sí,H,sí
WALMART SC - PATIO SANTA FE,19.37757,-99.25398,sin colonia en Nielsen,01219,Álvaro Obregón (DF),H,H,sí,Ciudad de México,894995b15c3ffff,90,22.8,24.9,19,15.3,8.9,9.1,4.1,no aplica · AltScore solo en la ZM Mérida,no aplica · AltScore solo en la ZM Mérida,4.1,2.86,solo INEGI; H si ≥ media INEGI de nuestros PDV Tradicional (06),H,sí,H,sí
WALMART SC - PATIO TLALPAN,19.28481,-99.17647,STA URSULA XITLA,14420,Tlalpan (DF),H,H,sí,Ciudad de México,8949958454fffff,580,20.3,24.8,20.5,16.6,9.9,7.9,4.06,no aplica · AltScore solo en la ZM Mérida,no aplica · AltScore solo en la ZM Mérida,4.06,2.86,solo INEGI; H si ≥ media INEGI de nuestros PDV Tradicional (06),H,sí,H,sí
WALMART SC - PERIFERICO SUR,19.30636,-99.18729,INSURGENTES CUICULCO,04530,Coyoacán (DF),H,H,sí,Ciudad de México,89499584107ffff,132,35.5,33,19.5,9.3,1.9,0.7,4.89,no aplica · AltScore solo en la ZM Mérida,no aplica · AltScore solo en la ZM Mérida,4.89,2.86,solo INEGI; H si ≥ media INEGI de nuestros PDV Tradicional (06),H,sí,H,sí
WALMART SC - PETEMPICH,20.66939,-87.06338,PETEMPICH,77730,Solidaridad (QROO),H,H,sí,Quintana Roo,89450a196a3ffff,35,10.2,16.5,17.9,19.4,17.3,18.7,3.27,no aplica · AltScore solo en la ZM Mérida,no aplica · AltScore solo en la ZM Mérida,3.27,2.86,solo INEGI; H si ≥ media INEGI de nuestros PDV Tradicional (06),H,sí,H,sí
WALMART SC - PIRULES,19.54298,-99.21385,FRACCIONAMIENTO LOS PIRULES,54050,Tlalnepantla de Baz (MEX),H,H,sí,México,894995a1463ffff,588,18.3,26.1,23.2,17.1,8.4,6.9,4.08,no aplica · AltScore solo en la ZM Mérida,no aplica · AltScore solo en la ZM Mérida,4.08,2.86,solo INEGI; H si ≥ media INEGI de nuestros PDV Tradicional (06),H,sí,H,sí
WALMART SC - PLATEROS,19.36997,-99.19394,LOMAS DE PLATEROS ,01460,Álvaro Obregón (DF),H,H,sí,Ciudad de México,89499584b0bffff,1788,18.8,23.6,20.4,17.5,11.5,8.1,3.96,no aplica · AltScore solo en la ZM Mérida,no aplica · AltScore solo en la ZM Mérida,3.96,2.86,solo INEGI; H si ≥ media INEGI de nuestros PDV Tradicional (06),H,sí,H,sí
WALMART SC - POLIGONO SUR,21.12524,-86.87556,GRAN SANTA FE ll,77000,Benito Juárez (QROO),H,H,sí,Quintana Roo,89450a79b07ffff,714,24.8,32.8,23,12.8,4.6,2,4.54,no aplica · AltScore solo en la ZM Mérida,no aplica · AltScore solo en la ZM Mérida,4.54,2.86,solo INEGI; H si ≥ media INEGI de nuestros PDV Tradicional (06),H,sí,H,sí
WALMART SC - PORTAL CENTENARIO,19.36154,-99.22225,LA NACIONAL,01610,Álvaro Obregón (DF),H,H,sí,Ciudad de México,8949958493bffff,916,19,22.8,19.3,16.8,11.2,11,3.89,no aplica · AltScore solo en la ZM Mérida,no aplica · AltScore solo en la ZM Mérida,3.89,2.86,solo INEGI; H si ≥ media INEGI de nuestros PDV Tradicional (06),H,sí,H,sí
WALMART SC - PORTAL CENTRO,19.41966,-99.13026,TRANSITO,06820,Cuauhtémoc (DF),H,H,sí,Ciudad de México,894995bb1abffff,1942,9.4,15.1,17.7,20.1,17.5,20.2,3.18,no aplica · AltScore solo en la ZM Mérida,no aplica · AltScore solo en la ZM Mérida,3.18,2.86,solo INEGI; H si ≥ media INEGI de nuestros PDV Tradicional (06),H,sí,H,sí
WALMART SC - PUERTA TLATELOLCO,19.4562,-99.14209,SAN SIMÓN TOLNAHUAC,06920,Cuauhtémoc (DF),H,H,sí,Ciudad de México,894995b8003ffff,2994,13.2,19.2,19.3,19,15.1,14.3,3.54,no aplica · AltScore solo en la ZM Mérida,no aplica · AltScore solo en la ZM Mérida,3.54,2.86,solo INEGI; H si ≥ media INEGI de nuestros PDV Tradicional (06),H,sí,H,sí
WALMART SC - SATELITE,19.51568,-99.23108,CIUDAD SATELITE,53100,Naucalpan de Juárez (MEX),H,H,sí,México,894995a32afffff,372,23,29.8,23.7,15.1,5.4,3,4.41,no aplica · AltScore solo en la ZM Mérida,no aplica · AltScore solo en la ZM Mérida,4.41,2.86,solo INEGI; H si ≥ media INEGI de nuestros PDV Tradicional (06),H,sí,H,sí
WALMART SC - TAXQUEÄÅ¼Ë,19.34458,-99.1826,CHIMALISTAC,01070,Coyoacán (DF),H,H,sí,Ciudad de México,89499584a83ffff,509,26.4,28.9,20.7,14,6.6,3.5,4.44,no aplica · AltScore solo en la ZM Mérida,no aplica · AltScore solo en la ZM Mérida,4.44,2.86,solo INEGI; H si ≥ media INEGI de nuestros PDV Tradicional (06),H,sí,H,sí
WALMART SC - TLALPAN,19.38038,-99.14111,AMERICAS UNIDAS,03500,Benito Juárez (DF),H,H,sí,Ciudad de México,89499585b27ffff,2042,17.4,23.5,20.4,17.6,11.5,9.6,3.89,no aplica · AltScore solo en la ZM Mérida,no aplica · AltScore solo en la ZM Mérida,3.89,2.86,solo INEGI; H si ≥ media INEGI de nuestros PDV Tradicional (06),H,sí,H,sí
WALMART SC - TORRES LINDAVISTA,19.50633,-99.14347,COL NVA INDUSTRIAL VALLEJO,07700,Gustavo A. Madero (DF),H,H,sí,Ciudad de México,894995b9dafffff,197,21.4,26.5,22,17.5,7.8,4.8,4.22,no aplica · AltScore solo en la ZM Mérida,no aplica · AltScore solo en la ZM Mérida,4.22,2.86,solo INEGI; H si ≥ media INEGI de nuestros PDV Tradicional (06),H,sí,H,sí
WALMART SC - UNIVERSIDAD,19.3688,-99.16414,SANTA CRUZ ATOYAC,03310,Benito Juárez (DF),H,H,sí,Ciudad de México,89499585937ffff,1008,22.8,28.1,21,15.2,7.9,5,4.28,no aplica · AltScore solo en la ZM Mérida,no aplica · AltScore solo en la ZM Mérida,4.28,2.86,solo INEGI; H si ≥ media INEGI de nuestros PDV Tradicional (06),H,sí,H,sí
WALMART SC - VERACRUZ,19.15672,-96.11213,FRACCIONAMIENTO JARDINES DE VIRGINIA,94298,Boca del Río (VER),H,H,sí,Veracruz de Ignacio de la Llave,896d34da1a7ffff,171,24.3,29.6,21,14.7,6.5,3.8,4.39,no aplica · AltScore solo en la ZM Mérida,no aplica · AltScore solo en la ZM Mérida,4.39,2.86,solo INEGI; H si ≥ media INEGI de nuestros PDV Tradicional (06),H,sí,H,sí
WALMART SC - VILLA COAPA,19.29312,-99.12379,SAN BARTOLO EL CHICO,14390,Tlalpan (DF),H,H,sí,Ciudad de México,8949958553bffff,1569,18.6,23.8,20.2,17.2,11.7,8.4,3.95,no aplica · AltScore solo en la ZM Mérida,no aplica · AltScore solo en la ZM Mérida,3.95,2.86,solo INEGI; H si ≥ media INEGI de nuestros PDV Tradicional (06),H,sí,H,sí
BODEGA AURRERA - BONFIL,20.11248,-98.77393,FRACCIONAMIENTO EL PALMAR I,42088,Pachuca de Soto (HGO),H,H,sí,Hidalgo,89499564e83ffff,160,14.5,19,19.1,17,11.8,18.6,3.52,no aplica · AltScore solo en la ZM Mérida,no aplica · AltScore solo en la ZM Mérida,3.52,2.86,solo INEGI; H si ≥ media INEGI de nuestros PDV Tradicional (06),H,sí,H,sí
BODEGA AURRERA - CHETUMAL QUIN.ROO,18.51993,-88.31783,OBISPO II,77084,Othón P. Blanco (QROO),H,H,sí,Quintana Roo,894501b6347ffff,538,14.5,21.7,20.8,17.9,12.9,12.2,3.7,no aplica · AltScore solo en la ZM Mérida,no aplica · AltScore solo en la ZM Mérida,3.7,2.86,solo INEGI; H si ≥ media INEGI de nuestros PDV Tradicional (06),H,sí,H,sí
BODEGA AURRERA - CIUDAD DEL CARMEN,18.65552,-91.78264,SAN MIGUEL,24157,Carmen (CAMP),H,H,sí,Campeche,894574932a3ffff,525,22.3,24.6,18.5,14,9.6,10.9,4.03,no aplica · AltScore solo en la ZM Mérida,no aplica · AltScore solo en la ZM Mérida,4.03,2.86,solo INEGI; H si ≥ media INEGI de nuestros PDV Tradicional (06),H,sí,H,sí
BODEGA AURRERA - COFRADIAS,19.68632,-99.21496,EX HACIENDA SAN MIGUEL,54710,Cuautitlán Izcalli (MEX),H,H,sí,México,894995af3cfffff,756,14.6,21.3,20.7,17.7,12.2,13.5,3.68,no aplica · AltScore solo en la ZM Mérida,no aplica · AltScore solo en la ZM Mérida,3.68,2.86,solo INEGI; H si ≥ media INEGI de nuestros PDV Tradicional (06),H,sí,H,sí
BODEGA AURRERA - EL ALAMO,20.09648,-98.71678,EL PORTEZUELO,42330,Mineral de la Reforma (HGO),H,H,sí,Hidalgo,89499565187ffff,150,20.7,25.5,22.6,16.5,8.2,6.5,4.14,no aplica · AltScore solo en la ZM Mérida,no aplica · AltScore solo en la ZM Mérida,4.14,2.86,solo INEGI; H si ≥ media INEGI de nuestros PDV Tradicional (06),H,sí,H,sí
BODEGA AURRERA - FF CC HIDALGO,19.47172,-99.11492,ESTRELLA,07810,Gustavo A. Madero (DF),H,H,sí,Ciudad de México,894995b8273ffff,1073,18.8,23.9,20.1,16.7,11.2,9.3,3.94,no aplica · AltScore solo en la ZM Mérida,no aplica · AltScore solo en la ZM Mérida,3.94,2.86,solo INEGI; H si ≥ media INEGI de nuestros PDV Tradicional (06),H,sí,H,sí
BODEGA AURRERA - HEROES TECAMAC,19.61976,-99.02589,LOS HEROES TECAMAC,55760,Tecámac (MEX),H,H,sí,México,894995065b7ffff,1796,10.9,17.9,20.4,20.3,15.8,14.8,3.43,no aplica · AltScore solo en la ZM Mérida,no aplica · AltScore solo en la ZM Mérida,3.43,2.86,solo INEGI; H si ≥ media INEGI de nuestros PDV Tradicional (06),H,sí,H,sí
BODEGA AURRERA - INSURGENTES SUR,19.2893,-99.17289,TLALPAN CENTRO,14000,Tlalpan (DF),H,H,sí,Ciudad de México,894995840b3ffff,450,18.8,23.5,20.2,17,10.8,9.8,3.93,no aplica · AltScore solo en la ZM Mérida,no aplica · AltScore solo en la ZM Mérida,3.93,2.86,solo INEGI; H si ≥ media INEGI de nuestros PDV Tradicional (06),H,sí,H,sí
BODEGA AURRERA - IZTAPALAPA,19.35507,-99.10387,SANTA ISABEL INDUSTRIAL,09820,Iztapalapa (DF),H,H,sí,Ciudad de México,89499585a53ffff,1175,8.1,12.6,14.7,17.6,17.1,29.8,2.88,no aplica · AltScore solo en la ZM Mérida,no aplica · AltScore solo en la ZM Mérida,2.88,2.86,solo INEGI; H si ≥ media INEGI de nuestros PDV Tradicional (06),L,no,L,no
BODEGA AURRERA - LOMAS ESTRELLA,19.3211,-99.09271,LOMAS ESTRELLA,09850,Iztapalapa (DF),H,H,sí,Ciudad de México,8949958530bffff,843,20.1,24.6,20.4,16.3,10.3,8.3,4.03,no aplica · AltScore solo en la ZM Mérida,no aplica · AltScore solo en la ZM Mérida,4.03,2.86,solo INEGI; H si ≥ media INEGI de nuestros PDV Tradicional (06),H,sí,H,sí
BODEGA AURRERA - MELCHOR OCAMPO,19.67048,-99.17406,BARRIO TLALTEPAN,54800,Cuautitlán (MEX),H,H,sí,México,894995a8d7bffff,706,9.2,15.2,17.4,18.4,16,23.7,3.12,no aplica · AltScore solo en la ZM Mérida,no aplica · AltScore solo en la ZM Mérida,3.12,2.86,solo INEGI; H si ≥ media INEGI de nuestros PDV Tradicional (06),L,no,H,sí
BODEGA AURRERA - MERIDA MONTEJO,21.03132,-89.64031,XCUMPICH,97204,Mérida (YUC),H,H,sí,Yucatán,894509b1997ffff,482,23.7,25.3,20.8,14.1,8.8,7.3,4.19,47,3.93,4.14,2.88,(1 − 0.25) · INEGI + 0.25 · AltScore; H si ≥ media de nuestros PDV Tradicional (06),H,sí,H,sí
BODEGA AURRERA - PALOMAS,19.60981,-99.01788,LA VELETA,55000,Ecatepec de Morelos (MEX),H,H,sí,México,89499506593ffff,2581,8.1,13.8,17.1,18.9,17.5,24.5,3.03,no aplica · AltScore solo en la ZM Mérida,no aplica · AltScore solo en la ZM Mérida,3.03,2.86,solo INEGI; H si ≥ media INEGI de nuestros PDV Tradicional (06),L,no,H,sí
BODEGA AURRERA - PANTITLAN,19.40063,-99.06124,AGRICOLA PANTITLAN,08100,Iztacalco (DF),H,H,sí,Ciudad de México,8949958cd03ffff,1484,13.3,18.5,18.4,18.4,14.5,16.9,3.47,no aplica · AltScore solo en la ZM Mérida,no aplica · AltScore solo en la ZM Mérida,3.47,2.86,solo INEGI; H si ≥ media INEGI de nuestros PDV Tradicional (06),H,sí,H,sí
BODEGA AURRERA - PENAFLOR,20.64794,-100.47977,PEÑAFLOR,76132,Querétaro (QRO),H,H,sí,Querétaro,894983c1e0fffff,34,16.8,23.2,18.7,15.4,11.3,14.6,3.75,no aplica · AltScore solo en la ZM Mérida,no aplica · AltScore solo en la ZM Mérida,3.75,2.86,solo INEGI; H si ≥ media INEGI de nuestros PDV Tradicional (06),H,sí,H,sí
BODEGA AURRERA - PLAZA CHURUBUSCO,19.3809,-99.10245,IZTACALCO,08900,Iztacalco (DF),H,H,sí,Ciudad de México,894995bb457ffff,1340,11.9,17.3,18,18.9,15.5,18.5,3.36,no aplica · AltScore solo en la ZM Mérida,no aplica · AltScore solo en la ZM Mérida,3.36,2.86,solo INEGI; H si ≥ media INEGI de nuestros PDV Tradicional (06),H,sí,H,sí
BODEGA AURRERA - QUERETARO,20.58489,-100.38227,LAS ALAMEDAS,76040,Querétaro (QRO),H,H,sí,Querétaro,894983d992bffff,684,18.6,24.3,22.5,16.9,10.3,7.5,4.01,no aplica · AltScore solo en la ZM Mérida,no aplica · AltScore solo en la ZM Mérida,4.01,2.86,solo INEGI; H si ≥ media INEGI de nuestros PDV Tradicional (06),H,sí,H,sí
BODEGA AURRERA - SAN JUAN DEL RIO,20.39499,-99.98435,CENTRO,76800,San Juan del Río (QRO),H,H,sí,Querétaro,89498204c9bffff,211,15.6,21.3,18.9,15.7,11.5,16.9,3.63,no aplica · AltScore solo en la ZM Mérida,no aplica · AltScore solo en la ZM Mérida,3.63,2.86,solo INEGI; H si ≥ media INEGI de nuestros PDV Tradicional (06),H,sí,H,sí
BODEGA AURRERA - SAN PABLO,20.63388,-100.4048,SAN PABLO,76130,Querétaro (QRO),H,H,sí,Querétaro,894983ca3b3ffff,1001,14.3,19.1,18.6,18.7,13.3,16,3.55,no aplica · AltScore solo en la ZM Mérida,no aplica · AltScore solo en la ZM Mérida,3.55,2.86,solo INEGI; H si ≥ media INEGI de nuestros PDV Tradicional (06),H,sí,H,sí
BODEGA AURRERA - SANTA FE,19.38745,-99.22294,CUEVITAS,01220,Álvaro Obregón (DF),H,H,sí,Ciudad de México,894995b1623ffff,1367,20,24.2,19.7,16,10.5,9.5,3.99,no aplica · AltScore solo en la ZM Mérida,no aplica · AltScore solo en la ZM Mérida,3.99,2.86,solo INEGI; H si ≥ media INEGI de nuestros PDV Tradicional (06),H,sí,H,sí
BODEGA AURRERA - SANTA LUCIA,19.37922,-99.19967,ALFONSO XIII,01460,Álvaro Obregón (DF),H,H,sí,Ciudad de México,894995ba593ffff,1327,10.4,14.9,15.7,17.6,15.8,25.5,3.1,no aplica · AltScore solo en la ZM Mérida,no aplica · AltScore solo en la ZM Mérida,3.1,2.86,solo INEGI; H si ≥ media INEGI de nuestros PDV Tradicional (06),L,no,H,sí
BODEGA AURRERA - SANTA ROSA,17.09835,-96.74882,DEL MAESTRO,68010,Oaxaca de Juárez (OAX),H,sin estimar · falta procesar los insumos INEGI del estado,sin estimar · falta procesar los insumos INEGI del estado,Oaxaca,896d32aa017ffff,sin estimar · falta procesar los insumos INEGI del estado,sin estimar · falta procesar los insumos INEGI del estado,sin estimar · falta procesar los insumos INEGI del estado,sin estimar · falta procesar los insumos INEGI del estado,sin estimar · falta procesar los insumos INEGI del estado,sin estimar · falta procesar los insumos INEGI del estado,sin estimar · falta procesar los insumos INEGI del estado,sin estimar · falta procesar los insumos INEGI del estado,no aplica · AltScore solo en la ZM Mérida,no aplica · AltScore solo en la ZM Mérida,sin estimar · falta procesar los insumos INEGI del estado,sin estimar · falta procesar los insumos INEGI del estado,sin estimar · falta procesar los insumos INEGI del estado,sin estimar · falta procesar los insumos INEGI del estado,sin estimar · falta procesar los insumos INEGI del estado,sin estimar · falta procesar los insumos INEGI del estado,sin estimar · falta procesar los insumos INEGI del estado
BODEGA AURRERA - SUMIDERO,16.77404,-93.10084,LOS MANGUITOS,29010,Tuxtla Gutiérrez (CHIS),H,H,sí,Chiapas,896d231148bffff,734,16.6,20.5,15.5,13.3,11.6,22.4,3.5,no aplica · AltScore solo en la ZM Mérida,no aplica · AltScore solo en la ZM Mérida,3.5,2.86,solo INEGI; H si ≥ media INEGI de nuestros PDV Tradicional (06),H,sí,H,sí
BODEGA AURRERA - TINTERO,20.60652,-100.43379,FELIPE CARRILLO PUERTO,76138,Querétaro (QRO),H,H,sí,Querétaro,894983c12d3ffff,1286,14.7,20.4,19.8,18.6,13.4,13.1,3.65,no aplica · AltScore solo en la ZM Mérida,no aplica · AltScore solo en la ZM Mérida,3.65,2.86,solo INEGI; H si ≥ media INEGI de nuestros PDV Tradicional (06),H,sí,H,sí
BODEGA AURRERA - TLANEPANTLA,19.54167,-99.1901,FRACCIONAMIENTO LA ROMANA,54130,Tlalnepantla de Baz (MEX),H,H,sí,México,894995a16cfffff,592,9.3,15.5,17.7,18.9,15.7,22.9,3.15,no aplica · AltScore solo en la ZM Mérida,no aplica · AltScore solo en la ZM Mérida,3.15,2.86,solo INEGI; H si ≥ media INEGI de nuestros PDV Tradicional (06),L,no,H,sí
BODEGA AURRERA - TLAXCALA,19.32076,-98.23798,CENTRO,90000,Tlaxcala (TLAX),H,H,sí,Tlaxcala,894994271a3ffff,331,14.5,17.8,17.4,16.3,13.6,20.5,3.42,no aplica · AltScore solo en la ZM Mérida,no aplica · AltScore solo en la ZM Mérida,3.42,2.86,solo INEGI; H si ≥ media INEGI de nuestros PDV Tradicional (06),H,sí,H,sí
BODEGA AURRERA - VALLEJO,19.51813,-99.16373,FRACCIONAMIENTO INDUSTRIAL SAN PABLO XALPA,54090,Tlalnepantla de Baz (MEX),H,sin estimar · sin hogares INEGI a 300 m de la tienda,sin estimar · sin hogares INEGI a 300 m de la tienda,México,894995b8aabffff,0,sin estimar · sin hogares INEGI a 300 m de la tienda,sin estimar · sin hogares INEGI a 300 m de la tienda,sin estimar · sin hogares INEGI a 300 m de la tienda,sin estimar · sin hogares INEGI a 300 m de la tienda,sin estimar · sin hogares INEGI a 300 m de la tienda,sin estimar · sin hogares INEGI a 300 m de la tienda,sin estimar · sin hogares INEGI a 300 m de la tienda,no aplica · AltScore solo en la ZM Mérida,no aplica · AltScore solo en la ZM Mérida,sin estimar · sin hogares INEGI a 300 m de la tienda,sin estimar · sin hogares INEGI a 300 m de la tienda,sin estimar · sin hogares INEGI a 300 m de la tienda,sin estimar · sin hogares INEGI a 300 m de la tienda,sin estimar · sin hogares INEGI a 300 m de la tienda,sin estimar · sin hogares INEGI a 300 m de la tienda,sin estimar · sin hogares INEGI a 300 m de la tienda
BODEGA AURRERA - XOCHIMILCO,19.2677,-99.11729,POTRERO SAN BERNARDINO,16030,Xochimilco (DF),H,H,sí,Ciudad de México,89499587347ffff,817,18.1,22.7,19.5,16.5,11.2,12,3.84,no aplica · AltScore solo en la ZM Mérida,no aplica · AltScore solo en la ZM Mérida,3.84,2.86,solo INEGI; H si ≥ media INEGI de nuestros PDV Tradicional (06),H,sí,H,sí
BODEGA AURRERA - ZARAGOZA,19.39299,-99.05102,TEPALCATES,02210,Iztapalapa (DF),H,H,sí,Ciudad de México,8949958cc37ffff,1584,12.4,18.1,18.6,18.9,14.9,17.1,3.43,no aplica · AltScore solo en la ZM Mérida,no aplica · AltScore solo en la ZM Mérida,3.43,2.86,solo INEGI; H si ≥ media INEGI de nuestros PDV Tradicional (06),H,sí,H,sí
CHEDRAUI CHETUMAL INSURGENTES,18.52047,-88.32049,EMANCIPACION DE MEXICO,77084,Othón P. Blanco (QROO),H,H,sí,Quintana Roo,894501b630fffff,282,16.9,24.9,22.7,17.1,10.4,8,3.97,no aplica · AltScore solo en la ZM Mérida,no aplica · AltScore solo en la ZM Mérida,3.97,2.86,solo INEGI; H si ≥ media INEGI de nuestros PDV Tradicional (06),H,sí,H,sí
CHEDRAUI CIUDAD DEL CARMEN PALMIRAS,18.65654,-91.79253,FRACC PALMIRAS,24100,Carmen (CAMP),H,H,sí,Campeche,89457493067ffff,457,26.4,27.6,19,12.4,7,7.7,4.31,no aplica · AltScore solo en la ZM Mérida,no aplica · AltScore solo en la ZM Mérida,4.31,2.86,solo INEGI; H si ≥ media INEGI de nuestros PDV Tradicional (06),H,sí,H,sí
CHEDRAUI CUERNAVACA FLORES MAGON,18.92058,-99.19801,FLORES MAGON,62370,Cuernavaca (MOR),H,H,sí,Morelos,8949b32f187ffff,383,13.6,16.4,15.5,15.5,13.1,25.8,3.24,no aplica · AltScore solo en la ZM Mérida,no aplica · AltScore solo en la ZM Mérida,3.24,2.86,solo INEGI; H si ≥ media INEGI de nuestros PDV Tradicional (06),H,sí,H,sí
CHEDRAUI MEXICO AJUSCO,19.29949,-99.21247,HEROES DE PADIERNA,14200,Tlalpan (DF),H,H,sí,Ciudad de México,89499586a33ffff,21,36.8,33,19.2,8.8,1.7,0.5,4.93,no aplica · AltScore solo en la ZM Mérida,no aplica · AltScore solo en la ZM Mérida,4.93,2.86,solo INEGI; H si ≥ media INEGI de nuestros PDV Tradicional (06),H,sí,H,sí
CHEDRAUI SELECTO QUERETARO CENTRO SUR,20.61718,-100.40862,CENTRO SUR,76090,Querétaro (QRO),H,H,sí,Querétaro,894983ca1dbffff,315,22.8,27.7,21.2,14.1,7.7,6.5,4.24,no aplica · AltScore solo en la ZM Mérida,no aplica · AltScore solo en la ZM Mérida,4.24,2.86,solo INEGI; H si ≥ media INEGI de nuestros PDV Tradicional (06),H,sí,H,sí
CHEDRAUI SELECTO VILLA OLMECA,17.99529,-92.94325,TABASCO,92030,Centro (TAB),H,H,sí,Tabasco,896d20c63bbffff,272,19.6,23.2,16.9,14.2,10.6,15.4,3.81,no aplica · AltScore solo en la ZM Mérida,no aplica · AltScore solo en la ZM Mérida,3.81,2.86,solo INEGI; H si ≥ media INEGI de nuestros PDV Tradicional (06),H,sí,H,sí
CHEDRAUI VILLA CRYSTAL,17.9808,-92.93924,ATASTA DE SERRA,92030,Centro (TAB),H,H,sí,Tabasco,896d20c6e53ffff,167,12.1,17.1,15.9,16.1,14.5,24.3,3.23,no aplica · AltScore solo en la ZM Mérida,no aplica · AltScore solo en la ZM Mérida,3.23,2.86,solo INEGI; H si ≥ media INEGI de nuestros PDV Tradicional (06),H,sí,H,sí
CHEDRAUI VILLA TAMULTE,17.97524,-92.96314,TAMULTE DE LAS BARRANCAS,86150,Centro (TAB),H,L,no,Tabasco,896d20c4427ffff,1315,9.1,12.8,12.1,13.2,13.1,39.7,2.73,no aplica · AltScore solo en la ZM Mérida,no aplica · AltScore solo en la ZM Mérida,2.73,2.86,solo INEGI; H si ≥ media INEGI de nuestros PDV Tradicional (06),L,no,L,no
CHEDRAUI VILLAHERMOSA MINA,17.99827,-92.92094,CENTRO,86000,Centro (TAB),H,H,sí,Tabasco,896d20c6133ffff,403,13.7,17.6,14.4,13.6,11.4,29.1,3.21,no aplica · AltScore solo en la ZM Mérida,no aplica · AltScore solo en la ZM Mérida,3.21,2.86,solo INEGI; H si ≥ media INEGI de nuestros PDV Tradicional (06),H,sí,H,sí
HEB JURIQUILLA,20.693916,-100.43818,JURIQUILLA,76220,Querétaro (QRO),H,H,sí,Querétaro,894983cab33ffff,25,30.9,34.9,21.1,9.8,2.6,0.8,4.79,no aplica · AltScore solo en la ZM Mérida,no aplica · AltScore solo en la ZM Mérida,4.79,2.86,solo INEGI; H si ≥ media INEGI de nuestros PDV Tradicional (06),H,sí,H,sí
LA COMER JURQUILLA,20.719843,-100.447363,Jurica la Solana,06230,Querétaro (QRO),H,H,sí,Querétaro,894983cf2c7ffff,411,33.4,34.3,20.5,8.9,2.4,0.6,4.86,no aplica · AltScore solo en la ZM Mérida,no aplica · AltScore solo en la ZM Mérida,4.86,2.86,solo INEGI; H si ≥ media INEGI de nuestros PDV Tradicional (06),H,sí,H,sí
LA COMER TECNOLOGICO METEPEC,19.271759,-99.574463,SAN SALVADOR TIZATLANI,52172,Metepec (MEX),H,H,sí,México,894986451cfffff,288,21.4,27.6,23.2,15,7,5.7,4.24,no aplica · AltScore solo en la ZM Mérida,no aplica · AltScore solo en la ZM Mérida,4.24,2.86,solo INEGI; H si ≥ media INEGI de nuestros PDV Tradicional (06),H,sí,H,sí
SORIANA MEGA MEGA SAN JERONIMO,19.330334,-99.209171,SAN JERONIMO LIDICE,10200,Álvaro Obregón (DF),H,H,sí,Ciudad de México,89499584c2fffff,240,26.9,27.7,19.7,13.5,6.6,5.6,4.38,no aplica · AltScore solo en la ZM Mérida,no aplica · AltScore solo en la ZM Mérida,4.38,2.86,solo INEGI; H si ≥ media INEGI de nuestros PDV Tradicional (06),H,sí,H,sí
WALMART SC - 15 DE MAYO,19.07712,-98.22428,sin colonia en Nielsen,72000,Puebla (PUE),H,H,sí,Puebla,89499432d87ffff,145,20.3,22.9,17.9,14.2,10.2,14.6,3.85,no aplica · AltScore solo en la ZM Mérida,no aplica · AltScore solo en la ZM Mérida,3.85,2.86,solo INEGI; H si ≥ media INEGI de nuestros PDV Tradicional (06),H,sí,H,sí
WALMART SC - ACUEDUCTO GPE,19.53133,-99.15626,SANTIAGO ATEPETLAC,07200,Gustavo A. Madero (DF),H,H,sí,Ciudad de México,894995aa49bffff,1084,16.7,22.1,20.5,18,12.9,9.8,3.82,no aplica · AltScore solo en la ZM Mérida,no aplica · AltScore solo en la ZM Mérida,3.82,2.86,solo INEGI; H si ≥ media INEGI de nuestros PDV Tradicional (06),H,sí,H,sí
WALMART SC - AEROPUERTO,19.41977,-99.09388,FEDERAL,15700,Venustiano Carranza (DF),H,H,sí,Ciudad de México,894995bb3dbffff,666,12.4,17.8,17.9,18.1,14.6,19.2,3.38,no aplica · AltScore solo en la ZM Mérida,no aplica · AltScore solo en la ZM Mérida,3.38,2.86,solo INEGI; H si ≥ media INEGI de nuestros PDV Tradicional (06),H,sí,H,sí
WALMART SC - ALFREDO DEL MAZO,19.30791,-99.63436,JARDINES DE TLACOPA,50071,Toluca (MEX),H,H,sí,México,89498644ad3ffff,1043,17.7,26.2,22.8,17,9.3,7.1,4.05,no aplica · AltScore solo en la ZM Mérida,no aplica · AltScore solo en la ZM Mérida,4.05,2.86,solo INEGI; H si ≥ media INEGI de nuestros PDV Tradicional (06),H,sí,H,sí
WALMART SC - B.DOMINGUEZ,16.75331,-93.13622,FRACCIONAMIENTO LAS ARBOLEDAS,29030,Tuxtla Gutiérrez (CHIS),H,H,sí,Chiapas,896d231a5b3ffff,376,18.7,21.7,16.2,12.4,10.1,20.9,3.64,no aplica · AltScore solo en la ZM Mérida,no aplica · AltScore solo en la ZM Mérida,3.64,2.86,solo INEGI; H si ≥ media INEGI de nuestros PDV Tradicional (06),H,sí,H,sí
WALMART SC - CHILPANCINGO.,17.52593,-99.49006,CIUDAD DE LOS SERVICIOS,39075,Chilpancingo de los Bravo (GRO),H,H,sí,Guerrero,8949b0370cbffff,92,16.6,21.3,17.6,14.4,11.7,18.4,3.62,no aplica · AltScore solo en la ZM Mérida,no aplica · AltScore solo en la ZM Mérida,3.62,2.86,solo INEGI; H si ≥ media INEGI de nuestros PDV Tradicional (06),H,sí,H,sí
WALMART SC - COACALCO,19.63689,-99.09734,ZACUAUTITLA,55700,Coacalco de Berriozábal (MEX),H,H,sí,México,894995a8277ffff,755,13.8,20.8,21.1,19.2,13.1,12,3.67,no aplica · AltScore solo en la ZM Mérida,no aplica · AltScore solo en la ZM Mérida,3.67,2.86,solo INEGI; H si ≥ media INEGI de nuestros PDV Tradicional (06),H,sí,H,sí
WALMART SC - COFRADIA,19.68934,-99.22467,CLAUSTROS DE SAN MIGUEL,54715,Cuautitlán Izcalli (MEX),H,H,sí,México,894995af317ffff,1290,20,27.9,23.3,15.7,7.7,5.3,4.21,no aplica · AltScore solo en la ZM Mérida,no aplica · AltScore solo en la ZM Mérida,4.21,2.86,solo INEGI; H si ≥ media INEGI de nuestros PDV Tradicional (06),H,sí,H,sí
WALMART SC - CUAJIMALPA,19.36428,-99.28879,SAN JOSE DE LOS CEDROS,05210,Cuajimalpa de Morelos (DF),H,H,sí,Ciudad de México,894995b0693ffff,986,14.1,18.6,17.4,16.5,13.3,20,3.44,no aplica · AltScore solo en la ZM Mérida,no aplica · AltScore solo en la ZM Mérida,3.44,2.86,solo INEGI; H si ≥ media INEGI de nuestros PDV Tradicional (06),H,sí,H,sí
WALMART SC - CUITLAHUAC,19.47135,-99.16459,HOGAR Y SEGURIDAD,02820,Azcapotzalco (DF),H,H,sí,Ciudad de México,894995b8107ffff,1650,14.1,19.6,19.1,18.5,14.4,14.4,3.57,no aplica · AltScore solo en la ZM Mérida,no aplica · AltScore solo en la ZM Mérida,3.57,2.86,solo INEGI; H si ≥ media INEGI de nuestros PDV Tradicional (06),H,sí,H,sí
WALMART SC - EDUARDO MOLINA,19.47957,-99.09564,GRANJAS MODERNAS,07090,Gustavo A. Madero (DF),H,H,sí,Ciudad de México,894995b910fffff,2405,18.5,23.9,20.7,17.2,11.5,8.1,3.96,no aplica · AltScore solo en la ZM Mérida,no aplica · AltScore solo en la ZM Mérida,3.96,2.86,solo INEGI; H si ≥ media INEGI de nuestros PDV Tradicional (06),H,sí,H,sí
WALMART SC - EL ROSARIO,19.50284,-99.20297,TIERRA NUEVA,02430,Azcapotzalco (DF),H,H,sí,Ciudad de México,894995b8d0fffff,874,8.7,13.5,15.6,18.2,17.3,26.8,2.98,no aplica · AltScore solo en la ZM Mérida,no aplica · AltScore solo en la ZM Mérida,2.98,2.86,solo INEGI; H si ≥ media INEGI de nuestros PDV Tradicional (06),L,no,L,no
WALMART SC - IXTAPALUCA,19.58019,-99.02219,LAS AMERICAS,55459,Ecatepec de Morelos (MEX),H,H,sí,México,8949951483bffff,53,19.6,28.2,23.7,15.8,7.7,5,4.21,no aplica · AltScore solo en la ZM Mérida,no aplica · AltScore solo en la ZM Mérida,4.21,2.86,solo INEGI; H si ≥ media INEGI de nuestros PDV Tradicional (06),H,sí,H,sí
WALMART SC - LA CRUZ,20.6546,-87.08096,GALAXIA DEL CARMEN,77723,Solidaridad (QROO),H,H,sí,Quintana Roo,89450a19483ffff,802,11.8,19,18.6,17.8,14.9,17.9,3.41,no aplica · AltScore solo en la ZM Mérida,no aplica · AltScore solo en la ZM Mérida,3.41,2.86,solo INEGI; H si ≥ media INEGI de nuestros PDV Tradicional (06),H,sí,H,sí
WALMART SC - LOS PINOS ZARAGOZA,19.06824,-98.17463,C IND LA CIEN,72220,Puebla (PUE),H,H,sí,Puebla,89499432ed7ffff,244,9.7,13.5,14.6,15.7,14.7,31.9,2.92,no aplica · AltScore solo en la ZM Mérida,no aplica · AltScore solo en la ZM Mérida,2.92,2.86,solo INEGI; H si ≥ media INEGI de nuestros PDV Tradicional (06),L,no,L,no
WALMART SC - METEPEC,19.25833,-99.62305,LA PURISIMA,52840,Metepec (MEX),H,H,sí,México,8949864400bffff,106,23.4,30.4,24.5,14.5,4.8,2.5,4.46,no aplica · AltScore solo en la ZM Mérida,no aplica · AltScore solo en la ZM Mérida,4.46,2.86,solo INEGI; H si ≥ media INEGI de nuestros PDV Tradicional (06),H,sí,H,sí
WALMART SC - OJO DE AGUA,19.65923,-99.01844,sin colonia en Nielsen,55741,Tecámac (MEX),H,H,sí,México,89499506c43ffff,314,17.9,26.1,22.9,16.9,9.2,6.9,4.06,no aplica · AltScore solo en la ZM Mérida,no aplica · AltScore solo en la ZM Mérida,4.06,2.86,solo INEGI; H si ≥ media INEGI de nuestros PDV Tradicional (06),H,sí,H,sí
WALMART SC - PACHUCA HIDALGO,20.09324,-98.75986,EX HACIENDA COSCOTITLAN,42064,Pachuca de Soto (HGO),H,H,sí,Hidalgo,8949956402fffff,37,31.1,32.1,21.7,10.7,3.1,1.4,4.73,no aplica · AltScore solo en la ZM Mérida,no aplica · AltScore solo en la ZM Mérida,4.73,2.86,solo INEGI; H si ≥ media INEGI de nuestros PDV Tradicional (06),H,sí,H,sí
WALMART SC - PERIFERICO CUATITLAN,19.64696,-99.19442,PARQUE INDUSTRIAL CUAMATLA,54730,Cuautitlán Izcalli (MEX),H,H,sí,México,894995af6cbffff,225,20.5,28.5,23.9,16,7,3.9,4.28,no aplica · AltScore solo en la ZM Mérida,no aplica · AltScore solo en la ZM Mérida,4.28,2.86,solo INEGI; H si ≥ media INEGI de nuestros PDV Tradicional (06),H,sí,H,sí
WALMART SC - PERINORTE,19.60598,-99.18723,SAN MARTIN TEPETLIXPAN,54763,Cuautitlán Izcalli (MEX),H,L,no,México,894995aa89bffff,124,6.4,11.4,14.8,17.6,17.6,32.2,2.75,no aplica · AltScore solo en la ZM Mérida,no aplica · AltScore solo en la ZM Mérida,2.75,2.86,solo INEGI; H si ≥ media INEGI de nuestros PDV Tradicional (06),L,no,L,no
WALMART SC - PILARES,19.28515,-99.59137,sin colonia en Nielsen,52170,Metepec (MEX),H,H,sí,México,89498645ccfffff,759,12.7,18.9,19.5,17.8,13.3,17.7,3.47,no aplica · AltScore solo en la ZM Mérida,no aplica · AltScore solo en la ZM Mérida,3.47,2.86,solo INEGI; H si ≥ media INEGI de nuestros PDV Tradicional (06),H,sí,H,sí
WALMART SC - PLAZA DE TORO,20.57427,-100.40915,EL JACAL,76187,Querétaro (QRO),H,H,sí,Querétaro,894983d8a23ffff,142,23.4,28.2,23,14.4,6.4,4.5,4.34,no aplica · AltScore solo en la ZM Mérida,no aplica · AltScore solo en la ZM Mérida,4.34,2.86,solo INEGI; H si ≥ media INEGI de nuestros PDV Tradicional (06),H,sí,H,sí
WALMART SC - PLAZA DEL LAGO,19.6385,-99.22328,CENTRO,54700,Cuautitlán Izcalli (MEX),H,H,sí,México,894995af4c7ffff,613,18.9,26.4,23.2,17.1,8.7,5.8,4.12,no aplica · AltScore solo en la ZM Mérida,no aplica · AltScore solo en la ZM Mérida,4.12,2.86,solo INEGI; H si ≥ media INEGI de nuestros PDV Tradicional (06),H,sí,H,sí
WALMART SC - PLAZA ORIENTE,19.38378,-99.07981,DR ALFONSO ORTIZ TIRADO,09020,Iztapalapa (DF),H,H,sí,Ciudad de México,894995bb6c3ffff,248,19.5,24.6,20.6,16.5,10.1,8.6,4.01,no aplica · AltScore solo en la ZM Mérida,no aplica · AltScore solo en la ZM Mérida,4.01,2.86,solo INEGI; H si ≥ media INEGI de nuestros PDV Tradicional (06),H,sí,H,sí
WALMART SC - POLIGONOS,20.99795,-89.57597,FRACCIONAMIENTO ITZIMNA,97143,Mérida (YUC),H,H,sí,Yucatán,894509b1373ffff,468,31.4,28.5,20.3,12.2,5.2,2.4,4.61,14,3.37,4.31,2.88,(1 − 0.25) · INEGI + 0.25 · AltScore; H si ≥ media de nuestros PDV Tradicional (06),H,sí,H,sí
WALMART SC - PONIENTE QUERETARO,20.62797,-100.46513,EL CERRITO COLORADO COMEVI,76116,Querétaro (QRO),H,H,sí,Querétaro,894983c138fffff,508,17.9,23.5,20.6,17.1,11.2,9.7,3.91,no aplica · AltScore solo en la ZM Mérida,no aplica · AltScore solo en la ZM Mérida,3.91,2.86,solo INEGI; H si ≥ media INEGI de nuestros PDV Tradicional (06),H,sí,H,sí
WALMART SC - PORTAL TLALNEPANTLA,19.53608,-99.1875,SAN JAVIER,54030,Tlalnepantla de Baz (MEX),H,H,sí,México,894995a16dbffff,428,8.2,14,16.7,19,16.9,25.2,3.02,no aplica · AltScore solo en la ZM Mérida,no aplica · AltScore solo en la ZM Mérida,3.02,2.86,solo INEGI; H si ≥ media INEGI de nuestros PDV Tradicional (06),L,no,H,sí
WALMART SC - PUEBLITO,20.53906,-100.43533,EL PUEBLITO,76900,Corregidora (QRO),H,H,sí,Querétaro,894983d8c37ffff,418,16.3,21.1,19.3,16.2,11.3,15.8,3.67,no aplica · AltScore solo en la ZM Mérida,no aplica · AltScore solo en la ZM Mérida,3.67,2.86,solo INEGI; H si ≥ media INEGI de nuestros PDV Tradicional (06),H,sí,H,sí
WALMART SC - QUERETARO,20.61582,-100.39816,SAN PABLO TECNOLOGICO,76160,Querétaro (QRO),H,H,sí,Querétaro,894983ca007ffff,175,26.2,30,21.7,12.8,6.5,2.9,4.48,no aplica · AltScore solo en la ZM Mérida,no aplica · AltScore solo en la ZM Mérida,4.48,2.86,solo INEGI; H si ≥ media INEGI de nuestros PDV Tradicional (06),H,sí,H,sí
WALMART SC - REFORMA,19.05836,-98.22332,LA PAZ,72160,Puebla (PUE),H,H,sí,Puebla,894994ad317ffff,398,20.1,22.9,18.4,15.3,10.4,12.9,3.89,no aplica · AltScore solo en la ZM Mérida,no aplica · AltScore solo en la ZM Mérida,3.89,2.86,solo INEGI; H si ≥ media INEGI de nuestros PDV Tradicional (06),H,sí,H,sí
WALMART SC - SAN MANUEL,19.01991,-98.19842,SAN MANUEL,72570,Puebla (PUE),H,H,sí,Puebla,894994ad657ffff,535,17.4,20.4,18.1,16,11,17.1,3.66,no aplica · AltScore solo en la ZM Mérida,no aplica · AltScore solo en la ZM Mérida,3.66,2.86,solo INEGI; H si ≥ media INEGI de nuestros PDV Tradicional (06),H,sí,H,sí
WALMART SC - SAN MARCO IZCALLI,19.67142,-99.20461,JARDINES DE LA HACIENDA,54720,Cuautitlán Izcalli (MEX),H,H,sí,México,894995af28fffff,1123,11.7,18.3,20.7,19.9,14.6,14.9,3.48,no aplica · AltScore solo en la ZM Mérida,no aplica · AltScore solo en la ZM Mérida,3.48,2.86,solo INEGI; H si ≥ media INEGI de nuestros PDV Tradicional (06),H,sí,H,sí
WALMART SC - SANTA MARIA,19.63007,-99.1238,SAN FRANCISCO COACALCO,55712,Coacalco de Berriozábal (MEX),H,H,sí,México,894995a802bffff,322,12.6,18.7,19.7,18.4,14.2,16.4,3.48,no aplica · AltScore solo en la ZM Mérida,no aplica · AltScore solo en la ZM Mérida,3.48,2.86,solo INEGI; H si ≥ media INEGI de nuestros PDV Tradicional (06),H,sí,H,sí
WALMART SC - SANTIN,19.35188,-99.59124,SAN MATEO OTZACATIPAN,50200,Toluca (MEX),H,H,sí,México,8949867b58bffff,167,14.9,22.5,21.4,17.8,11.7,11.6,3.76,no aplica · AltScore solo en la ZM Mérida,no aplica · AltScore solo en la ZM Mérida,3.76,2.86,solo INEGI; H si ≥ media INEGI de nuestros PDV Tradicional (06),H,sí,H,sí
WALMART SC - TEPEYAC,19.47206,-99.1207,GUADALUPE TEPEYAC,07840,Gustavo A. Madero (DF),H,H,sí,Ciudad de México,894995b823bffff,1212,15.4,20.6,19.7,18.6,13.8,11.9,3.7,no aplica · AltScore solo en la ZM Mérida,no aplica · AltScore solo en la ZM Mérida,3.7,2.86,solo INEGI; H si ≥ media INEGI de nuestros PDV Tradicional (06),H,sí,H,sí
WALMART SC - TLAXCALA ESTADIO,19.32399,-98.22958,CENTRO,90000,Tlaxcala (TLAX),H,H,sí,Tlaxcala,89499427107ffff,263,15,18.7,18.1,16.7,13.6,17.9,3.51,no aplica · AltScore solo en la ZM Mérida,no aplica · AltScore solo en la ZM Mérida,3.51,2.86,solo INEGI; H si ≥ media INEGI de nuestros PDV Tradicional (06),H,sí,H,sí
WALMART SC - TOLUCA,19.2812,-99.63938,SECTOR PROGRESO,50150,Toluca (MEX),H,H,sí,México,8949864416fffff,175,12.8,19.5,20.1,18.9,13.8,14.9,3.54,no aplica · AltScore solo en la ZM Mérida,no aplica · AltScore solo en la ZM Mérida,3.54,2.86,solo INEGI; H si ≥ media INEGI de nuestros PDV Tradicional (06),H,sí,H,sí
WALMART SC - VILLAHERMOSA II,17.97934,-92.94021,10  DE MAYO,86190,Centro (TAB),H,H,sí,Tabasco,896d20c6e43ffff,114,11,16.4,15.9,16.6,15.4,24.8,3.17,no aplica · AltScore solo en la ZM Mérida,no aplica · AltScore solo en la ZM Mérida,3.17,2.86,solo INEGI; H si ≥ media INEGI de nuestros PDV Tradicional (06),L,no,H,sí
WALMART SC - XALAPA ARCO SUR,19.50905,-96.88187,RESERVA TERRITORIAL,91096,Xalapa (VER),H,H,sí,Veracruz de Ignacio de la Llave,89499604a1bffff,230,13.5,18,16.1,15.8,14.2,22.4,3.34,no aplica · AltScore solo en la ZM Mérida,no aplica · AltScore solo en la ZM Mérida,3.34,2.86,solo INEGI; H si ≥ media INEGI de nuestros PDV Tradicional (06),H,sí,H,sí
WALMART SC - ZINACANTEPEC,19.28758,-99.69937,OJUELOS,51350,Zinacantepec (MEX),H,H,sí,México,89498673653ffff,564,10.1,16.3,18,17.2,14.1,24.3,3.18,no aplica · AltScore solo en la ZM Mérida,no aplica · AltScore solo en la ZM Mérida,3.18,2.86,solo INEGI; H si ≥ media INEGI de nuestros PDV Tradicional (06),H,sí,H,sí
BODEGA AURRERA - AUR AZCAPOTZALCO,19.49385,-99.21478,PROVIDENCIA,02440,Azcapotzalco (DF),H,H,sí,Ciudad de México,894995a364fffff,777,10.7,15.5,16.3,17.7,15.5,24.3,3.15,no aplica · AltScore solo en la ZM Mérida,no aplica · AltScore solo en la ZM Mérida,3.15,2.86,solo INEGI; H si ≥ media INEGI de nuestros PDV Tradicional (06),L,no,H,sí
BODEGA AURRERA - CAMINO A TLACOTE,20.59,-100.42472,C.E.A,76010,Querétaro (QRO),H,H,sí,Querétaro,894983d8b2bffff,300,29.9,32.5,20.6,10.6,4.1,2.4,4.66,no aplica · AltScore solo en la ZM Mérida,no aplica · AltScore solo en la ZM Mérida,4.66,2.86,solo INEGI; H si ≥ media INEGI de nuestros PDV Tradicional (06),H,sí,H,sí
BODEGA AURRERA - CHUBURNA,20.99826,-89.62574,LAS AGUILAS,97134,Mérida (YUC),H,H,sí,Yucatán,894509b1cbbffff,405,25,25.2,20.6,14.2,8.4,6.6,4.25,37,2.81,3.9,2.88,(1 − 0.25) · INEGI + 0.25 · AltScore; H si ≥ media de nuestros PDV Tradicional (06),H,sí,H,sí
BODEGA AURRERA - COATZACOALCOS,18.14244,-94.47334,RANCHO ALEGRE,96558,Coatzacoalcos (VER),H,H,sí,Veracruz de Ignacio de la Llave,896d35b107bffff,140,14.9,21,17.9,16.5,12.6,17.1,3.58,no aplica · AltScore solo en la ZM Mérida,no aplica · AltScore solo en la ZM Mérida,3.58,2.86,solo INEGI; H si ≥ media INEGI de nuestros PDV Tradicional (06),H,sí,H,sí
BODEGA AURRERA - FLORES MAGON,19.4507,-99.14068,GUERRERO,06200,Cuauhtémoc (DF),H,H,sí,Ciudad de México,894995b80c7ffff,2423,13,18.6,18.9,19.1,15.5,14.9,3.5,no aplica · AltScore solo en la ZM Mérida,no aplica · AltScore solo en la ZM Mérida,3.5,2.86,solo INEGI; H si ≥ media INEGI de nuestros PDV Tradicional (06),H,sí,H,sí
BODEGA AURRERA - LOS HEROES MERIDA,20.98402,-89.54034,LOS HEROES,97309,Mérida (YUC),H,H,sí,Yucatán,894509ba113ffff,390,26.5,29.5,20.1,12.6,6.5,4.8,4.43,21,2.92,4.06,2.88,(1 − 0.25) · INEGI + 0.25 · AltScore; H si ≥ media de nuestros PDV Tradicional (06),H,sí,H,sí
BODEGA AURRERA - MATA DE PITA,19.13006,-96.17854,HACIENDA PARAISO,91698,Veracruz (VER),H,H,sí,Veracruz de Ignacio de la Llave,896d34d80d3ffff,581,8.9,14.4,14.6,15.3,14.5,32.3,2.91,no aplica · AltScore solo en la ZM Mérida,no aplica · AltScore solo en la ZM Mérida,2.91,2.86,solo INEGI; H si ≥ media INEGI de nuestros PDV Tradicional (06),L,no,L,no
BODEGA AURRERA - MATILDE,20.02763,-98.78774,JAGUEY DE TELLEZ,43840,Zempoala (HGO),H,H,sí,Hidalgo,89499566007ffff,814,12.3,15.8,16,15.4,12,28.6,3.15,no aplica · AltScore solo en la ZM Mérida,no aplica · AltScore solo en la ZM Mérida,3.15,2.86,solo INEGI; H si ≥ media INEGI de nuestros PDV Tradicional (06),L,no,H,sí
BODEGA AURRERA - NARANJOS,17.08014,-96.7116,REFORMA,68050,Oaxaca de Juárez (OAX),H,sin estimar · falta procesar los insumos INEGI del estado,sin estimar · falta procesar los insumos INEGI del estado,Oaxaca,896d32aac93ffff,sin estimar · falta procesar los insumos INEGI del estado,sin estimar · falta procesar los insumos INEGI del estado,sin estimar · falta procesar los insumos INEGI del estado,sin estimar · falta procesar los insumos INEGI del estado,sin estimar · falta procesar los insumos INEGI del estado,sin estimar · falta procesar los insumos INEGI del estado,sin estimar · falta procesar los insumos INEGI del estado,sin estimar · falta procesar los insumos INEGI del estado,no aplica · AltScore solo en la ZM Mérida,no aplica · AltScore solo en la ZM Mérida,sin estimar · falta procesar los insumos INEGI del estado,sin estimar · falta procesar los insumos INEGI del estado,sin estimar · falta procesar los insumos INEGI del estado,sin estimar · falta procesar los insumos INEGI del estado,sin estimar · falta procesar los insumos INEGI del estado,sin estimar · falta procesar los insumos INEGI del estado,sin estimar · falta procesar los insumos INEGI del estado
BODEGA AURRERA - PLAZA CUAUTITLAN,19.65017,-99.19868,ARCOS DEL ALBA,54750,Cuautitlán Izcalli (MEX),H,H,sí,México,894995af6cfffff,914,16.1,24,21.8,17.9,11,9.2,3.89,no aplica · AltScore solo en la ZM Mérida,no aplica · AltScore solo en la ZM Mérida,3.89,2.86,solo INEGI; H si ≥ media INEGI de nuestros PDV Tradicional (06),H,sí,H,sí
BODEGA AURRERA - PUEBLA SUR,18.98124,-98.21902,EX HACIENDA CHAPULCO,72490,Puebla (PUE),H,H,sí,Puebla,894994a8d37ffff,393,14.7,18.7,17.4,15.3,13,20.9,3.44,no aplica · AltScore solo en la ZM Mérida,no aplica · AltScore solo en la ZM Mérida,3.44,2.86,solo INEGI; H si ≥ media INEGI de nuestros PDV Tradicional (06),H,sí,H,sí
BODEGA AURRERA - SAN RAFAEL,19.43425,-99.16105,SAN RAFAEL,06470,Cuauhtémoc (DF),H,H,sí,Ciudad de México,894995ba36bffff,1351,16.2,23.3,21.5,18.7,12.3,8,3.88,no aplica · AltScore solo en la ZM Mérida,no aplica · AltScore solo en la ZM Mérida,3.88,2.86,solo INEGI; H si ≥ media INEGI de nuestros PDV Tradicional (06),H,sí,H,sí
BODEGA AURRERA - SAN SESTIAN TUTLA,17.04761,-96.69431,FRACCIONAMIENTO EL ROSARIO,68150,San Sebastián Tutla (OAX),H,sin estimar · falta procesar los insumos INEGI del estado,sin estimar · falta procesar los insumos INEGI del estado,Oaxaca,896d32aad2bffff,sin estimar · falta procesar los insumos INEGI del estado,sin estimar · falta procesar los insumos INEGI del estado,sin estimar · falta procesar los insumos INEGI del estado,sin estimar · falta procesar los insumos INEGI del estado,sin estimar · falta procesar los insumos INEGI del estado,sin estimar · falta procesar los insumos INEGI del estado,sin estimar · falta procesar los insumos INEGI del estado,sin estimar · falta procesar los insumos INEGI del estado,no aplica · AltScore solo en la ZM Mérida,no aplica · AltScore solo en la ZM Mérida,sin estimar · falta procesar los insumos INEGI del estado,sin estimar · falta procesar los insumos INEGI del estado,sin estimar · falta procesar los insumos INEGI del estado,sin estimar · falta procesar los insumos INEGI del estado,sin estimar · falta procesar los insumos INEGI del estado,sin estimar · falta procesar los insumos INEGI del estado,sin estimar · falta procesar los insumos INEGI del estado
CHEDRAUI MEXICO COACALCO,19.64501,-99.10829,SAN FRANCISCO,55712,Coacalco de Berriozábal (MEX),H,H,sí,México,894995a8343ffff,642,11.9,19.1,21.7,20.7,15.1,11.5,3.58,no aplica · AltScore solo en la ZM Mérida,no aplica · AltScore solo en la ZM Mérida,3.58,2.86,solo INEGI; H si ≥ media INEGI de nuestros PDV Tradicional (06),H,sí,H,sí
CHEDRAUI MEXICO HEROES DE TECAMAC,19.62587,-99.03554,HEROES DE TECAMAC,55764,Tecámac (MEX),H,H,sí,México,894995a9283ffff,2274,11.3,17.9,19.8,19.4,15.4,16.2,3.42,no aplica · AltScore solo en la ZM Mérida,no aplica · AltScore solo en la ZM Mérida,3.42,2.86,solo INEGI; H si ≥ media INEGI de nuestros PDV Tradicional (06),H,sí,H,sí
CHEDRAUI MEXICO VISTA NORTE,19.50185,-99.1211,ZACATENCO,07360,Gustavo A. Madero (DF),H,H,sí,Ciudad de México,894995b9c2fffff,539,14.5,19.8,18.5,16.8,12.6,17.8,3.53,no aplica · AltScore solo en la ZM Mérida,no aplica · AltScore solo en la ZM Mérida,3.53,2.86,solo INEGI; H si ≥ media INEGI de nuestros PDV Tradicional (06),H,sí,H,sí
CHEDRAUI PACHUCA TULIPANES,20.05695,-98.777,VILLAS DE PACHUCA,42083,Pachuca de Soto (HGO),H,H,sí,Hidalgo,89499566363ffff,434,16.6,21.3,20.9,17.9,11.6,11.7,3.78,no aplica · AltScore solo en la ZM Mérida,no aplica · AltScore solo en la ZM Mérida,3.78,2.86,solo INEGI; H si ≥ media INEGI de nuestros PDV Tradicional (06),H,sí,H,sí
CHEDRAUI PLAZA COACALCO,19.627,-99.08199,SAN LORENZO TETLIXTAC,55714,Coacalco de Berriozábal (MEX),H,H,sí,México,894995a952fffff,628,11.9,18.5,19.7,19.1,14.4,16.4,3.45,no aplica · AltScore solo en la ZM Mérida,no aplica · AltScore solo en la ZM Mérida,3.45,2.86,solo INEGI; H si ≥ media INEGI de nuestros PDV Tradicional (06),H,sí,H,sí
CHEDRAUI PUEBLA CAPU,19.07084,-98.20636,SAN FELIPE HUEYOTLIPAN,72010,Puebla (PUE),H,H,sí,Puebla,89499432cafffff,407,14,17.4,16.4,15.5,13.1,23.5,3.33,no aplica · AltScore solo en la ZM Mérida,no aplica · AltScore solo en la ZM Mérida,3.33,2.86,solo INEGI; H si ≥ media INEGI de nuestros PDV Tradicional (06),H,sí,H,sí
CHEDRAUI PUEBLA UPAEP,19.04819,-98.21439,BARRIO DE SANTIAGO,72000,Puebla (PUE),H,H,sí,Puebla,894994ad2a7ffff,381,13.3,17,16.9,17.5,13.7,21.6,3.34,no aplica · AltScore solo en la ZM Mérida,no aplica · AltScore solo en la ZM Mérida,3.34,2.86,solo INEGI; H si ≥ media INEGI de nuestros PDV Tradicional (06),H,sí,H,sí
CHEDRAUI QRO. BERNARDO QUINTANA,20.61722,-100.40844,SAN PABLO,76090,Querétaro (QRO),H,H,sí,Querétaro,894983ca1dbffff,315,22.8,27.7,21.2,14.1,7.7,6.5,4.24,no aplica · AltScore solo en la ZM Mérida,no aplica · AltScore solo en la ZM Mérida,4.24,2.86,solo INEGI; H si ≥ media INEGI de nuestros PDV Tradicional (06),H,sí,H,sí
CHEDRAUI SELECTO VILLAHERMOSA ALTABRISA,17.96694,-92.94046,JOSE MARIA PINO SUAREZ,86294,Centro (TAB),H,H,sí,Tabasco,896d20c45a7ffff,168,22.4,25.9,18.6,13.2,7.3,12.6,4.05,no aplica · AltScore solo en la ZM Mérida,no aplica · AltScore solo en la ZM Mérida,4.05,2.86,solo INEGI; H si ≥ media INEGI de nuestros PDV Tradicional (06),H,sí,H,sí
CHEDRAUI VERACRUZ  ALUMINIO,19.17606,-96.18928,NVO VERACRUZ,91726,Veracruz (VER),H,sin estimar · sin hogares INEGI a 300 m de la tienda,sin estimar · sin hogares INEGI a 300 m de la tienda,Veracruz de Ignacio de la Llave,896d34db573ffff,0,sin estimar · sin hogares INEGI a 300 m de la tienda,sin estimar · sin hogares INEGI a 300 m de la tienda,sin estimar · sin hogares INEGI a 300 m de la tienda,sin estimar · sin hogares INEGI a 300 m de la tienda,sin estimar · sin hogares INEGI a 300 m de la tienda,sin estimar · sin hogares INEGI a 300 m de la tienda,sin estimar · sin hogares INEGI a 300 m de la tienda,no aplica · AltScore solo en la ZM Mérida,no aplica · AltScore solo en la ZM Mérida,sin estimar · sin hogares INEGI a 300 m de la tienda,sin estimar · sin hogares INEGI a 300 m de la tienda,sin estimar · sin hogares INEGI a 300 m de la tienda,sin estimar · sin hogares INEGI a 300 m de la tienda,sin estimar · sin hogares INEGI a 300 m de la tienda,sin estimar · sin hogares INEGI a 300 m de la tienda,sin estimar · sin hogares INEGI a 300 m de la tienda
FRESKO CUERNAVACA,18.932425,-99.229323,VISTA HERMOSA,62270,Cuernavaca (MOR),H,L,no,Morelos,8949b32e30bffff,757,3.6,5.2,7.4,11,14.6,58.1,1.98,no aplica · AltScore solo en la ZM Mérida,no aplica · AltScore solo en la ZM Mérida,1.98,2.86,solo INEGI; H si ≥ media INEGI de nuestros PDV Tradicional (06),L,no,L,no
FRESKO JESUS DEL MONTE,19.388863,-99.293323,JESUS DEL MONTE,52760,Huixquilucan (MEX),H,H,sí,México,894995b0053ffff,515,24.6,29.9,23.6,14,4.8,2.9,4.47,no aplica · AltScore solo en la ZM Mérida,no aplica · AltScore solo en la ZM Mérida,4.47,2.86,solo INEGI; H si ≥ media INEGI de nuestros PDV Tradicional (06),H,sí,H,sí
FRESKO JURIQUILLA,20.705977,-100.444002,RESIDENCIAL CALETTO,76230,Querétaro (QRO),H,H,sí,Querétaro,894983cf647ffff,286,29.2,32.8,21.4,10.9,3.8,1.8,4.67,no aplica · AltScore solo en la ZM Mérida,no aplica · AltScore solo en la ZM Mérida,4.67,2.86,solo INEGI; H si ≥ media INEGI de nuestros PDV Tradicional (06),H,sí,H,sí
LA COMER FRESKO QUERETARO MILENIO,20.594855,-100.34838,MILENIO 3RA SECCION,70060,Querétaro (QRO),H,H,sí,Querétaro,894983d9b6bffff,663,31.6,33.7,21.1,10.1,2.5,0.9,4.79,no aplica · AltScore solo en la ZM Mérida,no aplica · AltScore solo en la ZM Mérida,4.79,2.86,solo INEGI; H si ≥ media INEGI de nuestros PDV Tradicional (06),H,sí,H,sí
LACOMER SANTA MARIA LA RIBERA,19.45113,-99.163661,SANTA MARIA LA RIBERA,06400,Cuauhtémoc (DF),H,H,sí,Ciudad de México,894995b850fffff,1866,12.4,18.2,19.2,19.7,15.5,15,3.47,no aplica · AltScore solo en la ZM Mérida,no aplica · AltScore solo en la ZM Mérida,3.47,2.86,solo INEGI; H si ≥ media INEGI de nuestros PDV Tradicional (06),H,sí,H,sí
MEGA C.MEX.ARBOLEDAS II,19.547776,-99.207237,CENTRO INDUSTRIAL TLALNEPANTLA,05430,Tlalnepantla de Baz (MEX),H,H,sí,México,894995a16a7ffff,42,21.5,29.4,24.2,16.1,6,2.8,4.36,no aplica · AltScore solo en la ZM Mérida,no aplica · AltScore solo en la ZM Mérida,4.36,2.86,solo INEGI; H si ≥ media INEGI de nuestros PDV Tradicional (06),H,sí,H,sí
MI BODEGA - ATANA LINDAVISTA,19.517576,-99.142979,LA PURISIMA TICOMAN,07310,Gustavo A. Madero (DF),H,H,sí,Ciudad de México,894995b8a5bffff,646,16.5,21.5,20.1,17.8,12.3,11.8,3.76,no aplica · AltScore solo en la ZM Mérida,no aplica · AltScore solo en la ZM Mérida,3.76,2.86,solo INEGI; H si ≥ media INEGI de nuestros PDV Tradicional (06),H,sí,H,sí
MI BODEGA - VINEDOS QUERETARO,20.605737,-100.489914,TOSCANA,76235,Querétaro (QRO),H,H,sí,Querétaro,894983c1523ffff,444,26.6,33.3,20.2,11.6,5.2,3.1,4.55,no aplica · AltScore solo en la ZM Mérida,no aplica · AltScore solo en la ZM Mérida,4.55,2.86,solo INEGI; H si ≥ media INEGI de nuestros PDV Tradicional (06),H,sí,H,sí
RIVERA FRESCURA,19.050273,-98.268948,BELLO HORIZONTE,72735,Puebla (PUE),H,H,sí,Puebla,894994ac22bffff,1061,22.7,25.6,19.2,13.7,8.8,9.9,4.1,no aplica · AltScore solo en la ZM Mérida,no aplica · AltScore solo en la ZM Mérida,4.1,2.86,solo INEGI; H si ≥ media INEGI de nuestros PDV Tradicional (06),H,sí,H,sí
SAN FCO AKI SAN PEDRO,21.028233,-89.558914,GRAN SAN PEDRO CHOLUL,97138,Mérida (YUC),H,H,sí,Yucatán,894509ba833ffff,12,23.1,25.6,18.6,12.4,8,12.2,4.07,14,3.19,3.86,2.88,(1 − 0.25) · INEGI + 0.25 · AltScore; H si ≥ media de nuestros PDV Tradicional (06),H,sí,H,sí
SAN FCO. AKI  CHENKU,21.007192,-89.648122,FRACCIONAMIENTO CHENKU,97219,Mérida (YUC),H,H,sí,Yucatán,894509b0e5bffff,671,20.8,23.3,20,15.5,10.8,9.8,3.99,23,4.2,4.05,2.88,(1 − 0.25) · INEGI + 0.25 · AltScore; H si ≥ media de nuestros PDV Tradicional (06),H,sí,H,sí
SAN FCO. AKI ALTABRISA,21.024727,-89.58577,ALTABRISA,97130,Mérida (YUC),H,H,sí,Yucatán,894509b1acbffff,441,36.9,31.5,19,9.2,2.6,0.9,4.88,2,sin AltScore suficiente (< 5 puntos),4.89,2.88,(1 − 0.25) · INEGI + 0.25 · AltScore; H si ≥ media de nuestros PDV Tradicional (06),H,sí,H,sí
SAN FCO. AKI LAS TORRES,21.133178,-86.876,REGION 515,77535,Benito Juárez (QROO),H,H,sí,Quintana Roo,89450a79b2fffff,772,19.3,27.1,22.2,16.3,9.4,5.7,4.14,no aplica · AltScore solo en la ZM Mérida,no aplica · AltScore solo en la ZM Mérida,4.14,2.86,solo INEGI; H si ≥ media INEGI de nuestros PDV Tradicional (06),H,sí,H,sí
SAN FCO. EXPRESS ALEMAN,20.991015,-89.600866,MIGUEL ALEMAN,97148,Mérida (YUC),H,H,sí,Yucatán,894509b1173ffff,390,22.5,23,21,17,9.6,7,4.11,73,3.28,3.91,2.88,(1 − 0.25) · INEGI + 0.25 · AltScore; H si ≥ media de nuestros PDV Tradicional (06),H,sí,H,sí
SAN FCO. SUPER AKI CHUBURNA,21.011559,-89.631885,CHUBURNA HIDALGO,97200,Mérida (YUC),H,H,sí,Yucatán,894509b1dcfffff,358,19.8,20.9,18.4,15.1,11.2,14.7,3.79,43,3.64,3.76,2.88,(1 − 0.25) · INEGI + 0.25 · AltScore; H si ≥ media de nuestros PDV Tradicional (06),H,sí,H,sí
SAN FCO. SUPER AKI CONCORDIA,19.839068,-90.48968,INFONAVIT KALA,24085,Campeche (CAMP),H,H,sí,Campeche,8945760c8d3ffff,684,15.3,18.4,18,16.8,13.8,17.7,3.52,no aplica · AltScore solo en la ZM Mérida,no aplica · AltScore solo en la ZM Mérida,3.52,2.86,solo INEGI; H si ≥ media INEGI de nuestros PDV Tradicional (06),H,sí,H,sí
SAN FCO. SUPER AKI FCO. MONTEJO,21.026987,-89.647842,FRANCISCO DE MONTEJO,97203,Mérida (YUC),H,H,sí,Yucatán,894509b0a53ffff,919,24.1,25.6,21.7,14.1,8.8,5.6,4.25,72,3.24,4.01,2.88,(1 − 0.25) · INEGI + 0.25 · AltScore; H si ≥ media de nuestros PDV Tradicional (06),H,sí,H,sí
SAN FCO. SUPER AKI XEL-HA,21.160576,-86.834469,MERCADO 28,77500,Benito Juárez (QROO),H,H,sí,Quintana Roo,89450a6b2a7ffff,558,13.9,23.1,19.9,18.9,13.7,10.5,3.73,no aplica · AltScore solo en la ZM Mérida,no aplica · AltScore solo en la ZM Mérida,3.73,2.86,solo INEGI; H si ≥ media INEGI de nuestros PDV Tradicional (06),H,sí,H,sí
SAN FCO. SUPER MERCADO 23,21.167518,-86.828107,CENTRO,77500,Benito Juárez (QROO),H,H,sí,Quintana Roo,89450a6b223ffff,518,8.4,16.3,18.3,21.1,19.7,16,3.24,no aplica · AltScore solo en la ZM Mérida,no aplica · AltScore solo en la ZM Mérida,3.24,2.86,solo INEGI; H si ≥ media INEGI de nuestros PDV Tradicional (06),H,sí,H,sí
SAN FCO. SUPER VISTA ALEGRE,21.007142,-89.58815,VISTA ALEGRE NORTE,97130,Mérida (YUC),H,H,sí,Yucatán,894509b1e5bffff,454,20.3,22.6,19.6,16.1,10.4,11.1,3.93,33,4.06,3.97,2.88,(1 − 0.25) · INEGI + 0.25 · AltScore; H si ≥ media de nuestros PDV Tradicional (06),H,sí,H,sí
SAN FRCO. AKI SAN ANTONIO,21.022024,-89.603282,SAN ANTONIO CUCUL,97116,Mérida (YUC),H,H,sí,Yucatán,894509b185bffff,185,33.7,29.4,19.4,10.9,4.4,2.3,4.7,57,2.88,4.26,2.88,(1 − 0.25) · INEGI + 0.25 · AltScore; H si ≥ media de nuestros PDV Tradicional (06),H,sí,H,sí
SN FRANCISCO AKI HUAYACAN,21.101603,-86.860809,CENTRO,77560,Benito Juárez (QROO),H,H,sí,Quintana Roo,89450a79a87ffff,203,27,34.4,24.4,10.6,2.5,1,4.7,no aplica · AltScore solo en la ZM Mérida,no aplica · AltScore solo en la ZM Mérida,4.7,2.86,solo INEGI; H si ≥ media INEGI de nuestros PDV Tradicional (06),H,sí,H,sí
SORIANA HIPERMERCADO CANEK,20.990126,-89.662966,FRACC YUCAL PETEN,23088,Mérida (YUC),H,H,sí,Yucatán,894509b0173ffff,141,18.1,20.9,19.5,16.6,12.7,12.2,3.78,31,3.8,3.8,2.88,(1 − 0.25) · INEGI + 0.25 · AltScore; H si ≥ media de nuestros PDV Tradicional (06),H,sí,H,sí
SORIANA HIPERMERCADO CHILPANCINGO,17.527166,-99.494598,CIUDAD DE LOS SERVICIOS,39074,Chilpancingo de los Bravo (GRO),H,H,sí,Guerrero,8949b0370cfffff,99,13.3,18.9,17.4,15.5,13.4,21.5,3.39,no aplica · AltScore solo en la ZM Mérida,no aplica · AltScore solo en la ZM Mérida,3.39,2.86,solo INEGI; H si ≥ media INEGI de nuestros PDV Tradicional (06),H,sí,H,sí
SORIANA HIPERMERCADO CIMATARIO,20.564999,-100.375044,PLAZA DEL SOL,53310,Querétaro (QRO),H,H,sí,Querétaro,894983d99d3ffff,496,27.6,31.4,22.3,12,4.6,2.1,4.59,no aplica · AltScore solo en la ZM Mérida,no aplica · AltScore solo en la ZM Mérida,4.59,2.86,solo INEGI; H si ≥ media INEGI de nuestros PDV Tradicional (06),H,sí,H,sí
SORIANA HIPERMERCADO COACALCO,19.632015,-99.119148,"SAN FRANCISCO, COACALCO",55700,Coacalco de Berriozábal (MEX),H,H,sí,México,894995a8067ffff,244,13.6,20.4,20.9,18.8,13,13.3,3.63,no aplica · AltScore solo en la ZM Mérida,no aplica · AltScore solo en la ZM Mérida,3.63,2.86,solo INEGI; H si ≥ media INEGI de nuestros PDV Tradicional (06),H,sí,H,sí
SORIANA HIPERMERCADO COFRADIAS,19.689835,-99.226848,CLAUSTOS DE SAN MIGUEL,42080,Cuautitlán Izcalli (MEX),H,H,sí,México,894995af3bbffff,1119,17.2,24.8,22.3,17.2,10.3,8.2,3.97,no aplica · AltScore solo en la ZM Mérida,no aplica · AltScore solo en la ZM Mérida,3.97,2.86,solo INEGI; H si ≥ media INEGI de nuestros PDV Tradicional (06),H,sí,H,sí
SORIANA HIPERMERCADO CONSTITUYENTES,20.588515,-100.373631,PLAZA DE LAS AMERICAS,67130,Querétaro (QRO),H,H,sí,Querétaro,894983d996fffff,349,16,21.4,21.4,17.4,12.2,11.6,3.77,no aplica · AltScore solo en la ZM Mérida,no aplica · AltScore solo en la ZM Mérida,3.77,2.86,solo INEGI; H si ≥ media INEGI de nuestros PDV Tradicional (06),H,sí,H,sí
SORIANA HIPERMERCADO CONSULADO,19.449029,-99.100735,SIMON BOLIVAR,90100,Venustiano Carranza (DF),H,H,sí,Ciudad de México,894995b9513ffff,1679,10.1,15,16.4,18,15.9,24.6,3.12,no aplica · AltScore solo en la ZM Mérida,no aplica · AltScore solo en la ZM Mérida,3.12,2.86,solo INEGI; H si ≥ media INEGI de nuestros PDV Tradicional (06),L,no,H,sí
SORIANA HIPERMERCADO CUITLAHUAC,19.471241,-99.170689,SECTOR NAVAL,76130,Azcapotzalco (DF),H,H,sí,Ciudad de México,894995b81a3ffff,1315,16.5,21.7,19.5,17.5,13,11.8,3.76,no aplica · AltScore solo en la ZM Mérida,no aplica · AltScore solo en la ZM Mérida,3.76,2.86,solo INEGI; H si ≥ media INEGI de nuestros PDV Tradicional (06),H,sí,H,sí
SORIANA HIPERMERCADO EL PALMAR,18.143741,-94.47429,PARAISO COATZACOALCOS,93340,Coatzacoalcos (VER),H,H,sí,Veracruz de Ignacio de la Llave,896d35b104fffff,275,21.5,28,20.4,14.8,8.4,7,4.19,no aplica · AltScore solo en la ZM Mérida,no aplica · AltScore solo en la ZM Mérida,4.19,2.86,solo INEGI; H si ≥ media INEGI de nuestros PDV Tradicional (06),H,sí,H,sí
SORIANA HIPERMERCADO FLORESTA,19.162831,-96.136349,FLORESTA,67180,Veracruz (VER),H,H,sí,Veracruz de Ignacio de la Llave,896d34da15bffff,156,18.9,25.3,19.8,16.2,10,9.9,3.97,no aplica · AltScore solo en la ZM Mérida,no aplica · AltScore solo en la ZM Mérida,3.97,2.86,solo INEGI; H si ≥ media INEGI de nuestros PDV Tradicional (06),H,sí,H,sí
SORIANA HIPERMERCADO LA CAPILLA,20.578686,-100.417997,ENSUENO,38080,Querétaro (QRO),H,H,sí,Querétaro,894983d8b1bffff,655,17,21.8,19.2,15.5,10.4,16.1,3.72,no aplica · AltScore solo en la ZM Mérida,no aplica · AltScore solo en la ZM Mérida,3.72,2.86,solo INEGI; H si ≥ media INEGI de nuestros PDV Tradicional (06),H,sí,H,sí
SORIANA HIPERMERCADO Pabellon Azcapotzalco,19.473622,-99.189832,SANTA CRUZ ACAYUCAN,02770,Azcapotzalco (DF),H,H,sí,Ciudad de México,894995b8c97ffff,2274,14,19.6,18.8,18.2,13.6,15.8,3.55,no aplica · AltScore solo en la ZM Mérida,no aplica · AltScore solo en la ZM Mérida,3.55,2.86,solo INEGI; H si ≥ media INEGI de nuestros PDV Tradicional (06),H,sí,H,sí
SORIANA HIPERMERCADO PACHUCA,20.096326,-98.762132,VENTA PRIETA,81230,Pachuca de Soto (HGO),H,H,sí,Hidalgo,8949956415bffff,1,30.7,31.2,22.2,11,3.3,1.6,4.7,no aplica · AltScore solo en la ZM Mérida,no aplica · AltScore solo en la ZM Mérida,4.7,2.86,solo INEGI; H si ≥ media INEGI de nuestros PDV Tradicional (06),H,sí,H,sí
SORIANA HIPERMERCADO PASEO LA JOYA,19.669312,-99.165761,sin colonia en Nielsen,31165,Cuautitlán (MEX),H,H,sí,México,894995a88bbffff,1327,13.6,20.6,20.4,18.1,13.1,14.3,3.61,no aplica · AltScore solo en la ZM Mérida,no aplica · AltScore solo en la ZM Mérida,3.61,2.86,solo INEGI; H si ≥ media INEGI de nuestros PDV Tradicional (06),H,sí,H,sí
SORIANA HIPERMERCADO PLAZA JARDINES SAN MATEO,19.487661,-99.259865,FRACC JARDINES DE SAN MATEO,35010,Naucalpan de Juárez (MEX),H,H,sí,México,894995a35cbffff,507,22.9,29.1,23.3,14.9,5.9,4,4.36,no aplica · AltScore solo en la ZM Mérida,no aplica · AltScore solo en la ZM Mérida,4.36,2.86,solo INEGI; H si ≥ media INEGI de nuestros PDV Tradicional (06),H,sí,H,sí
SORIANA HIPERMERCADO QUINTANA,20.615998,-100.40433,SAN PABLO TECNOLOGICO,04200,Querétaro (QRO),H,H,sí,Querétaro,894983ca0afffff,37,25.1,30.3,22.1,13.2,6.1,3.1,4.46,no aplica · AltScore solo en la ZM Mérida,no aplica · AltScore solo en la ZM Mérida,4.46,2.86,solo INEGI; H si ≥ media INEGI de nuestros PDV Tradicional (06),H,sí,H,sí
SORIANA HIPERMERCADO ROSARIO,19.504466,-99.204125,UNIDAD DEL ROSARIO,89800,Azcapotzalco (DF),H,H,sí,Ciudad de México,894995b8d3bffff,1445,13.5,19.5,19.5,19,14.3,14.2,3.56,no aplica · AltScore solo en la ZM Mérida,no aplica · AltScore solo en la ZM Mérida,3.56,2.86,solo INEGI; H si ≥ media INEGI de nuestros PDV Tradicional (06),H,sí,H,sí
SORIANA HIPERMERCADO SENDERO COATZACOALCOS,18.142875,-94.513871,sin colonia en Nielsen,96536,Coatzacoalcos (VER),H,L,no,Veracruz de Ignacio de la Llave,896d35ba1d3ffff,141,7.4,12.9,13,13.7,13,40,2.68,no aplica · AltScore solo en la ZM Mérida,no aplica · AltScore solo en la ZM Mérida,2.68,2.86,solo INEGI; H si ≥ media INEGI de nuestros PDV Tradicional (06),L,no,L,no
SORIANA HIPERMERCADO TORRECILLAS,19.000396,-98.230119,INFONAVIT LOMA BELLA,11980,Puebla (PUE),H,H,sí,Puebla,894994af267ffff,641,16.8,20.3,17.9,15,11.1,18.9,3.6,no aplica · AltScore solo en la ZM Mérida,no aplica · AltScore solo en la ZM Mérida,3.6,2.86,solo INEGI; H si ≥ media INEGI de nuestros PDV Tradicional (06),H,sí,H,sí
SORIANA HIPERMERCADO VIA VALLEJO,19.487893,-99.152278,STA CRUZ DE LAS SALINAS,07750,Azcapotzalco (DF),H,H,sí,Ciudad de México,894995b8ecbffff,251,13.7,19.1,18.5,17.5,13.5,17.7,3.49,no aplica · AltScore solo en la ZM Mérida,no aplica · AltScore solo en la ZM Mérida,3.49,2.86,solo INEGI; H si ≥ media INEGI de nuestros PDV Tradicional (06),H,sí,H,sí
SORIANA HIPERMERCADO ZARAGOZA EM,19.38957,-99.041031,JUAN ESCUTIA,78399,Iztapalapa (DF),H,H,sí,Ciudad de México,8949958cc0fffff,1046,11.8,17.4,18.2,18.7,15.3,18.7,3.36,no aplica · AltScore solo en la ZM Mérida,no aplica · AltScore solo en la ZM Mérida,3.36,2.86,solo INEGI; H si ≥ media INEGI de nuestros PDV Tradicional (06),H,sí,H,sí
SORIANA MEGA MEGA CANCUN LOPEZ PORTILLO,21.163663,-86.849546,CANCUN,77516,Benito Juárez (QROO),H,H,sí,Quintana Roo,89450a6b15bffff,622,13,19.5,18.8,18.5,14.9,15.3,3.51,no aplica · AltScore solo en la ZM Mérida,no aplica · AltScore solo en la ZM Mérida,3.51,2.86,solo INEGI; H si ≥ media INEGI de nuestros PDV Tradicional (06),H,sí,H,sí
SORIANA MEGA MEGA CITADINA EL PUEBLITO,20.53676,-100.433441,EL PUEBLITO,76900,Corregidora (QRO),H,H,sí,Querétaro,894983d8c33ffff,292,21.9,26.2,20.2,14.1,8.1,9.5,4.11,no aplica · AltScore solo en la ZM Mérida,no aplica · AltScore solo en la ZM Mérida,4.11,2.86,solo INEGI; H si ≥ media INEGI de nuestros PDV Tradicional (06),H,sí,H,sí
SORIANA MEGA MEGA COACALCO LOPEZ PORTILLO,19.63606,-99.113559,PERIODISTAS,55700,Coacalco de Berriozábal (MEX),H,H,sí,México,894995a83c3ffff,810,14,21.2,21.7,19.2,13.2,10.7,3.72,no aplica · AltScore solo en la ZM Mérida,no aplica · AltScore solo en la ZM Mérida,3.72,2.86,solo INEGI; H si ≥ media INEGI de nuestros PDV Tradicional (06),H,sí,H,sí
SORIANA MEGA MEGA COACALCO VILLA DE LAS FLORES,19.636113,-99.100748,VILLA DE LAS FLORES,55710,Coacalco de Berriozábal (MEX),H,H,sí,México,894995a823bffff,567,13.8,20.7,21.2,19.1,12.7,12.5,3.66,no aplica · AltScore solo en la ZM Mérida,no aplica · AltScore solo en la ZM Mérida,3.66,2.86,solo INEGI; H si ≥ media INEGI de nuestros PDV Tradicional (06),H,sí,H,sí
SORIANA MEGA MEGA GRAN PATIO TOLUCA,19.287343,-99.633092,VERTICE,50010,Toluca (MEX),H,H,sí,México,89498644ecbffff,21,15.6,22.6,21.5,18.3,11.5,10.5,3.81,no aplica · AltScore solo en la ZM Mérida,no aplica · AltScore solo en la ZM Mérida,3.81,2.86,solo INEGI; H si ≥ media INEGI de nuestros PDV Tradicional (06),H,sí,H,sí
SORIANA MEGA MEGA GRAN PLAZA MERIDA,21.02969,-89.623677,GONZALO GUERRERO,97120,Mérida (YUC),H,H,sí,Yucatán,894509b1837ffff,183,29,27.1,19.2,12.8,6.6,5.2,4.43,43,3.37,4.18,2.88,(1 − 0.25) · INEGI + 0.25 · AltScore; H si ≥ media de nuestros PDV Tradicional (06),H,sí,H,sí
SORIANA MEGA MEGA LAS ARMAS,19.513767,-99.209902,SAN JUAN TEPETLACO,54090,Tlalnepantla de Baz (MEX),H,H,sí,México,894995a324bffff,764,10.3,16.2,17.1,17.2,14.4,24.8,3.16,no aplica · AltScore solo en la ZM Mérida,no aplica · AltScore solo en la ZM Mérida,3.16,2.86,solo INEGI; H si ≥ media INEGI de nuestros PDV Tradicional (06),L,no,H,sí
SORIANA MEGA MEGA LOS BALCONES,20.997797,-89.622796,LAS AGUILAS DE CHUBURNA,97200,Mérida (YUC),H,H,sí,Yucatán,894509b1c13ffff,135,25.8,25.3,20.3,14.4,8.1,6.2,4.28,35,4.02,4.23,2.88,(1 − 0.25) · INEGI + 0.25 · AltScore; H si ≥ media de nuestros PDV Tradicional (06),H,sí,H,sí
SORIANA MEGA MEGA MULTIPLAZA ALAMEDAS,19.551691,-99.241995,RESIDENCIAL LAS ALAMEDAS,52970,Atizapán de Zaragoza (MEX),H,H,sí,México,894995a1507ffff,592,16.4,23.1,21.3,16.8,10.2,12.3,3.82,no aplica · AltScore solo en la ZM Mérida,no aplica · AltScore solo en la ZM Mérida,3.82,2.86,solo INEGI; H si ≥ media INEGI de nuestros PDV Tradicional (06),H,sí,H,sí
SORIANA MEGA MEGA PACHUCA COLOSIO,20.089975,-98.754031,EXHACIENDA DE COSCOTITLAN,42083,Pachuca de Soto (HGO),H,H,sí,Hidalgo,89499564077ffff,143,32.3,32,21.4,10.1,2.8,1.3,4.77,no aplica · AltScore solo en la ZM Mérida,no aplica · AltScore solo en la ZM Mérida,4.77,2.86,solo INEGI; H si ≥ media INEGI de nuestros PDV Tradicional (06),H,sí,H,sí
SORIANA MEGA MEGA PE-UELAS,20.641338,-100.414421,LOMAS DE SAN PEDRITO PENUELAS,76148,Querétaro (QRO),H,H,sí,Querétaro,894983cae9bffff,435,20.9,27.6,21.1,14.4,7.7,8.3,4.15,no aplica · AltScore solo en la ZM Mérida,no aplica · AltScore solo en la ZM Mérida,4.15,2.86,solo INEGI; H si ≥ media INEGI de nuestros PDV Tradicional (06),H,sí,H,sí
SORIANA MEGA MEGA PUEBLA CENTRO,19.03966,-98.206445,CENTRO,72000,Puebla (PUE),H,H,sí,Puebla,894994ad28fffff,683,10.3,15,16.5,18.4,15,24.8,3.13,no aplica · AltScore solo en la ZM Mérida,no aplica · AltScore solo en la ZM Mérida,3.13,2.86,solo INEGI; H si ≥ media INEGI de nuestros PDV Tradicional (06),L,no,H,sí
SORIANA MEGA MEGA PUEBLA HERMANOS SERDAN,19.079982,-98.226783,PINO SUAREZ,72020,Puebla (PUE),H,H,sí,Puebla,89499432db3ffff,508,13.7,16.5,15.1,14.2,11.9,28.6,3.2,no aplica · AltScore solo en la ZM Mérida,no aplica · AltScore solo en la ZM Mérida,3.2,2.86,solo INEGI; H si ≥ media INEGI de nuestros PDV Tradicional (06),H,sí,H,sí
SORIANA MEGA MEGA PUEBLA PLAZA SAN PEDRO,19.066057,-98.212044,LAS HADAS,72070,Puebla (PUE),H,H,sí,Puebla,89499432cb7ffff,949,18.5,22.7,19.4,16.1,11.8,11.6,3.85,no aplica · AltScore solo en la ZM Mérida,no aplica · AltScore solo en la ZM Mérida,3.85,2.86,solo INEGI; H si ≥ media INEGI de nuestros PDV Tradicional (06),H,sí,H,sí
SORIANA MEGA MEGA PUEBLA ZARAGOZA,19.065395,-98.177917,LOS PINOS,72240,Puebla (PUE),H,H,sí,Puebla,89499432167ffff,508,16.8,19.2,17.4,15.7,11.5,19.5,3.56,no aplica · AltScore solo en la ZM Mérida,no aplica · AltScore solo en la ZM Mérida,3.56,2.86,solo INEGI; H si ≥ media INEGI de nuestros PDV Tradicional (06),H,sí,H,sí
SORIANA MEGA MEGA RANCHO TERREMOTO,19.678699,-99.150277,EL TERREMOTO,54850,Cuautitlán (MEX),H,H,sí,México,894995a887bffff,57,10.1,16.1,18.6,19.1,16.3,19.8,3.25,no aplica · AltScore solo en la ZM Mérida,no aplica · AltScore solo en la ZM Mérida,3.25,2.86,solo INEGI; H si ≥ media INEGI de nuestros PDV Tradicional (06),H,sí,H,sí
SORIANA MEGA MEGA ROJO GOMEZ,19.384992,-99.074909,EJIDOS MORAN,09300,Iztapalapa (DF),H,H,sí,Ciudad de México,8949958eb27ffff,1095,12.3,18.1,18.6,18.6,14.9,17.4,3.42,no aplica · AltScore solo en la ZM Mérida,no aplica · AltScore solo en la ZM Mérida,3.42,2.86,solo INEGI; H si ≥ media INEGI de nuestros PDV Tradicional (06),H,sí,H,sí
SORIANA MEGA MEGA SAN BARTOLO NAUCALPAN,19.472568,-99.236492,SAN BARTOLO CENTRO,53000,Naucalpan de Juárez (MEX),H,H,sí,México,894995ba937ffff,774,9.6,14.6,16,16.5,14.6,28.7,3.02,no aplica · AltScore solo en la ZM Mérida,no aplica · AltScore solo en la ZM Mérida,3.02,2.86,solo INEGI; H si ≥ media INEGI de nuestros PDV Tradicional (06),L,no,H,sí
SORIANA MEGA MEGA SAN MIGUEL HUEHUETOCA,19.688637,-99.213081,EXHACIENDA SAN MIGUEL,54750,Cuautitlán Izcalli (MEX),H,H,sí,México,894995af353ffff,1202,21.5,28.3,23.6,15.3,6.9,4.4,4.29,no aplica · AltScore solo en la ZM Mérida,no aplica · AltScore solo en la ZM Mérida,4.29,2.86,solo INEGI; H si ≥ media INEGI de nuestros PDV Tradicional (06),H,sí,H,sí
SORIANA MEGA MEGA TACUBA,19.460615,-99.193617,VALLE DE ANAHUAC,11410,Miguel Hidalgo (DF),H,H,sí,Ciudad de México,894995baaa3ffff,2321,10.6,15.8,16.7,17.8,15.4,23.7,3.17,no aplica · AltScore solo en la ZM Mérida,no aplica · AltScore solo en la ZM Mérida,3.17,2.86,solo INEGI; H si ≥ media INEGI de nuestros PDV Tradicional (06),H,sí,H,sí
SORIANA MEGA MEGA TEXCOCO CENTRO,19.512526,-98.88366,CENTRO TEXCOCO,56100,Texcoco (MEX),H,H,sí,México,8949951565bffff,481,9.7,16.2,18.8,19.8,16.2,19.3,3.25,no aplica · AltScore solo en la ZM Mérida,no aplica · AltScore solo en la ZM Mérida,3.25,2.86,solo INEGI; H si ≥ media INEGI de nuestros PDV Tradicional (06),H,sí,H,sí
SORIANA MEGA MEGA TLATELOLCO,19.45611,-99.137163,EXHIPODROMO DE PERALVILLO,06250,Cuauhtémoc (DF),H,H,sí,Ciudad de México,894995b8057ffff,2034,10.2,16,18.2,20.2,17.3,18,3.27,no aplica · AltScore solo en la ZM Mérida,no aplica · AltScore solo en la ZM Mérida,3.27,2.86,solo INEGI; H si ≥ media INEGI de nuestros PDV Tradicional (06),H,sí,H,sí
SORIANA MEGA MEGA VILLA COAPA,19.289738,-99.130752,CHIMALI,14370,Tlalpan (DF),H,H,sí,Ciudad de México,894995855afffff,1882,15.2,20.4,18.6,17.6,13.3,14.9,3.62,no aplica · AltScore solo en la ZM Mérida,no aplica · AltScore solo en la ZM Mérida,3.62,2.86,solo INEGI; H si ≥ media INEGI de nuestros PDV Tradicional (06),H,sí,H,sí
SORIANA MEGA MEGA VILLAHERMOSA DEPORTIVA,17.979375,-92.943228,sin colonia en Nielsen,86100,Centro (TAB),H,H,sí,Tabasco,896d20c6e5bffff,298,11.1,16.6,16.1,16.8,15.5,24.1,3.19,no aplica · AltScore solo en la ZM Mérida,no aplica · AltScore solo en la ZM Mérida,3.19,2.86,solo INEGI; H si ≥ media INEGI de nuestros PDV Tradicional (06),H,sí,H,sí
SORIANA MEGA MEGA ZINACANTEPEC,19.288068,-99.688968,SAN MATEO OXTOTITLAN,50100,Toluca (MEX),H,H,sí,México,89498644d93ffff,854,8.5,14,16.1,16.6,15,29.8,2.95,no aplica · AltScore solo en la ZM Mérida,no aplica · AltScore solo en la ZM Mérida,2.95,2.86,solo INEGI; H si ≥ media INEGI de nuestros PDV Tradicional (06),L,no,L,no
SORIANA MERCADO 14 SUR,18.981372,-98.216532,EXHACIENDA DE CHAPULCO,72590,Puebla (PUE),H,H,sí,Puebla,894994a8d23ffff,1390,12.5,16.2,16.3,15.6,13.7,25.7,3.21,no aplica · AltScore solo en la ZM Mérida,no aplica · AltScore solo en la ZM Mérida,3.21,2.86,solo INEGI; H si ≥ media INEGI de nuestros PDV Tradicional (06),H,sí,H,sí
SORIANA MERCADO ABASTOS TULTITLAN,19.641035,-99.136378,CASCO PROVIDENCIA EXHACIENDA PORTALES,54900,Tultitlán (MEX),H,H,sí,México,894995a8173ffff,326,11.4,17.8,19.8,19.2,14.7,17,3.41,no aplica · AltScore solo en la ZM Mérida,no aplica · AltScore solo en la ZM Mérida,3.41,2.86,solo INEGI; H si ≥ media INEGI de nuestros PDV Tradicional (06),H,sí,H,sí
SORIANA MERCADO ATIZAPAN,19.553661,-99.311236,EXHACIENDA PEDREGAL ATIZAPAN,52900,Atizapán de Zaragoza (MEX),H,H,sí,México,894995a0523ffff,247,30,34,23.3,10.8,1.5,0.3,4.79,no aplica · AltScore solo en la ZM Mérida,no aplica · AltScore solo en la ZM Mérida,4.79,2.86,solo INEGI; H si ≥ media INEGI de nuestros PDV Tradicional (06),H,sí,H,sí
SORIANA MERCADO CENTRO HISTORICO,17.063592,-96.733363,CENTRO,68000,Oaxaca de Juárez (OAX),H,sin estimar · falta procesar los insumos INEGI del estado,sin estimar · falta procesar los insumos INEGI del estado,Oaxaca,896d32aae17ffff,sin estimar · falta procesar los insumos INEGI del estado,sin estimar · falta procesar los insumos INEGI del estado,sin estimar · falta procesar los insumos INEGI del estado,sin estimar · falta procesar los insumos INEGI del estado,sin estimar · falta procesar los insumos INEGI del estado,sin estimar · falta procesar los insumos INEGI del estado,sin estimar · falta procesar los insumos INEGI del estado,sin estimar · falta procesar los insumos INEGI del estado,no aplica · AltScore solo en la ZM Mérida,no aplica · AltScore solo en la ZM Mérida,sin estimar · falta procesar los insumos INEGI del estado,sin estimar · falta procesar los insumos INEGI del estado,sin estimar · falta procesar los insumos INEGI del estado,sin estimar · falta procesar los insumos INEGI del estado,sin estimar · falta procesar los insumos INEGI del estado,sin estimar · falta procesar los insumos INEGI del estado,sin estimar · falta procesar los insumos INEGI del estado
SORIANA MERCADO COLEGIO MILITAR,17.080634,-96.7119,REFORMA,68050,Oaxaca de Juárez (OAX),H,sin estimar · falta procesar los insumos INEGI del estado,sin estimar · falta procesar los insumos INEGI del estado,Oaxaca,896d32aac9bffff,sin estimar · falta procesar los insumos INEGI del estado,sin estimar · falta procesar los insumos INEGI del estado,sin estimar · falta procesar los insumos INEGI del estado,sin estimar · falta procesar los insumos INEGI del estado,sin estimar · falta procesar los insumos INEGI del estado,sin estimar · falta procesar los insumos INEGI del estado,sin estimar · falta procesar los insumos INEGI del estado,sin estimar · falta procesar los insumos INEGI del estado,no aplica · AltScore solo en la ZM Mérida,no aplica · AltScore solo en la ZM Mérida,sin estimar · falta procesar los insumos INEGI del estado,sin estimar · falta procesar los insumos INEGI del estado,sin estimar · falta procesar los insumos INEGI del estado,sin estimar · falta procesar los insumos INEGI del estado,sin estimar · falta procesar los insumos INEGI del estado,sin estimar · falta procesar los insumos INEGI del estado,sin estimar · falta procesar los insumos INEGI del estado
SORIANA MERCADO COLIN,19.534314,-99.189831,LOS REYES DE IXTACALA,54000,Tlalnepantla de Baz (MEX),H,H,sí,México,894995a16d3ffff,350,8.3,13.8,16.1,18.2,16.4,27.4,2.97,no aplica · AltScore solo en la ZM Mérida,no aplica · AltScore solo en la ZM Mérida,2.97,2.86,solo INEGI; H si ≥ media INEGI de nuestros PDV Tradicional (06),L,no,L,no
SORIANA MERCADO CUAUTEPEC,19.543071,-99.139101,GUADALUPE VICTORIA,07790,Gustavo A. Madero (DF),H,H,sí,Ciudad de México,894995aa44bffff,1703,8.5,13.1,15.4,17.9,16.7,28.5,2.93,no aplica · AltScore solo en la ZM Mérida,no aplica · AltScore solo en la ZM Mérida,2.93,2.86,solo INEGI; H si ≥ media INEGI de nuestros PDV Tradicional (06),L,no,L,no
SORIANA MERCADO IGUALA,18.351702,-99.527768,AMPLIACION SAN JOSE,40050,Iguala de la Independencia (GRO),H,H,sí,Guerrero,8949b3b502bffff,714,10.7,16.1,16.5,16,14.4,26.4,3.13,no aplica · AltScore solo en la ZM Mérida,no aplica · AltScore solo en la ZM Mérida,3.13,2.86,solo INEGI; H si ≥ media INEGI de nuestros PDV Tradicional (06),L,no,H,sí
SORIANA MERCADO IZCALLI CENTRO URBANO,19.649674,-99.205592,CENTRO URBANO,52700,Cuautitlán Izcalli (MEX),H,H,sí,México,894995af613ffff,969,15.4,23.3,22.1,18.4,11.3,9.5,3.85,no aplica · AltScore solo en la ZM Mérida,no aplica · AltScore solo en la ZM Mérida,3.85,2.86,solo INEGI; H si ≥ media INEGI de nuestros PDV Tradicional (06),H,sí,H,sí
SORIANA MERCADO LA VIGA RECREO,19.396066,-99.121704,BARRIO ZAPOTLA DELGACION IZTACALCO,08610,Iztacalco (DF),H,H,sí,Ciudad de México,894995bb557ffff,1685,10.7,15.5,16.4,17.9,15.6,24,3.16,no aplica · AltScore solo en la ZM Mérida,no aplica · AltScore solo en la ZM Mérida,3.16,2.86,solo INEGI; H si ≥ media INEGI de nuestros PDV Tradicional (06),L,no,H,sí
SORIANA MERCADO LAS AMERICAS,20.554235,-100.394235,COLINAS DEL SUR,76900,Corregidora (QRO),H,H,sí,Querétaro,894983d9da7ffff,1173,14.2,19.6,19.2,18.7,12.7,15.7,3.57,no aplica · AltScore solo en la ZM Mérida,no aplica · AltScore solo en la ZM Mérida,3.57,2.86,solo INEGI; H si ≥ media INEGI de nuestros PDV Tradicional (06),H,sí,H,sí
SORIANA MERCADO LAS FLORES,19.637799,-99.096412,ZACUAUTITLA,55710,Coacalco de Berriozábal (MEX),H,H,sí,México,894995a8277ffff,755,13.8,20.8,21.1,19.2,13.1,12,3.67,no aplica · AltScore solo en la ZM Mérida,no aplica · AltScore solo en la ZM Mérida,3.67,2.86,solo INEGI; H si ≥ media INEGI de nuestros PDV Tradicional (06),H,sí,H,sí
SORIANA MERCADO MAESTROS,19.538764,-99.223549,SAN ANDRES ATENCO,54040,Tlalnepantla de Baz (MEX),H,H,sí,México,894995a1407ffff,950,15.9,23,21.3,17.1,10.2,12.5,3.8,no aplica · AltScore solo en la ZM Mérida,no aplica · AltScore solo en la ZM Mérida,3.8,2.86,solo INEGI; H si ≥ media INEGI de nuestros PDV Tradicional (06),H,sí,H,sí
SORIANA MERCADO MINERAL DE LA REFORMA,20.082073,-98.72674,FRACCIONAMIENTO COLINAS DE PLATA,42080,Mineral de la Reforma (HGO),H,H,sí,Hidalgo,894995642d3ffff,695,21.7,26.2,22.5,16,8.2,5.4,4.21,no aplica · AltScore solo en la ZM Mérida,no aplica · AltScore solo en la ZM Mérida,4.21,2.86,solo INEGI; H si ≥ media INEGI de nuestros PDV Tradicional (06),H,sí,H,sí
SORIANA MERCADO PLAZA AZCAPOTZALCO,19.478179,-99.186656,CENTRO DE AZCAPOTZALCO,02000,Azcapotzalco (DF),H,H,sí,Ciudad de México,894995b8c83ffff,1684,16.7,22.8,20.5,18,11.9,10.2,3.84,no aplica · AltScore solo en la ZM Mérida,no aplica · AltScore solo en la ZM Mérida,3.84,2.86,solo INEGI; H si ≥ media INEGI de nuestros PDV Tradicional (06),H,sí,H,sí
SORIANA MERCADO PROVIDENCIA,19.042809,-98.163786,CRISTO,72340,Puebla (PUE),H,H,sí,Puebla,89499432007ffff,576,10.5,14.6,15.2,16,14.6,29.2,3.03,no aplica · AltScore solo en la ZM Mérida,no aplica · AltScore solo en la ZM Mérida,3.03,2.86,solo INEGI; H si ≥ media INEGI de nuestros PDV Tradicional (06),L,no,H,sí
SORIANA MERCADO SAN JUAN DE ARAG+N,19.475409,-99.091287,HEROES DE CHAPULTEPEC,07930,Gustavo A. Madero (DF),H,H,sí,Ciudad de México,894995b9157ffff,1575,9.7,14.6,16.8,18.7,16.6,23.7,3.11,no aplica · AltScore solo en la ZM Mérida,no aplica · AltScore solo en la ZM Mérida,3.11,2.86,solo INEGI; H si ≥ media INEGI de nuestros PDV Tradicional (06),L,no,H,sí
SORIANA MERCADO SAN LORENZO XALPA,19.334688,-99.075146,SAN JUAN,09850,Iztapalapa (DF),H,H,sí,Ciudad de México,8949958ec3bffff,1278,11.1,16.1,16.9,18.2,15.6,22.1,3.23,no aplica · AltScore solo en la ZM Mérida,no aplica · AltScore solo en la ZM Mérida,3.23,2.86,solo INEGI; H si ≥ media INEGI de nuestros PDV Tradicional (06),H,sí,H,sí
SORIANA MERCADO TECAMAC I,19.619316,-99.028079,LOS HEROES TECAMAC,55765,Tecámac (MEX),H,H,sí,México,894995a967bffff,1246,10.5,17.2,19.7,20.1,16.2,16.3,3.37,no aplica · AltScore solo en la ZM Mérida,no aplica · AltScore solo en la ZM Mérida,3.37,2.86,solo INEGI; H si ≥ media INEGI de nuestros PDV Tradicional (06),H,sí,H,sí
SORIANA MERCADO TENAYUCA,19.528877,-99.1692,BARRIO DE TEPANQUIAHUAC,07630,Gustavo A. Madero (DF),H,H,sí,Ciudad de México,894995b8bcfffff,2430,16.7,22.5,20.5,18,12.5,9.9,3.83,no aplica · AltScore solo en la ZM Mérida,no aplica · AltScore solo en la ZM Mérida,3.83,2.86,solo INEGI; H si ≥ media INEGI de nuestros PDV Tradicional (06),H,sí,H,sí
SORIANA MERCADO TEPALCAPA,19.620855,-99.207093,GRANJAS LOMAS DE GUADALUPE,54767,Cuautitlán Izcalli (MEX),H,H,sí,México,894995aa99bffff,1061,8.8,14.7,16.8,17.4,15.2,27.1,3.03,no aplica · AltScore solo en la ZM Mérida,no aplica · AltScore solo en la ZM Mérida,3.03,2.86,solo INEGI; H si ≥ media INEGI de nuestros PDV Tradicional (06),L,no,H,sí
SORIANA MERCADO TEXCOCO,19.504317,-98.880646,EL AHUEHUETE,56158,Texcoco (MEX),H,H,sí,México,89499510b33ffff,659,12.9,20.2,21.7,19.5,13.3,12.4,3.63,no aplica · AltScore solo en la ZM Mérida,no aplica · AltScore solo en la ZM Mérida,3.63,2.86,solo INEGI; H si ≥ media INEGI de nuestros PDV Tradicional (06),H,sí,H,sí
SORIANA MERCADO TOLUCA CENTRO,19.286462,-99.653944,CENTRO,50000,Toluca (MEX),H,H,sí,México,89498644c4bffff,443,12.9,19.8,20.1,18.9,13.5,14.9,3.55,no aplica · AltScore solo en la ZM Mérida,no aplica · AltScore solo en la ZM Mérida,3.55,2.86,solo INEGI; H si ≥ media INEGI de nuestros PDV Tradicional (06),H,sí,H,sí
SORIANA MERCADO TULTEPEC,19.655216,-99.118986,FRACC HACIENDA REAL DE TULTEPEC ESQ CALLE HACIENDA,54960,Tultepec (MEX),H,H,sí,México,894995a9d93ffff,1233,13.1,20.2,20.7,18.6,13.5,13.8,3.59,no aplica · AltScore solo en la ZM Mérida,no aplica · AltScore solo en la ZM Mérida,3.59,2.86,solo INEGI; H si ≥ media INEGI de nuestros PDV Tradicional (06),H,sí,H,sí
SORIANA MERCADO TUTELAR,20.12606,-98.758406,VENUSTIANO CARRANZA,42030,Pachuca de Soto (HGO),H,H,sí,Hidalgo,89499565db3ffff,509,12.2,16.4,17.2,16.5,13.1,24.5,3.25,no aplica · AltScore solo en la ZM Mérida,no aplica · AltScore solo en la ZM Mérida,3.25,2.86,solo INEGI; H si ≥ media INEGI de nuestros PDV Tradicional (06),H,sí,H,sí
SORIANA MERCADO VIAS SAN JUAN,19.391173,-99.049484,TEPALCATES,09210,Iztapalapa (DF),H,H,sí,Ciudad de México,8949958cc33ffff,1587,10.4,15.6,17.4,19.1,16.4,21.2,3.21,no aplica · AltScore solo en la ZM Mérida,no aplica · AltScore solo en la ZM Mérida,3.21,2.86,solo INEGI; H si ≥ media INEGI de nuestros PDV Tradicional (06),H,sí,H,sí
SORIANA MERCADO VILLAS,20.054803,-98.782574,RANCHO LA COLONIA,42080,Pachuca de Soto (HGO),H,H,sí,Hidalgo,8949956633bffff,448,17.4,22.1,20.8,17.4,11.3,11,3.84,no aplica · AltScore solo en la ZM Mérida,no aplica · AltScore solo en la ZM Mérida,3.84,2.86,solo INEGI; H si ≥ media INEGI de nuestros PDV Tradicional (06),H,sí,H,sí
SORIANA MERCADO XOCHIMILCO,19.264333,-99.10299,LA GUADALUPITA,16070,Xochimilco (DF),H,H,sí,Ciudad de México,8949958549bffff,829,8.4,13.6,16.4,19,17.6,25,3.01,no aplica · AltScore solo en la ZM Mérida,no aplica · AltScore solo en la ZM Mérida,3.01,2.86,solo INEGI; H si ≥ media INEGI de nuestros PDV Tradicional (06),L,no,L,no
SORIANA SUPER ACAPULCO SOL,16.851758,-99.853719,FRACC COSTA AZUL,39850,Acapulco de Juárez (GRO),H,L,no,Guerrero,8949b542d4fffff,90,4.4,6.3,5.7,6.7,4.6,72.3,1.82,no aplica · AltScore solo en la ZM Mérida,no aplica · AltScore solo en la ZM Mérida,1.82,2.86,solo INEGI; H si ≥ media INEGI de nuestros PDV Tradicional (06),L,no,L,no
SORIANA SUPER ATZACOALCO,19.509265,-99.100217,CTM ATZACOALCO,07090,Gustavo A. Madero (DF),H,H,sí,Ciudad de México,894995b9e27ffff,1924,11.2,16.6,17.9,18.7,15.3,20.3,3.29,no aplica · AltScore solo en la ZM Mérida,no aplica · AltScore solo en la ZM Mérida,3.29,2.86,solo INEGI; H si ≥ media INEGI de nuestros PDV Tradicional (06),H,sí,H,sí
SORIANA SUPER BUENAVISTA,20.997674,-89.621072,BUENVISTA,97200,Mérida (YUC),H,H,sí,Yucatán,894509b1c13ffff,135,25.8,25.3,20.3,14.4,8.1,6.2,4.28,35,4.02,4.23,2.88,(1 − 0.25) · INEGI + 0.25 · AltScore; H si ≥ media de nuestros PDV Tradicional (06),H,sí,H,sí
SORIANA SUPER CUERNAVACA,18.945877,-99.23358,DEL EMPLEADO,62250,Cuernavaca (MOR),H,H,sí,Morelos,8949b32c583ffff,743,17.5,20.7,17.9,16.6,12.3,15.1,3.69,no aplica · AltScore solo en la ZM Mérida,no aplica · AltScore solo en la ZM Mérida,3.69,2.86,solo INEGI; H si ≥ media INEGI de nuestros PDV Tradicional (06),H,sí,H,sí
SORIANA SUPER FIESTA MERIDA,20.999311,-89.596701,DIAZ ORDAZ,97130,Mérida (YUC),H,H,sí,Yucatán,894509b1ed7ffff,253,15.6,18.3,18.2,16.7,13.3,17.9,3.53,46,2.83,3.36,2.88,(1 − 0.25) · INEGI + 0.25 · AltScore; H si ≥ media de nuestros PDV Tradicional (06),H,sí,H,sí
SORIANA SUPER LA LUNA,21.141612,-86.846836,SUPER MANZANA 49,77533,Benito Juárez (QROO),H,H,sí,Quintana Roo,89450a6b09bffff,1178,18.5,26.2,21.3,16.8,10.2,7,4.05,no aplica · AltScore solo en la ZM Mérida,no aplica · AltScore solo en la ZM Mérida,4.05,2.86,solo INEGI; H si ≥ media INEGI de nuestros PDV Tradicional (06),H,sí,H,sí
SORIANA SUPER LOMAS VIRREYES,19.42273,-99.204682,LOMAS VIRREYES,11100,Miguel Hidalgo (DF),H,H,sí,Ciudad de México,894995baccfffff,517,23.9,28.3,20.7,14.6,6.8,5.7,4.31,no aplica · AltScore solo en la ZM Mérida,no aplica · AltScore solo en la ZM Mérida,4.31,2.86,solo INEGI; H si ≥ media INEGI de nuestros PDV Tradicional (06),H,sí,H,sí
SORIANA SUPER METRO ROSARIO,19.504357,-99.204152,ROSARIO AZCAPOTZALCO,02100,Azcapotzalco (DF),H,H,sí,Ciudad de México,894995b8d3bffff,1445,13.5,19.5,19.5,19,14.3,14.2,3.56,no aplica · AltScore solo en la ZM Mérida,no aplica · AltScore solo en la ZM Mérida,3.56,2.86,solo INEGI; H si ≥ media INEGI de nuestros PDV Tradicional (06),H,sí,H,sí
SORIANA SUPER MORELOS SUR,18.904378,-99.232232,BONDIES,62059,Cuernavaca (MOR),H,H,sí,Morelos,8949b32e01bffff,170,13.4,16.3,15.6,15.8,13.2,25.7,3.24,no aplica · AltScore solo en la ZM Mérida,no aplica · AltScore solo en la ZM Mérida,3.24,2.86,solo INEGI; H si ≥ media INEGI de nuestros PDV Tradicional (06),H,sí,H,sí
SORIANA SUPER PARQUE JARDIN,19.468975,-99.159602,DEL GAS,02970,Azcapotzalco (DF),H,H,sí,Ciudad de México,894995b811bffff,1862,18.2,23.8,19.8,16.5,10.8,10.8,3.9,no aplica · AltScore solo en la ZM Mérida,no aplica · AltScore solo en la ZM Mérida,3.9,2.86,solo INEGI; H si ≥ media INEGI de nuestros PDV Tradicional (06),H,sí,H,sí
SORIANA SUPER PLAZA DORADA,20.994042,-89.65223,FRACC HIDALGO,97220,Mérida (YUC),H,H,sí,Yucatán,894509b03a3ffff,309,20.7,22.3,19.4,16.6,10.7,10.4,3.95,91,4.14,4.01,2.88,(1 − 0.25) · INEGI + 0.25 · AltScore; H si ≥ media de nuestros PDV Tradicional (06),H,sí,H,sí
SORIANA SUPER PLAZA KUKULCAN,21.101683,-86.765649,ZONA HOTELERA,77500,Benito Juárez (QROO),H,L,no,Quintana Roo,894519b40a7ffff,9,0.5,1.1,26.7,26.7,17.1,27.8,2.58,no aplica · AltScore solo en la ZM Mérida,no aplica · AltScore solo en la ZM Mérida,2.58,2.86,solo INEGI; H si ≥ media INEGI de nuestros PDV Tradicional (06),L,no,L,no
SORIANA SUPER TABASCO,17.990763,-92.917319,CENTRO,86000,Centro (TAB),H,L,no,Tabasco,896d20c6c53ffff,213,9.1,13.1,12.6,14,14.5,36.8,2.78,no aplica · AltScore solo en la ZM Mérida,no aplica · AltScore solo en la ZM Mérida,2.78,2.86,solo INEGI; H si ≥ media INEGI de nuestros PDV Tradicional (06),L,no,L,no
SORIANA SUPER TORIELLO,19.29512,-99.157075,TORIELLO GUERRA,14050,Tlalpan (DF),H,H,sí,Ciudad de México,89499584047ffff,582,20.5,25.1,20.6,16.3,9.6,7.8,4.07,no aplica · AltScore solo en la ZM Mérida,no aplica · AltScore solo en la ZM Mérida,4.07,2.86,solo INEGI; H si ≥ media INEGI de nuestros PDV Tradicional (06),H,sí,H,sí
SUMESA ARBOLEDAS,19.559556,-99.219559,FRACC. ARBOLEDAS,52950,Atizapán de Zaragoza (MEX),H,H,sí,México,894995a1017ffff,564,24.1,30.7,23.8,14.3,4.7,2.3,4.48,no aplica · AltScore solo en la ZM Mérida,no aplica · AltScore solo en la ZM Mérida,4.48,2.86,solo INEGI; H si ≥ media INEGI de nuestros PDV Tradicional (06),H,sí,H,sí
SUMESA BAJIO,19.403093,-99.165801,ROMA,06760,Cuauhtémoc (DF),H,H,sí,Ciudad de México,894995ba047ffff,2034,19.9,25.9,21.3,16.8,9.6,6.5,4.1,no aplica · AltScore solo en la ZM Mérida,no aplica · AltScore solo en la ZM Mérida,4.1,2.86,solo INEGI; H si ≥ media INEGI de nuestros PDV Tradicional (06),H,sí,H,sí
SUMESA CENTENARIO,19.357673,-99.163037,DEL CARMEN,04100,Coyoacán (DF),H,H,sí,Ciudad de México,89499585987ffff,744,24.2,27.9,20.7,14.8,7.4,5,4.32,no aplica · AltScore solo en la ZM Mérida,no aplica · AltScore solo en la ZM Mérida,4.32,2.86,solo INEGI; H si ≥ media INEGI de nuestros PDV Tradicional (06),H,sí,H,sí
SUMESA COLIMA,19.420468,-99.158153,ROMA,06700,Cuauhtémoc (DF),H,H,sí,Ciudad de México,894995ba353ffff,1256,17.8,24.2,21.3,17.6,11,8.1,3.96,no aplica · AltScore solo en la ZM Mérida,no aplica · AltScore solo en la ZM Mérida,3.96,2.86,solo INEGI; H si ≥ media INEGI de nuestros PDV Tradicional (06),H,sí,H,sí
SUMESA LONDRES,19.428794,-99.156656,JUAREZ,06600,Cuauhtémoc (DF),H,H,sí,Ciudad de México,894995b84b3ffff,1295,13.7,20.2,19.9,19.4,13.8,13.1,3.61,no aplica · AltScore solo en la ZM Mérida,no aplica · AltScore solo en la ZM Mérida,3.61,2.86,solo INEGI; H si ≥ media INEGI de nuestros PDV Tradicional (06),H,sí,H,sí
SUMESA MARTE,19.383464,-99.133716,MARTE,08830,Iztacalco (DF),H,H,sí,Ciudad de México,894995bb593ffff,1401,19.6,24.6,20.6,16.7,10.5,8,4.02,no aplica · AltScore solo en la ZM Mérida,no aplica · AltScore solo en la ZM Mérida,4.02,2.86,solo INEGI; H si ≥ media INEGI de nuestros PDV Tradicional (06),H,sí,H,sí
SUMESA MIER Y PESADO,19.39396,-99.165717,DEL VALLE,03100,Benito Juárez (DF),H,H,sí,Ciudad de México,894995ba0c3ffff,2249,24.3,29.3,21.1,14.6,7,3.5,4.39,no aplica · AltScore solo en la ZM Mérida,no aplica · AltScore solo en la ZM Mérida,4.39,2.86,solo INEGI; H si ≥ media INEGI de nuestros PDV Tradicional (06),H,sí,H,sí
SUMESA PLAZA SAN DIEGO,18.940714,-99.216853,FRACC. VISTA HERMOSA,62290,Cuernavaca (MOR),H,H,sí,Morelos,8949b32c4abffff,268,33.4,31.4,19.5,9.9,3.5,2.2,4.75,no aplica · AltScore solo en la ZM Mérida,no aplica · AltScore solo en la ZM Mérida,4.75,2.86,solo INEGI; H si ≥ media INEGI de nuestros PDV Tradicional (06),H,sí,H,sí
SUMESA POLANCO,19.43079,-99.196903,POLANCO CHAPULTEPEC,11560,Miguel Hidalgo (DF),H,H,sí,Ciudad de México,894995bae87ffff,748,26,31.1,21.6,13.9,5.3,2.1,4.52,no aplica · AltScore solo en la ZM Mérida,no aplica · AltScore solo en la ZM Mérida,4.52,2.86,solo INEGI; H si ≥ media INEGI de nuestros PDV Tradicional (06),H,sí,H,sí
SUMESA SAN ANGEL,19.348318,-99.19019,SAN ANGEL,01000,Álvaro Obregón (DF),H,H,sí,Ciudad de México,8949958484fffff,166,29.3,29.5,20.1,13,4.9,3.4,4.55,no aplica · AltScore solo en la ZM Mérida,no aplica · AltScore solo en la ZM Mérida,4.55,2.86,solo INEGI; H si ≥ media INEGI de nuestros PDV Tradicional (06),H,sí,H,sí
SUMESA VALLE,19.394256,-99.159519,DEL VALLE,03100,Benito Juárez (DF),H,H,sí,Ciudad de México,894995ba627ffff,1974,20.6,26.5,21.2,16.4,9.3,5.9,4.15,no aplica · AltScore solo en la ZM Mérida,no aplica · AltScore solo en la ZM Mérida,4.15,2.86,solo INEGI; H si ≥ media INEGI de nuestros PDV Tradicional (06),H,sí,H,sí
SUMESA YUCATAN,19.412577,-99.160684,ROMA,06700,Cuauhtémoc (DF),H,H,sí,Ciudad de México,894995ba3dbffff,1959,17.4,23.3,20.3,18,11.6,9.3,3.89,no aplica · AltScore solo en la ZM Mérida,no aplica · AltScore solo en la ZM Mérida,3.89,2.86,solo INEGI; H si ≥ media INEGI de nuestros PDV Tradicional (06),H,sí,H,sí
SUPER AKI LAS AMERICAS,21.069035,-89.661764,sin colonia en Nielsen,97302,Mérida (YUC),H,H,sí,Yucatán,894509a2543ffff,535,26.8,28.6,20.1,12.7,6.8,5,4.41,18,4.54,4.45,2.88,(1 − 0.25) · INEGI + 0.25 · AltScore; H si ≥ media de nuestros PDV Tradicional (06),H,sí,H,sí
SUPER CHE ENCUENTRO TLALNEPANTLA,19.53293,-99.17284,HAB VALLE CEYLAN,54150,Tlalnepantla de Baz (MEX),H,H,sí,México,894995b8b0bffff,658,13.2,19.7,20,18.1,13,15.9,3.54,no aplica · AltScore solo en la ZM Mérida,no aplica · AltScore solo en la ZM Mérida,3.54,2.86,solo INEGI; H si ≥ media INEGI de nuestros PDV Tradicional (06),H,sí,H,sí
SUPER CHE MEXICO REFORMA PERALVILLO,19.44701,-99.13531,MORELOS,06200,Cuauhtémoc (DF),H,L,no,Ciudad de México,894995b80dbffff,2924,5.6,10,13.6,18.2,19,33.5,2.64,no aplica · AltScore solo en la ZM Mérida,no aplica · AltScore solo en la ZM Mérida,2.64,2.86,solo INEGI; H si ≥ media INEGI de nuestros PDV Tradicional (06),L,no,L,no
SUPER CHEDRAUI AGRICOLA ORIENTAL,19.39462,-99.07463,AGRICOLA ORIENTAL,08500,Iztacalco (DF),H,H,sí,Ciudad de México,894995bb64fffff,1662,11.5,16.7,17.3,18.1,15.3,21.2,3.27,no aplica · AltScore solo en la ZM Mérida,no aplica · AltScore solo en la ZM Mérida,3.27,2.86,solo INEGI; H si ≥ media INEGI de nuestros PDV Tradicional (06),H,sí,H,sí
SUPER CHEDRAUI COSMOPOL COACALCO,19.63217,-99.12325,BOSQUES DEL VALLE,55712,Coacalco de Berriozábal (MEX),H,H,sí,México,894995a8393ffff,470,14.4,21.9,22,19.2,12.3,10.1,3.77,no aplica · AltScore solo en la ZM Mérida,no aplica · AltScore solo en la ZM Mérida,3.77,2.86,solo INEGI; H si ≥ media INEGI de nuestros PDV Tradicional (06),H,sí,H,sí
SUPER CHEDRAUI MEXICO BELLAVISTA,19.52091,-99.25103,LOMAS DE BELLAVISTA,52994,Atizapán de Zaragoza (MEX),H,H,sí,México,894995a33b3ffff,547,25.3,31,23.9,13.7,4,2.1,4.54,no aplica · AltScore solo en la ZM Mérida,no aplica · AltScore solo en la ZM Mérida,4.54,2.86,solo INEGI; H si ≥ media INEGI de nuestros PDV Tradicional (06),H,sí,H,sí
SUPER CHEDRAUI MEXICO TEZONTLE,19.38486,-99.08249,ALFONSO ORTIZ TIRADO,09020,Iztapalapa (DF),H,H,sí,Ciudad de México,894995bb6c7ffff,1284,22.8,27.1,21,15.2,8.2,5.6,4.24,no aplica · AltScore solo en la ZM Mérida,no aplica · AltScore solo en la ZM Mérida,4.24,2.86,solo INEGI; H si ≥ media INEGI de nuestros PDV Tradicional (06),H,sí,H,sí
SUPER CHEDRAUI MEXICO VIVEROS,19.52392,-99.21284,UNIDAD HABITACIONAL A LOPEZ MATEOS,54070,Tlalnepantla de Baz (MEX),H,H,sí,México,894995b89a7ffff,1018,15.6,22.9,21.7,18.7,11.2,10,3.83,no aplica · AltScore solo en la ZM Mérida,no aplica · AltScore solo en la ZM Mérida,3.83,2.86,solo INEGI; H si ≥ media INEGI de nuestros PDV Tradicional (06),H,sí,H,sí
SUPER CHEDRAUI NAUCALPAN,19.47269,-99.23596,NAUCALPAN DE JUAREZ,53000,Naucalpan de Juárez (MEX),H,H,sí,México,894995ba937ffff,774,9.6,14.6,16,16.5,14.6,28.7,3.02,no aplica · AltScore solo en la ZM Mérida,no aplica · AltScore solo en la ZM Mérida,3.02,2.86,solo INEGI; H si ≥ media INEGI de nuestros PDV Tradicional (06),L,no,H,sí
SUPER CHEDRAUI PACHUCA EXPLANADA,20.03748,-98.79694,PACHUCA DE SOTO,42083,Pachuca de Soto (HGO),H,H,sí,Hidalgo,894995661cfffff,48,12.7,16.9,17.4,14.9,10.7,27.4,3.24,no aplica · AltScore solo en la ZM Mérida,no aplica · AltScore solo en la ZM Mérida,3.24,2.86,solo INEGI; H si ≥ media INEGI de nuestros PDV Tradicional (06),H,sí,H,sí
SUPER CHEDRAUI SELECTO ATIZAPAN,19.54783,-99.27463,LAS MARGARITAS,52977,Atizapán de Zaragoza (MEX),H,H,sí,México,894995a00cbffff,7,14.1,22.3,22.9,19.1,11.7,9.9,3.78,no aplica · AltScore solo en la ZM Mérida,no aplica · AltScore solo en la ZM Mérida,3.78,2.86,solo INEGI; H si ≥ media INEGI de nuestros PDV Tradicional (06),H,sí,H,sí
SUPER CHEDRAUI SELECTO PARQUE DURAZNOS,19.4027,-99.24255,BOSQUES DE LAS LOMAS,11700,Miguel Hidalgo (DF),H,H,sí,Ciudad de México,894995b1023ffff,199,12.7,15.5,13.8,14.8,7.7,35.5,3.04,no aplica · AltScore solo en la ZM Mérida,no aplica · AltScore solo en la ZM Mérida,3.04,2.86,solo INEGI; H si ≥ media INEGI de nuestros PDV Tradicional (06),L,no,H,sí
SUPER CHEDRAUI SELECTO WTC,19.39386,-99.173,NAPOLES,03810,Benito Juárez (DF),H,H,sí,Ciudad de México,894995ba08bffff,1864,25.3,30.2,21,13.9,6.4,3.2,4.45,no aplica · AltScore solo en la ZM Mérida,no aplica · AltScore solo en la ZM Mérida,4.45,2.86,solo INEGI; H si ≥ media INEGI de nuestros PDV Tradicional (06),H,sí,H,sí
SUPER CHEDRAUI XAL. 20 DE NOVIEMBRE,19.53751,-96.92083,JOSE CARDEL,91030,Xalapa (VER),H,H,sí,Veracruz de Ignacio de la Llave,8949963161bffff,996,10.8,16.2,16.2,18.6,16.4,21.7,3.21,no aplica · AltScore solo en la ZM Mérida,no aplica · AltScore solo en la ZM Mérida,3.21,2.86,solo INEGI; H si ≥ media INEGI de nuestros PDV Tradicional (06),H,sí,H,sí
TCM TOWN SQUARE METEPEC,19.266599,-99.605464,LA PROVIDENCIA,52177,Metepec (MEX),H,H,sí,México,89498644207ffff,299,14.5,20.5,20.2,17,11.8,15.9,3.61,no aplica · AltScore solo en la ZM Mérida,no aplica · AltScore solo en la ZM Mérida,3.61,2.86,solo INEGI; H si ≥ media INEGI de nuestros PDV Tradicional (06),H,sí,H,sí
WALMART EXPRESS - AV TOLUCA,19.3397,-99.21886,OLIVAR DE LOS PADRES,01780,Álvaro Obregón (DF),H,H,sí,Ciudad de México,89499584d73ffff,734,18.8,22.7,18.7,15.8,10.5,13.5,3.83,no aplica · AltScore solo en la ZM Mérida,no aplica · AltScore solo en la ZM Mérida,3.83,2.86,solo INEGI; H si ≥ media INEGI de nuestros PDV Tradicional (06),H,sí,H,sí
WALMART EXPRESS - AV TULUM,21.14359,-86.82511,SUPERMANZANA 11,77504,Benito Juárez (QROO),H,H,sí,Quintana Roo,89450a6b663ffff,160,25.7,32.2,23,12.9,4.7,1.6,4.57,no aplica · AltScore solo en la ZM Mérida,no aplica · AltScore solo en la ZM Mérida,4.57,2.86,solo INEGI; H si ≥ media INEGI de nuestros PDV Tradicional (06),H,sí,H,sí
WALMART EXPRESS - BARRILACO,19.4157,-99.22606,LOMAS DE CHAPULTEPEC,11000,Miguel Hidalgo (DF),H,H,sí,Ciudad de México,894995b1353ffff,216,26,26.7,19.2,15.1,5.1,7.9,4.3,no aplica · AltScore solo en la ZM Mérida,no aplica · AltScore solo en la ZM Mérida,4.3,2.86,solo INEGI; H si ≥ media INEGI de nuestros PDV Tradicional (06),H,sí,H,sí
WALMART EXPRESS - BOSQUES DE MINAS,19.42252,-99.26009,BOSQUES DE LA HERRADURA,52783,Huixquilucan (MEX),H,H,sí,México,894995b1e97ffff,698,25.7,31.4,24,13.8,3.6,1.5,4.57,no aplica · AltScore solo en la ZM Mérida,no aplica · AltScore solo en la ZM Mérida,4.57,2.86,solo INEGI; H si ≥ media INEGI de nuestros PDV Tradicional (06),H,sí,H,sí
WALMART EXPRESS - BOSQUES LOMAS,19.40707,-99.23922,BOSQUES DE LAS LOMAS,11700,Miguel Hidalgo (DF),H,H,sí,Ciudad de México,894995b1393ffff,141,16.4,18.7,14.7,13.7,6.4,30.1,3.34,no aplica · AltScore solo en la ZM Mérida,no aplica · AltScore solo en la ZM Mérida,3.34,2.86,solo INEGI; H si ≥ media INEGI de nuestros PDV Tradicional (06),H,sí,H,sí
WALMART EXPRESS - CHURUBUSCO,19.34495,-99.13524,CAMPESTRE CHURUBUSCO,04200,Coyoacán (DF),H,H,sí,Ciudad de México,89499585813ffff,995,24.4,28.6,21.1,14.5,6.9,4.5,4.36,no aplica · AltScore solo en la ZM Mérida,no aplica · AltScore solo en la ZM Mérida,4.36,2.86,solo INEGI; H si ≥ media INEGI de nuestros PDV Tradicional (06),H,sí,H,sí
WALMART EXPRESS - CIRCUITO METROPOLITANO,19.25579,-99.55283,LAZARO CARDENAS,52148,Metepec (MEX),H,H,sí,México,894986450c3ffff,230,19.3,26,22.6,15.4,8.3,8.4,4.07,no aplica · AltScore solo en la ZM Mérida,no aplica · AltScore solo en la ZM Mérida,4.07,2.86,solo INEGI; H si ≥ media INEGI de nuestros PDV Tradicional (06),H,sí,H,sí
WALMART EXPRESS - COYOACAN,19.34448,-99.15613,CONCEPCION,04000,Coyoacán (DF),H,H,sí,Ciudad de México,89499585d77ffff,691,21.5,25.8,20.5,16.1,9.1,7.1,4.13,no aplica · AltScore solo en la ZM Mérida,no aplica · AltScore solo en la ZM Mérida,4.13,2.86,solo INEGI; H si ≥ media INEGI de nuestros PDV Tradicional (06),H,sí,H,sí
WALMART EXPRESS - DEL VALLE,19.38195,-99.16276,DEL VALLE,03100,Benito Juárez (DF),H,H,sí,Ciudad de México,894995ba6b3ffff,1806,24.2,29.3,21.2,14.6,6.9,3.9,4.38,no aplica · AltScore solo en la ZM Mérida,no aplica · AltScore solo en la ZM Mérida,4.38,2.86,solo INEGI; H si ≥ media INEGI de nuestros PDV Tradicional (06),H,sí,H,sí
WALMART EXPRESS - DIVISION,19.32094,-99.13931,SAN PABLO TEPETLAPA,04600,Coyoacán (DF),H,H,sí,Ciudad de México,89499585c13ffff,918,19.9,24.2,19.7,15.9,10.1,10.3,3.97,no aplica · AltScore solo en la ZM Mérida,no aplica · AltScore solo en la ZM Mérida,3.97,2.86,solo INEGI; H si ≥ media INEGI de nuestros PDV Tradicional (06),H,sí,H,sí
WALMART EXPRESS - ECHEGARAY,19.49751,-99.22598,ECHEGARAY,53300,Naucalpan de Juárez (MEX),H,H,sí,México,894995a362bffff,695,24.3,30.3,23.4,14.2,4.8,2.9,4.47,no aplica · AltScore solo en la ZM Mérida,no aplica · AltScore solo en la ZM Mérida,4.47,2.86,solo INEGI; H si ≥ media INEGI de nuestros PDV Tradicional (06),H,sí,H,sí
WALMART EXPRESS - F DE LAS LOMAS,19.39537,-99.28954,JESUS DEL MONTE,52764,Huixquilucan (MEX),H,H,sí,México,894995b02b3ffff,851,24.6,29.9,23.6,14,4.8,2.9,4.47,no aplica · AltScore solo en la ZM Mérida,no aplica · AltScore solo en la ZM Mérida,4.47,2.86,solo INEGI; H si ≥ media INEGI de nuestros PDV Tradicional (06),H,sí,H,sí
WALMART EXPRESS - FELIX CUEVAS,19.37284,-99.173,sin colonia en Nielsen,09500,Benito Juárez (DF),H,H,sí,Ciudad de México,894995ba4c7ffff,2473,21.4,27,21.3,16.5,8.9,4.9,4.21,no aplica · AltScore solo en la ZM Mérida,no aplica · AltScore solo en la ZM Mérida,4.21,2.86,solo INEGI; H si ≥ media INEGI de nuestros PDV Tradicional (06),H,sí,H,sí
WALMART EXPRESS - GEORGIA,19.38985,-99.17565,NAPOLES,03810,Benito Juárez (DF),H,H,sí,Ciudad de México,894995ba093ffff,1960,24.5,29.9,21.2,14.3,6.6,3.6,4.4,no aplica · AltScore solo en la ZM Mérida,no aplica · AltScore solo en la ZM Mérida,4.4,2.86,solo INEGI; H si ≥ media INEGI de nuestros PDV Tradicional (06),H,sí,H,sí
WALMART EXPRESS - GOBERNADORES,18.94427,-99.22807,LOMAS DE LA SELVA,62270,Cuernavaca (MOR),H,H,sí,Morelos,8949b32c5d7ffff,367,20.4,23.5,19,15.7,10.4,10.9,3.95,no aplica · AltScore solo en la ZM Mérida,no aplica · AltScore solo en la ZM Mérida,3.95,2.86,solo INEGI; H si ≥ media INEGI de nuestros PDV Tradicional (06),H,sí,H,sí
WALMART EXPRESS - INDIANA,19.38404,-99.17724,CIUDAD DE LOS DEPORTES,03710,Benito Juárez (DF),H,H,sí,Ciudad de México,894995ba42bffff,1859,22.3,28.6,21.7,15.6,7.7,4.1,4.3,no aplica · AltScore solo en la ZM Mérida,no aplica · AltScore solo en la ZM Mérida,4.3,2.86,solo INEGI; H si ≥ media INEGI de nuestros PDV Tradicional (06),H,sí,H,sí
WALMART EXPRESS - INSURGENTES LA JOYA,19.28205,-99.17328,TLALPAN CENTRO,14000,Tlalpan (DF),H,H,sí,Ciudad de México,8949958455bffff,537,18.9,23.9,20.3,16.7,10.5,9.7,3.95,no aplica · AltScore solo en la ZM Mérida,no aplica · AltScore solo en la ZM Mérida,3.95,2.86,solo INEGI; H si ≥ media INEGI de nuestros PDV Tradicional (06),H,sí,H,sí
WALMART EXPRESS - IZCALLI,19.64489,-99.20468,CENTRO URBANO,54700,Cuautitlán Izcalli (MEX),H,H,sí,México,894995af69bffff,682,18.8,26.8,23.4,17.1,8.1,5.9,4.14,no aplica · AltScore solo en la ZM Mérida,no aplica · AltScore solo en la ZM Mérida,4.14,2.86,solo INEGI; H si ≥ media INEGI de nuestros PDV Tradicional (06),H,sí,H,sí
WALMART EXPRESS - JARDINES N LA MONTANA,19.30256,-99.20707,JARDINES EN LA MONTANA,14210,Tlalpan (DF),H,H,sí,Ciudad de México,89499586a77ffff,390,36.5,33.1,19.3,9,1.6,0.5,4.92,no aplica · AltScore solo en la ZM Mérida,no aplica · AltScore solo en la ZM Mérida,4.92,2.86,solo INEGI; H si ≥ media INEGI de nuestros PDV Tradicional (06),H,sí,H,sí
WALMART EXPRESS - JURICA,20.64968,-100.43297,AMPLIACION JURICA,76100,Querétaro (QRO),H,H,sí,Querétaro,894983cac63ffff,16,36.2,33.1,20.5,8.4,1.4,0.3,4.93,no aplica · AltScore solo en la ZM Mérida,no aplica · AltScore solo en la ZM Mérida,4.93,2.86,solo INEGI; H si ≥ media INEGI de nuestros PDV Tradicional (06),H,sí,H,sí
WALMART EXPRESS - JURIQUILLA ST FE,20.69193,-100.44489,FRACCIONAMIENTO RESIDENCIAL JURIQUILLA SANTA FE,76230,Querétaro (QRO),H,H,sí,Querétaro,894983cf6d3ffff,518,30.8,34.9,21.1,9.8,2.6,0.8,4.79,no aplica · AltScore solo en la ZM Mérida,no aplica · AltScore solo en la ZM Mérida,4.79,2.86,solo INEGI; H si ≥ media INEGI de nuestros PDV Tradicional (06),H,sí,H,sí
WALMART EXPRESS - LA NORIA,19.03391,-98.22483,LA NORIA,72410,Puebla (PUE),H,H,sí,Puebla,894994ad013ffff,159,20.7,22.6,18.3,15.4,9.7,13.4,3.89,no aplica · AltScore solo en la ZM Mérida,no aplica · AltScore solo en la ZM Mérida,3.89,2.86,solo INEGI; H si ≥ media INEGI de nuestros PDV Tradicional (06),H,sí,H,sí
WALMART EXPRESS - LILAS,19.38826,-99.24778,BOSQUES DE LAS LOMAS,05120,Miguel Hidalgo (DF),H,H,sí,Ciudad de México,894995b154bffff,376,16.4,19.2,16.8,16.6,9.5,21.6,3.52,no aplica · AltScore solo en la ZM Mérida,no aplica · AltScore solo en la ZM Mérida,3.52,2.86,solo INEGI; H si ≥ media INEGI de nuestros PDV Tradicional (06),H,sí,H,sí
WALMART EXPRESS - LOMAS ANAHUAC,19.40665,-99.25682,LOMAS DE TECAMACHALCO,52760,Huixquilucan (MEX),H,H,sí,México,894995b1113ffff,460,27.4,32.7,23.9,12.7,2.5,0.8,4.67,no aplica · AltScore solo en la ZM Mérida,no aplica · AltScore solo en la ZM Mérida,4.67,2.86,solo INEGI; H si ≥ media INEGI de nuestros PDV Tradicional (06),H,sí,H,sí
WALMART EXPRESS - LOMAS DEL VALLE,18.98343,-98.19522,TRES CRUCES,72595,Puebla (PUE),H,H,sí,Puebla,894994a88bbffff,404,21.4,22.2,16.6,12.5,8.8,18.4,3.8,no aplica · AltScore solo en la ZM Mérida,no aplica · AltScore solo en la ZM Mérida,3.8,2.86,solo INEGI; H si ≥ media INEGI de nuestros PDV Tradicional (06),H,sí,H,sí
WALMART EXPRESS - LOMAS VERDES,19.50637,-99.25911,LOMAS VERDES,53120,Naucalpan de Juárez (MEX),H,H,sí,México,894995a31d3ffff,855,14.9,20.6,19.4,16.3,11.1,17.7,3.59,no aplica · AltScore solo en la ZM Mérida,no aplica · AltScore solo en la ZM Mérida,3.59,2.86,solo INEGI; H si ≥ media INEGI de nuestros PDV Tradicional (06),H,sí,H,sí
WALMART EXPRESS - LORETO,19.3417,-99.1913,LORETO,01090,Álvaro Obregón (DF),H,H,sí,Ciudad de México,89499584853ffff,478,20.2,24.6,20.3,16.4,10,8.5,4.03,no aplica · AltScore solo en la ZM Mérida,no aplica · AltScore solo en la ZM Mérida,4.03,2.86,solo INEGI; H si ≥ media INEGI de nuestros PDV Tradicional (06),H,sí,H,sí
WALMART EXPRESS - LOS GIRASOLES,19.31077,-99.12473,GIRASOLES DE VALLE,04920,Coyoacán (DF),H,H,sí,Ciudad de México,894995851abffff,1066,22.6,26.7,20.7,15.3,9,5.7,4.22,no aplica · AltScore solo en la ZM Mérida,no aplica · AltScore solo en la ZM Mérida,4.22,2.86,solo INEGI; H si ≥ media INEGI de nuestros PDV Tradicional (06),H,sí,H,sí
WALMART EXPRESS - LUIS CABRERA,19.32155,-99.22191,SAN JERONIMO LIDICE,10200,La Magdalena Contreras (DF),H,H,sí,Ciudad de México,89499586b6fffff,511,24.7,27.4,20.2,14.2,7.2,6.3,4.29,no aplica · AltScore solo en la ZM Mérida,no aplica · AltScore solo en la ZM Mérida,4.29,2.86,solo INEGI; H si ≥ media INEGI de nuestros PDV Tradicional (06),H,sí,H,sí
WALMART EXPRESS - METEPEC AV EDO DE MEX,19.25007,-99.5898,SAN MIGUEL,52140,Metepec (MEX),H,H,sí,México,894986455bbffff,270,13.9,20.9,20.4,17.3,12.4,15.1,3.61,no aplica · AltScore solo en la ZM Mérida,no aplica · AltScore solo en la ZM Mérida,3.61,2.86,solo INEGI; H si ≥ media INEGI de nuestros PDV Tradicional (06),H,sí,H,sí
WALMART EXPRESS - MICHOACAN,19.41136,-99.17123,HIPODROMO CONDESA,06170,Cuauhtémoc (DF),H,H,sí,Ciudad de México,894995ba067ffff,1611,19.4,26.2,21.9,17.1,9.8,5.6,4.11,no aplica · AltScore solo en la ZM Mérida,no aplica · AltScore solo en la ZM Mérida,4.11,2.86,solo INEGI; H si ≥ media INEGI de nuestros PDV Tradicional (06),H,sí,H,sí
WALMART EXPRESS - MILENEO,20.59676,-100.36104,FRACCIONAMIENTO MILENIO III,76060,Querétaro (QRO),H,H,sí,Querétaro,894983d9b2fffff,432,26.9,29.9,20.8,12,5.2,5.2,4.46,no aplica · AltScore solo en la ZM Mérida,no aplica · AltScore solo en la ZM Mérida,4.46,2.86,solo INEGI; H si ≥ media INEGI de nuestros PDV Tradicional (06),H,sí,H,sí
WALMART EXPRESS - MONTEJO,21.01384,-89.61389,MEXICO,97125,Mérida (YUC),H,H,sí,Yucatán,894509b18d3ffff,329,23.5,23.2,19.1,14.1,9,11.1,4.05,33,3.68,3.96,2.88,(1 − 0.25) · INEGI + 0.25 · AltScore; H si ≥ media de nuestros PDV Tradicional (06),H,sí,H,sí
WALMART EXPRESS - OLIPLAZA,19.36875,-99.1213,SECTOR POPULAR,09060,Iztapalapa (DF),H,H,sí,Ciudad de México,89499585b53ffff,1793,12.1,17.2,17.2,17.9,14.6,21.1,3.31,no aplica · AltScore solo en la ZM Mérida,no aplica · AltScore solo en la ZM Mérida,3.31,2.86,solo INEGI; H si ≥ media INEGI de nuestros PDV Tradicional (06),H,sí,H,sí
WALMART EXPRESS - PABELLON CAMPESTRE,20.56095,-100.41287,SAN JOSE DE LOS OLVERA,76902,Corregidora (QRO),H,H,sí,Querétaro,894983d8ab3ffff,416,26.2,29.5,22,13.5,5.6,3.1,4.48,no aplica · AltScore solo en la ZM Mérida,no aplica · AltScore solo en la ZM Mérida,4.48,2.86,solo INEGI; H si ≥ media INEGI de nuestros PDV Tradicional (06),H,sí,H,sí
WALMART EXPRESS - PARQUE TEPEYAC,19.47757,-99.09927,DM NACIONAL,07900,Gustavo A. Madero (DF),H,H,sí,Ciudad de México,894995b9107ffff,209,13.9,19,18.6,17.8,14,16.7,3.51,no aplica · AltScore solo en la ZM Mérida,no aplica · AltScore solo en la ZM Mérida,3.51,2.86,solo INEGI; H si ≥ media INEGI de nuestros PDV Tradicional (06),H,sí,H,sí
WALMART EXPRESS - PATIO PEDREGAL,19.30352,-99.17237,EX EJIDO SANTA URSULA COAPA,04650,Coyoacán (DF),H,H,sí,Ciudad de México,8949958415bffff,1954,24.4,27.8,20.4,14.5,7.7,5.2,4.31,no aplica · AltScore solo en la ZM Mérida,no aplica · AltScore solo en la ZM Mérida,4.31,2.86,solo INEGI; H si ≥ media INEGI de nuestros PDV Tradicional (06),H,sí,H,sí
WALMART EXPRESS - PEDREGAL,19.33506,-99.19911,LA OTRA BANDA,01090,Álvaro Obregón (DF),H,H,sí,Ciudad de México,894995848d7ffff,926,22.7,26.9,21,15.7,8.3,5.5,4.23,no aplica · AltScore solo en la ZM Mérida,no aplica · AltScore solo en la ZM Mérida,4.23,2.86,solo INEGI; H si ≥ media INEGI de nuestros PDV Tradicional (06),H,sí,H,sí
WALMART EXPRESS - PERIFERICO,19.29598,-99.15537,TORIELLO GUERRA,14050,Tlalpan (DF),H,H,sí,Ciudad de México,8949958404fffff,630,18,23.1,20.1,17.1,11.3,10.3,3.89,no aplica · AltScore solo en la ZM Mérida,no aplica · AltScore solo en la ZM Mérida,3.89,2.86,solo INEGI; H si ≥ media INEGI de nuestros PDV Tradicional (06),H,sí,H,sí
WALMART EXPRESS - POPOCATEPETL,19.36563,-99.16701,XOCO,03400,Benito Juárez (DF),H,H,sí,Ciudad de México,894995ba4dbffff,962,26.5,30.4,20.5,13.3,6,3.3,4.48,no aplica · AltScore solo en la ZM Mérida,no aplica · AltScore solo en la ZM Mérida,4.48,2.86,solo INEGI; H si ≥ media INEGI de nuestros PDV Tradicional (06),H,sí,H,sí
WALMART EXPRESS - PROVIDENCIA,19.27046,-99.60601,LA PROVIDENCIA,52172,Metepec (MEX),H,H,sí,México,89498644233ffff,141,19.2,25.7,22.6,16,8.6,7.8,4.07,no aplica · AltScore solo en la ZM Mérida,no aplica · AltScore solo en la ZM Mérida,4.07,2.86,solo INEGI; H si ≥ media INEGI de nuestros PDV Tradicional (06),H,sí,H,sí
WALMART EXPRESS - PUNTA ZERO,19.18072,-99.5904,SAN ANDRES,52220,Calimaya (MEX),H,H,sí,México,89498647403ffff,587,23,29.9,22.6,13.5,5.5,5.4,4.35,no aplica · AltScore solo en la ZM Mérida,no aplica · AltScore solo en la ZM Mérida,4.35,2.86,solo INEGI; H si ≥ media INEGI de nuestros PDV Tradicional (06),H,sí,H,sí
WALMART EXPRESS - REVOLUCION,19.36507,-99.18924,MIXCOAC,03910,Benito Juárez (DF),H,H,sí,Ciudad de México,89499584b53ffff,1771,23.8,29,21.2,14.8,6.9,4.4,4.35,no aplica · AltScore solo en la ZM Mérida,no aplica · AltScore solo en la ZM Mérida,4.35,2.86,solo INEGI; H si ≥ media INEGI de nuestros PDV Tradicional (06),H,sí,H,sí
WALMART EXPRESS - RIO MAYO,18.93525,-99.20759,VISTA HERMOSA,62290,Cuernavaca (MOR),H,H,sí,Morelos,8949b32c4c7ffff,161,32,31.1,18.7,10.5,4.6,3.1,4.66,no aplica · AltScore solo en la ZM Mérida,no aplica · AltScore solo en la ZM Mérida,4.66,2.86,solo INEGI; H si ≥ media INEGI de nuestros PDV Tradicional (06),H,sí,H,sí
WALMART EXPRESS - SP MERIDA ORIENTE,21.00167,-89.59322,DIAZ ORDAZ,97130,Mérida (YUC),H,H,sí,Yucatán,894509b1ec3ffff,240,19.8,21.7,20.1,17.1,11.3,10,3.92,30,3.07,3.72,2.88,(1 − 0.25) · INEGI + 0.25 · AltScore; H si ≥ media de nuestros PDV Tradicional (06),H,sí,H,sí
WALMART EXPRESS - SP PASEOS DE TAXQUENA,19.3391,-99.1267,TAXQUEÑA,04280,Coyoacán (DF),H,H,sí,Ciudad de México,894995858dbffff,717,26,28.4,20.5,13.8,6.8,4.6,4.39,no aplica · AltScore solo en la ZM Mérida,no aplica · AltScore solo en la ZM Mérida,4.39,2.86,solo INEGI; H si ≥ media INEGI de nuestros PDV Tradicional (06),H,sí,H,sí
WALMART EXPRESS - TECAMACHALCO,19.42222,-99.2375,LOMAS DE TECAMACHALCO,53950,Naucalpan de Juárez (MEX),H,H,sí,México,894995b1307ffff,447,17.4,22.6,20.1,15.8,9.5,14.6,3.79,no aplica · AltScore solo en la ZM Mérida,no aplica · AltScore solo en la ZM Mérida,3.79,2.86,solo INEGI; H si ≥ media INEGI de nuestros PDV Tradicional (06),H,sí,H,sí
WALMART EXPRESS - TECNOLOGICO,19.27476,-99.57397,SAN SALVADOR TIZATLALE,52172,Metepec (MEX),H,H,sí,México,89498645157ffff,263,20.9,27.2,23.1,15.1,7.4,6.2,4.21,no aplica · AltScore solo en la ZM Mérida,no aplica · AltScore solo en la ZM Mérida,4.21,2.86,solo INEGI; H si ≥ media INEGI de nuestros PDV Tradicional (06),H,sí,H,sí
WALMART EXPRESS - TEJADA,20.54949,-100.42387,RESIDENCIAL TEJEDA,76900,Corregidora (QRO),H,H,sí,Querétaro,894983d88d7ffff,254,32.3,31.9,20.3,10,3.3,2.2,4.73,no aplica · AltScore solo en la ZM Mérida,no aplica · AltScore solo en la ZM Mérida,4.73,2.86,solo INEGI; H si ≥ media INEGI de nuestros PDV Tradicional (06),H,sí,H,sí
WALMART EXPRESS - VIRREYES,19.42259,-99.20548,MOLINO DEL REY,11040,Miguel Hidalgo (DF),H,H,sí,Ciudad de México,894995baccfffff,517,23.9,28.3,20.7,14.6,6.8,5.7,4.31,no aplica · AltScore solo en la ZM Mérida,no aplica · AltScore solo en la ZM Mérida,4.31,2.86,solo INEGI; H si ≥ media INEGI de nuestros PDV Tradicional (06),H,sí,H,sí
WALMART EXPRESS - VISTA HERMOSA,19.37312,-99.2787,GRANJAS NAVIDAD,05219,Cuajimalpa de Morelos (DF),H,H,sí,Ciudad de México,894995b06cfffff,633,17.8,20.9,17.8,16.1,11.7,15.8,3.7,no aplica · AltScore solo en la ZM Mérida,no aplica · AltScore solo en la ZM Mérida,3.7,2.86,solo INEGI; H si ≥ media INEGI de nuestros PDV Tradicional (06),H,sí,H,sí
WALMART EXPRESS - VIVEROS,19.53194,-99.22005,VIVEROS DEL VALLE,54080,Tlalnepantla de Baz (MEX),H,H,sí,México,894995a1413ffff,961,19.6,27.2,23.1,16.5,7.7,5.7,4.17,no aplica · AltScore solo en la ZM Mérida,no aplica · AltScore solo en la ZM Mérida,4.17,2.86,solo INEGI; H si ≥ media INEGI de nuestros PDV Tradicional (06),H,sí,H,sí
WALMART EXPRESS - XALAPA,19.52314,-96.89202,FRACCIONAMIENTO LAS ANIMAS,91190,Xalapa (VER),H,H,sí,Veracruz de Ignacio de la Llave,89499604a27ffff,131,17.7,22.8,18.1,15.8,11.2,14.3,3.77,no aplica · AltScore solo en la ZM Mérida,no aplica · AltScore solo en la ZM Mérida,3.77,2.86,solo INEGI; H si ≥ media INEGI de nuestros PDV Tradicional (06),H,sí,H,sí
WALMART EXPRESS - ZAPATA,18.9565,-99.24621,TLALTENANGO,62170,Cuernavaca (MOR),H,H,sí,Morelos,8949b32ead3ffff,292,18.2,21.6,18.2,16.2,11.7,14.1,3.76,no aplica · AltScore solo en la ZM Mérida,no aplica · AltScore solo en la ZM Mérida,3.76,2.86,solo INEGI; H si ≥ media INEGI de nuestros PDV Tradicional (06),H,sí,H,sí
WALMART EXPRESS - ZIBATA,20.68246,-100.3179,PASEO DE LAS PITAHAYAS,76269,El Marqués (QRO),H,H,sí,Querétaro,894983c91d7ffff,244,29.1,33.6,21.1,10.4,3.8,2,4.68,no aplica · AltScore solo en la ZM Mérida,no aplica · AltScore solo en la ZM Mérida,4.68,2.86,solo INEGI; H si ≥ media INEGI de nuestros PDV Tradicional (06),H,sí,H,sí
WALMART SC - EL REFUGIO,20.64091,-100.34264,LA PURISIMA,76146,Querétaro (QRO),H,sin estimar · sin hogares INEGI a 300 m de la tienda,sin estimar · sin hogares INEGI a 300 m de la tienda,Querétaro,894983cb16bffff,0,sin estimar · sin hogares INEGI a 300 m de la tienda,sin estimar · sin hogares INEGI a 300 m de la tienda,sin estimar · sin hogares INEGI a 300 m de la tienda,sin estimar · sin hogares INEGI a 300 m de la tienda,sin estimar · sin hogares INEGI a 300 m de la tienda,sin estimar · sin hogares INEGI a 300 m de la tienda,sin estimar · sin hogares INEGI a 300 m de la tienda,no aplica · AltScore solo en la ZM Mérida,no aplica · AltScore solo en la ZM Mérida,sin estimar · sin hogares INEGI a 300 m de la tienda,sin estimar · sin hogares INEGI a 300 m de la tienda,sin estimar · sin hogares INEGI a 300 m de la tienda,sin estimar · sin hogares INEGI a 300 m de la tienda,sin estimar · sin hogares INEGI a 300 m de la tienda,sin estimar · sin hogares INEGI a 300 m de la tienda,sin estimar · sin hogares INEGI a 300 m de la tienda
WALMART SC - ESPACIO ESMERALDA,19.55279,-99.29082,LA ESTADIA,52936,Atizapán de Zaragoza (MEX),H,H,sí,México,894995a00a3ffff,100,29.3,34.4,23.5,10.9,1.6,0.3,4.78,no aplica · AltScore solo en la ZM Mérida,no aplica · AltScore solo en la ZM Mérida,4.78,2.86,solo INEGI; H si ≥ media INEGI de nuestros PDV Tradicional (06),H,sí,H,sí
WALMART SC - MERIDA CAMPESTRE,21.00933,-89.62231,CENTRO,97000,Mérida (YUC),H,H,sí,Yucatán,894509b1c2bffff,318,26.8,25.1,20.3,14.7,7.7,5.5,4.32,22,2.79,3.95,2.88,(1 − 0.25) · INEGI + 0.25 · AltScore; H si ≥ media de nuestros PDV Tradicional (06),H,sí,H,sí
AKI GM CONSTITUYENTES,20.642609,-87.091059,EJIDAL,77710,Solidaridad (QROO),H,L,no,Quintana Roo,89450a1b2a7ffff,468,3.7,6.8,11.1,16.7,19.1,42.5,2.32,no aplica · AltScore solo en la ZM Mérida,no aplica · AltScore solo en la ZM Mérida,2.32,2.86,solo INEGI; H si ≥ media INEGI de nuestros PDV Tradicional (06),L,no,L,no
Aki Xcanatun,21.038049,-89.614534,MONTES DE AME,97115,Mérida (YUC),H,H,sí,Yucatán,894509b1b9bffff,294,26.3,26.8,19.8,12.7,6.4,8,4.3,25,2.66,3.9,2.88,(1 − 0.25) · INEGI + 0.25 · AltScore; H si ≥ media de nuestros PDV Tradicional (06),H,sí,H,sí
BODEGA AURRERA - 14 ORIENTE,19.04299,-98.15789,AGRICOLA RESURGIMIENTO,72370,Puebla (PUE),H,H,sí,Puebla,8949943200fffff,561,12.1,15.7,15.7,15.7,13.9,27,3.15,no aplica · AltScore solo en la ZM Mérida,no aplica · AltScore solo en la ZM Mérida,3.15,2.86,solo INEGI; H si ≥ media INEGI de nuestros PDV Tradicional (06),L,no,H,sí
BODEGA AURRERA - BOLIVAR,19.42192,-99.13972,OBRERA,06800,Cuauhtémoc (DF),H,H,sí,Ciudad de México,894995b84d3ffff,1323,9,14.7,17.6,20.8,17.9,20,3.16,no aplica · AltScore solo en la ZM Mérida,no aplica · AltScore solo en la ZM Mérida,3.16,2.86,solo INEGI; H si ≥ media INEGI de nuestros PDV Tradicional (06),L,no,H,sí
BODEGA AURRERA - BOSQUES DEL VALLE,19.64764,-99.11626,BOSQUES DEL VALLE,55717,Coacalco de Berriozábal (MEX),H,H,sí,México,894995a830fffff,2935,8.9,15,18.2,19.7,17.3,21,3.16,no aplica · AltScore solo en la ZM Mérida,no aplica · AltScore solo en la ZM Mérida,3.16,2.86,solo INEGI; H si ≥ media INEGI de nuestros PDV Tradicional (06),L,no,H,sí
BODEGA AURRERA - CD.LABOR,19.60532,-99.18157,SAN FRANCISCO CHILPAN,54940,Tultitlán (MEX),H,L,no,México,894995aa8d3ffff,547,5.5,9.6,12.7,15.4,16.6,40.2,2.51,no aplica · AltScore solo en la ZM Mérida,no aplica · AltScore solo en la ZM Mérida,2.51,2.86,solo INEGI; H si ≥ media INEGI de nuestros PDV Tradicional (06),L,no,L,no
BODEGA AURRERA - CUERNAVACA,18.92239,-99.2106,CHAPULTEPEC,62450,Cuernavaca (MOR),H,H,sí,Morelos,8949b32e277ffff,510,19.1,22.2,18.3,16.1,11.8,12.6,3.83,no aplica · AltScore solo en la ZM Mérida,no aplica · AltScore solo en la ZM Mérida,3.83,2.86,solo INEGI; H si ≥ media INEGI de nuestros PDV Tradicional (06),H,sí,H,sí
BODEGA AURRERA - GLORIETA CAUCEL,20.99527,-89.69841,FRACCIONAMIENTO CIUDAD CAUCEL,97314,Mérida (YUC),H,H,sí,Yucatán,894509b2b47ffff,321,14.1,20.5,18.2,16.3,13.7,17.2,3.53,32,2.65,3.33,2.88,(1 − 0.25) · INEGI + 0.25 · AltScore; H si ≥ media de nuestros PDV Tradicional (06),H,sí,H,sí
BODEGA AURRERA - GUADALUPANA,19.62967,-99.01972,LOS HEROES TECAMAC,55763,Tecámac (MEX),H,H,sí,México,89499506527ffff,2082,10.2,16.5,19,19.3,16.1,18.9,3.29,no aplica · AltScore solo en la ZM Mérida,no aplica · AltScore solo en la ZM Mérida,3.29,2.86,solo INEGI; H si ≥ media INEGI de nuestros PDV Tradicional (06),H,sí,H,sí
BODEGA AURRERA - ORIZABA,18.8487,-97.09436,CENTRO,94300,Orizaba (VER),H,H,sí,Veracruz de Ignacio de la Llave,89499697193ffff,485,12.6,18.4,17.3,17.8,14.6,19.3,3.39,no aplica · AltScore solo en la ZM Mérida,no aplica · AltScore solo en la ZM Mérida,3.39,2.86,solo INEGI; H si ≥ media INEGI de nuestros PDV Tradicional (06),H,sí,H,sí
BODEGA AURRERA - PASEO DEL REY,19.68999,-99.14713,EL TERREMOTO,54800,Cuautitlán (MEX),H,H,sí,México,894995a8bcbffff,1219,14.1,20.8,20.2,17.5,12.6,14.8,3.62,no aplica · AltScore solo en la ZM Mérida,no aplica · AltScore solo en la ZM Mérida,3.62,2.86,solo INEGI; H si ≥ media INEGI de nuestros PDV Tradicional (06),H,sí,H,sí
BODEGA AURRERA - PATRICIO TRUEBA,19.82654,-90.53437,FRACCIORAMA 2000,24090,Campeche (CAMP),H,H,sí,Campeche,8945763b6c7ffff,512,14.1,15.5,15.3,14.4,12.4,28.4,3.19,no aplica · AltScore solo en la ZM Mérida,no aplica · AltScore solo en la ZM Mérida,3.19,2.86,solo INEGI; H si ≥ media INEGI de nuestros PDV Tradicional (06),H,sí,H,sí
BODEGA AURRERA - PERIFERICO,17.97334,-92.92481,EL GUAYABAL,86090,Centro (TAB),H,H,sí,Tabasco,896d20c6e33ffff,699,16,21.2,17.9,16.5,12.8,15.7,3.64,no aplica · AltScore solo en la ZM Mérida,no aplica · AltScore solo en la ZM Mérida,3.64,2.86,solo INEGI; H si ≥ media INEGI de nuestros PDV Tradicional (06),H,sí,H,sí
BODEGA AURRERA - PILARES,19.26955,-99.5975,BARRIO DE COAXUSTENCO,52176,Metepec (MEX),H,H,sí,México,89498644273ffff,980,16.9,23.8,22.2,17.8,10.4,8.8,3.93,no aplica · AltScore solo en la ZM Mérida,no aplica · AltScore solo en la ZM Mérida,3.93,2.86,solo INEGI; H si ≥ media INEGI de nuestros PDV Tradicional (06),H,sí,H,sí
BODEGA AURRERA - SAN LORENZO,19.32406,-99.07483,SAN JUAN CERRO,09839,Iztapalapa (DF),H,H,sí,Ciudad de México,8949958ec8fffff,2001,11.9,16.9,17.1,17.9,14.8,21.5,3.29,no aplica · AltScore solo en la ZM Mérida,no aplica · AltScore solo en la ZM Mérida,3.29,2.86,solo INEGI; H si ≥ media INEGI de nuestros PDV Tradicional (06),H,sí,H,sí
BODEGA AURRERA - SAN MATEO NOPALA,19.50324,-99.26503,SAN MATEO NOPALA,53220,Naucalpan de Juárez (MEX),H,L,no,México,894995a3567ffff,1308,8.6,12.8,14.3,15.5,14.9,33.8,2.83,no aplica · AltScore solo en la ZM Mérida,no aplica · AltScore solo en la ZM Mérida,2.83,2.86,solo INEGI; H si ≥ media INEGI de nuestros PDV Tradicional (06),L,no,L,no
BODEGA AURRERA - SANTA ANA,18.87435,-97.10979,LOS TULIPANES,94420,Mariano Escobedo (VER),H,H,sí,Veracruz de Ignacio de la Llave,89499694403ffff,1223,8.9,14,14.8,16.6,15.9,29.8,2.94,no aplica · AltScore solo en la ZM Mérida,no aplica · AltScore solo en la ZM Mérida,2.94,2.86,solo INEGI; H si ≥ media INEGI de nuestros PDV Tradicional (06),L,no,L,no
BODEGA AURRERA - SATELITE,20.63611,-100.45277,SATELITE,76110,Querétaro (QRO),H,H,sí,Querétaro,894983c1347ffff,842,13.4,19.7,21.2,19.4,14.3,12,3.62,no aplica · AltScore solo en la ZM Mérida,no aplica · AltScore solo en la ZM Mérida,3.62,2.86,solo INEGI; H si ≥ media INEGI de nuestros PDV Tradicional (06),H,sí,H,sí
BODEGA AURRERA - TOLUCA AZTECAS,19.26276,-99.64558,AZTECA,50180,Toluca (MEX),H,H,sí,México,8949864418bffff,621,14,20.6,20.4,17.7,12.3,15.1,3.61,no aplica · AltScore solo en la ZM Mérida,no aplica · AltScore solo en la ZM Mérida,3.61,2.86,solo INEGI; H si ≥ media INEGI de nuestros PDV Tradicional (06),H,sí,H,sí
BODEGA AURRERA - TOTOLTEPEC,19.30987,-99.58628,SANTA MARIA TOTOLTEPEC,50200,Toluca (MEX),H,H,sí,México,89498645853ffff,897,13.7,20.3,19.8,17,12.5,16.8,3.55,no aplica · AltScore solo en la ZM Mérida,no aplica · AltScore solo en la ZM Mérida,3.55,2.86,solo INEGI; H si ≥ media INEGI de nuestros PDV Tradicional (06),H,sí,H,sí
BODEGA AURRERA - TUXTLA CENTRO CHPS,16.75432,-93.12112,CENTRO,29000,Tuxtla Gutiérrez (CHIS),H,H,sí,Chiapas,896d2311607ffff,482,12.5,16.9,14.6,14.2,12.5,29.2,3.15,no aplica · AltScore solo en la ZM Mérida,no aplica · AltScore solo en la ZM Mérida,3.15,2.86,solo INEGI; H si ≥ media INEGI de nuestros PDV Tradicional (06),L,no,H,sí
BODEGA AURRERA - UNIVERSIDAD,20.39165,-99.96923,FRACCIONAMIENTO DEL RANCHO,76833,San Juan del Río (QRO),H,H,sí,Querétaro,894982041abffff,630,16.6,23.6,20.7,17.1,11.7,10.2,3.86,no aplica · AltScore solo en la ZM Mérida,no aplica · AltScore solo en la ZM Mérida,3.86,2.86,solo INEGI; H si ≥ media INEGI de nuestros PDV Tradicional (06),H,sí,H,sí
BODEGA AURRERA - VILLAS DE LA HACIENDA,19.60865,-99.23316,VILLAS DE LA HACIENDA,52929,Atizapán de Zaragoza (MEX),H,H,sí,México,894995a1a93ffff,737,10.7,17,18.1,17.8,14.5,21.8,3.26,no aplica · AltScore solo en la ZM Mérida,no aplica · AltScore solo en la ZM Mérida,3.26,2.86,solo INEGI; H si ≥ media INEGI de nuestros PDV Tradicional (06),H,sí,H,sí
BODEGA AURRERA - XALAPA,19.54027,-96.89637,CASA BLANCA,91183,Xalapa (VER),H,H,sí,Veracruz de Ignacio de la Llave,8949963a5d3ffff,860,12.9,18.2,16.5,16.3,13.6,22.5,3.33,no aplica · AltScore solo en la ZM Mérida,no aplica · AltScore solo en la ZM Mérida,3.33,2.86,solo INEGI; H si ≥ media INEGI de nuestros PDV Tradicional (06),H,sí,H,sí
BODEGA AURRERA - XONACA,19.04608,-98.18065,XONACA,72280,Puebla (PUE),H,H,sí,Puebla,8949943219bffff,491,12.3,15.6,15.4,15.7,13.7,27.1,3.16,no aplica · AltScore solo en la ZM Mérida,no aplica · AltScore solo en la ZM Mérida,3.16,2.86,solo INEGI; H si ≥ media INEGI de nuestros PDV Tradicional (06),L,no,H,sí
CHEDRAUI MEXICO OJO DE AGUA,19.66531,-99.01817,EX EJIDO DE SAN FRANCISCO,55770,Tecámac (MEX),H,H,sí,México,89499506eb7ffff,505,17.7,25.9,23.3,16.9,9.1,7.1,4.05,no aplica · AltScore solo en la ZM Mérida,no aplica · AltScore solo en la ZM Mérida,4.05,2.86,solo INEGI; H si ≥ media INEGI de nuestros PDV Tradicional (06),H,sí,H,sí
CHEDRAUI PUEBLA XONACA,19.04951,-98.17008,VISTA HERMOSA,72270,Puebla (PUE),H,H,sí,Puebla,894994321cbffff,806,11.7,15.1,15.3,15.7,14.1,28.1,3.1,no aplica · AltScore solo en la ZM Mérida,no aplica · AltScore solo en la ZM Mérida,3.1,2.86,solo INEGI; H si ≥ media INEGI de nuestros PDV Tradicional (06),L,no,H,sí
CHEDRAUI SELECTO TOLUCA METEPEC,19.25874,-99.62841,LA PURISIMA,52140,Metepec (MEX),H,H,sí,México,89498644007ffff,169,20.2,27.3,23.3,15.7,7.4,6.1,4.19,no aplica · AltScore solo en la ZM Mérida,no aplica · AltScore solo en la ZM Mérida,4.19,2.86,solo INEGI; H si ≥ media INEGI de nuestros PDV Tradicional (06),H,sí,H,sí
CHEDRAUI TOLUCA ALFREDO DEL MAZO,19.31049,-99.63572,TLACOPA,50010,Toluca (MEX),H,H,sí,México,89498644ac7ffff,187,15.3,22.8,21.8,17.6,11.2,11.2,3.8,no aplica · AltScore solo en la ZM Mérida,no aplica · AltScore solo en la ZM Mérida,3.8,2.86,solo INEGI; H si ≥ media INEGI de nuestros PDV Tradicional (06),H,sí,H,sí
CHEDRAUI XALAPA  CENTRO,19.52854,-96.92228,CENTRO,91180,Xalapa (VER),H,H,sí,Veracruz de Ignacio de la Llave,8949960496fffff,487,10.4,16,16.3,19.4,17.5,20.5,3.21,no aplica · AltScore solo en la ZM Mérida,no aplica · AltScore solo en la ZM Mérida,3.21,2.86,solo INEGI; H si ≥ media INEGI de nuestros PDV Tradicional (06),H,sí,H,sí
CHEDRAUI XALAPA ALMACENES,19.52869,-96.9225,CENTRO,91000,Xalapa (VER),H,H,sí,Veracruz de Ignacio de la Llave,8949960496fffff,487,10.4,16,16.3,19.4,17.5,20.5,3.21,no aplica · AltScore solo en la ZM Mérida,no aplica · AltScore solo en la ZM Mérida,3.21,2.86,solo INEGI; H si ≥ media INEGI de nuestros PDV Tradicional (06),H,sí,H,sí
HEB QRO BERNARDO QUINTANA,20.609586,-100.379235,COLINAS DEL PARQUE,76140,Querétaro (QRO),H,H,sí,Querétaro,894983ca62bffff,265,22.1,25.9,21.2,14.2,8,8.7,4.14,no aplica · AltScore solo en la ZM Mérida,no aplica · AltScore solo en la ZM Mérida,4.14,2.86,solo INEGI; H si ≥ media INEGI de nuestros PDV Tradicional (06),H,sí,H,sí
HEB QRO ZIBATA,20.675639,-100.32538,FRACC. ZIBATÄÅ¼Ë,76269,El Marqués (QRO),H,H,sí,Querétaro,894983c952bffff,601,30.7,34.9,20.4,9.2,3.1,1.8,4.76,no aplica · AltScore solo en la ZM Mérida,no aplica · AltScore solo en la ZM Mérida,4.76,2.86,solo INEGI; H si ≥ media INEGI de nuestros PDV Tradicional (06),H,sí,H,sí
LA COMER CITY MARKET METEPEC,19.26209,-99.619448,CUAXUSTENCO,52140,Metepec (MEX),H,H,sí,México,8949864407bffff,207,13,19,19.1,16.6,12.3,20,3.44,no aplica · AltScore solo en la ZM Mérida,no aplica · AltScore solo en la ZM Mérida,3.44,2.86,solo INEGI; H si ≥ media INEGI de nuestros PDV Tradicional (06),H,sí,H,sí
MB LA CRESPA,19.30624,-99.604757,LA CRESPA,50220,Toluca (MEX),H,H,sí,México,89498645d4bffff,753,8.8,14.2,16.6,17.3,15.6,27.6,3,no aplica · AltScore solo en la ZM Mérida,no aplica · AltScore solo en la ZM Mérida,3,2.86,solo INEGI; H si ≥ media INEGI de nuestros PDV Tradicional (06),L,no,L,no
MI BODEGA - JONUTA,17.989456,-92.947506,JONUTA,86780,Centro (TAB),H,L,no,Tabasco,896d20c630fffff,570,8.7,12.6,11.9,12.8,12.5,41.6,2.67,no aplica · AltScore solo en la ZM Mérida,no aplica · AltScore solo en la ZM Mérida,2.67,2.86,solo INEGI; H si ≥ media INEGI de nuestros PDV Tradicional (06),L,no,L,no
MI BODEGA - SANTIAGUITO,19.325547,-99.734466,LA LOMA ll,50904,Zinacantepec (MEX),H,H,sí,México,894986733a3ffff,1504,11,18.3,20.2,19.5,14.9,16,3.43,no aplica · AltScore solo en la ZM Mérida,no aplica · AltScore solo en la ZM Mérida,3.43,2.86,solo INEGI; H si ≥ media INEGI de nuestros PDV Tradicional (06),H,sí,H,sí
MI BODEGA - TECAMACHALCO,19.04311,-98.203547,BARRIO SAN NICOLAS,75480,Puebla (PUE),H,H,sí,Puebla,894994ad213ffff,549,9.5,14.3,16.1,18.3,15.2,26.6,3.05,no aplica · AltScore solo en la ZM Mérida,no aplica · AltScore solo en la ZM Mérida,3.05,2.86,solo INEGI; H si ≥ media INEGI de nuestros PDV Tradicional (06),L,no,H,sí
SAN FCO. AKI ALAMEDA,19.841059,-90.533329,SANTA ANA,24050,Campeche (CAMP),H,H,sí,Campeche,8945763b663ffff,452,14,16.3,17.8,17.1,14.2,20.6,3.37,no aplica · AltScore solo en la ZM Mérida,no aplica · AltScore solo en la ZM Mérida,3.37,2.86,solo INEGI; H si ≥ media INEGI de nuestros PDV Tradicional (06),H,sí,H,sí
SAN FCO. AKI CANEK,20.98506,-89.656899,YUCALPETEN,97329,Mérida (YUC),H,H,sí,Yucatán,894509b0143ffff,514,18.1,21.4,19.7,16.9,12.5,11.4,3.81,42,3.71,3.8,2.88,(1 − 0.25) · INEGI + 0.25 · AltScore; H si ≥ media de nuestros PDV Tradicional (06),H,sí,H,sí
SAN FCO. AKI GM ORIENTE,20.968194,-89.588754,FRACCIONAMIENTO DEL PARQUE PACABTUM,97160,Mérida (YUC),H,H,sí,Yucatán,894509b108fffff,218,17.2,20.4,18.9,16.4,12.2,14.9,3.69,26,3.51,3.65,2.88,(1 − 0.25) · INEGI + 0.25 · AltScore; H si ≥ media de nuestros PDV Tradicional (06),H,sí,H,sí
SAN FCO. AKI GM PENSIONES,20.995347,-89.636805,GARCIA GINERES,97070,Mérida (YUC),H,H,sí,Yucatán,894509b0347ffff,373,17.7,19.6,18.8,16.8,12.5,14.6,3.69,38,3.1,3.56,2.88,(1 − 0.25) · INEGI + 0.25 · AltScore; H si ≥ media de nuestros PDV Tradicional (06),H,sí,H,sí
SAN FCO. AKI GM PLAYA DEL CARMEN,20.630942,-87.07464,GONZALO GUERRERO,77710,Solidaridad (QROO),H,H,sí,Quintana Roo,89450a1b2dbffff,158,8.9,15.5,17.6,18.5,17.3,22.2,3.14,no aplica · AltScore solo en la ZM Mérida,no aplica · AltScore solo en la ZM Mérida,3.14,2.86,solo INEGI; H si ≥ media INEGI de nuestros PDV Tradicional (06),L,no,H,sí
SAN FCO. AKI SANTIAGO,20.970147,-89.63043,CENTRO,97000,Mérida (YUC),H,H,sí,Yucatán,894509b0283ffff,319,12.7,15.5,16.7,18.9,16.3,19.8,3.3,65,2.98,3.23,2.88,(1 − 0.25) · INEGI + 0.25 · AltScore; H si ≥ media de nuestros PDV Tradicional (06),H,sí,H,sí
SAN FCO. BODEGA MONTEJO,21.002883,-89.614841,BUENA VISTA,97125,Mérida (YUC),H,H,sí,Yucatán,894509b1c47ffff,107,28.8,24.6,19.5,14.2,7.7,5.2,4.37,50,4.12,4.31,2.88,(1 − 0.25) · INEGI + 0.25 · AltScore; H si ≥ media de nuestros PDV Tradicional (06),H,sí,H,sí
SAN FCO. BODEGA SAN SALVADOR,18.509325,-88.314133,FLAMBOYANES,77034,Othón P. Blanco (QROO),H,H,sí,Quintana Roo,894501b6237ffff,397,11.8,18.4,17.9,16.6,13.6,21.7,3.33,no aplica · AltScore solo en la ZM Mérida,no aplica · AltScore solo en la ZM Mérida,3.33,2.86,solo INEGI; H si ≥ media INEGI de nuestros PDV Tradicional (06),H,sí,H,sí
SAN FCO. EXPRESS COLOSIO,19.833626,-90.526168,BARRIO DE STA ANA,24050,Campeche (CAMP),H,H,sí,Campeche,8945763b64bffff,607,12.2,14.7,15.7,15.7,14.1,27.7,3.12,no aplica · AltScore solo en la ZM Mérida,no aplica · AltScore solo en la ZM Mérida,3.12,2.86,solo INEGI; H si ≥ media INEGI de nuestros PDV Tradicional (06),L,no,H,sí
SAN FRANCISCO AKI CANTARITOS,21.023167,-89.643133,FRANCISCO DE MONTEJO,97203,Mérida (YUC),H,H,sí,Yucatán,894509b1d23ffff,744,24.7,25.8,21.2,13.6,8.1,6.6,4.26,80,3.89,4.17,2.88,(1 − 0.25) · INEGI + 0.25 · AltScore; H si ≥ media de nuestros PDV Tradicional (06),H,sí,H,sí
SAN FRANCISCO AKI SAN ANGELO,21.038049,-89.614532,PROGRESO,97300,Mérida (YUC),H,H,sí,Yucatán,894509b1b9bffff,294,26.3,26.8,19.8,12.7,6.4,8,4.3,25,2.66,3.9,2.88,(1 − 0.25) · INEGI + 0.25 · AltScore; H si ≥ media de nuestros PDV Tradicional (06),H,sí,H,sí
SAN FRANCISCO AKI SANTA FE,21.005092,-89.686787,FRANCISCO DE MONTEJO,97203,Mérida (YUC),H,H,sí,Yucatán,894509b0c33ffff,335,21.3,26.8,20,14.4,8.9,8.5,4.12,37,3.95,4.09,2.88,(1 − 0.25) · INEGI + 0.25 · AltScore; H si ≥ media de nuestros PDV Tradicional (06),H,sí,H,sí
SAN FRCO. AKI LAS PALAMAS,21.038182,-89.643807,FRANCISCO DE MONTEJO,97203,Mérida (YUC),H,H,sí,Yucatán,894509b19a3ffff,761,26.5,27.5,21.5,13.1,7.1,4.2,4.41,46,3.85,4.27,2.88,(1 − 0.25) · INEGI + 0.25 · AltScore; H si ≥ media de nuestros PDV Tradicional (06),H,sí,H,sí
SORIANA HIPERMERCADO SAN JUAN DEL RIO,20.385077,-99.969105,SAN CAYETANO,02430,San Juan del Río (QRO),H,H,sí,Querétaro,89498204187ffff,571,13.8,20,18.4,16.4,12.3,19.1,3.49,no aplica · AltScore solo en la ZM Mérida,no aplica · AltScore solo en la ZM Mérida,3.49,2.86,solo INEGI; H si ≥ media INEGI de nuestros PDV Tradicional (06),H,sí,H,sí
SORIANA HIPERMERCADO SENDERO QUERETARO,20.618487,-100.439737,EL SOL,09830,Querétaro (QRO),H,H,sí,Querétaro,894983c1203ffff,177,14.9,20.8,20.9,18.9,13,11.5,3.71,no aplica · AltScore solo en la ZM Mérida,no aplica · AltScore solo en la ZM Mérida,3.71,2.86,solo INEGI; H si ≥ media INEGI de nuestros PDV Tradicional (06),H,sí,H,sí
SORIANA MEGA MEGA CAMPECHE CENTRAL,19.837605,-90.534805,BARRIO DE SANTA ANA,24050,Campeche (CAMP),H,H,sí,Campeche,8945763b677ffff,397,14.2,16.2,18.1,17.6,14.8,19,3.4,no aplica · AltScore solo en la ZM Mérida,no aplica · AltScore solo en la ZM Mérida,3.4,2.86,solo INEGI; H si ≥ media INEGI de nuestros PDV Tradicional (06),H,sí,H,sí
SORIANA MEGA MEGA CUERNAVACA CENTRO,18.916919,-99.237473,CENTRO,62000,Cuernavaca (MOR),H,H,sí,Morelos,8949b32e393ffff,221,12.5,16.1,16.1,16.8,14.8,23.7,3.23,no aplica · AltScore solo en la ZM Mérida,no aplica · AltScore solo en la ZM Mérida,3.23,2.86,solo INEGI; H si ≥ media INEGI de nuestros PDV Tradicional (06),H,sí,H,sí
SORIANA MEGA MEGA METEPEC,19.259928,-99.618257,BARRIO DE CUAUXUSTENCO,22140,Metepec (MEX),H,H,sí,México,89498644047ffff,104,10.7,16.3,17.4,16.4,13.5,25.6,3.17,no aplica · AltScore solo en la ZM Mérida,no aplica · AltScore solo en la ZM Mérida,3.17,2.86,solo INEGI; H si ≥ media INEGI de nuestros PDV Tradicional (06),H,sí,H,sí
SORIANA MERCADO AMALUCAN,19.043261,-98.137645,AMALUCAN,72310,Puebla (PUE),H,H,sí,Puebla,8949943228bffff,428,12.3,15.8,16.2,15.6,13.6,26.4,3.18,no aplica · AltScore solo en la ZM Mérida,no aplica · AltScore solo en la ZM Mérida,3.18,2.86,solo INEGI; H si ≥ media INEGI de nuestros PDV Tradicional (06),H,sí,H,sí
SORIANA MERCADO TECAMAC II,19.633207,-99.033428,LOS HEROES TECAMAC,55765,Tecámac (MEX),H,H,sí,México,894995a9213ffff,2270,10.3,16.5,18,18.3,15.7,21.1,3.24,no aplica · AltScore solo en la ZM Mérida,no aplica · AltScore solo en la ZM Mérida,3.24,2.86,solo INEGI; H si ≥ media INEGI de nuestros PDV Tradicional (06),H,sí,H,sí
WALMART SC - BLVD RUIZ CORTINES,17.99059,-92.94706,ATASTA DE SERRA,86100,Centro (TAB),H,H,sí,Tabasco,896d20c6307ffff,412,11.8,15.9,14.1,14,12.7,31.4,3.06,no aplica · AltScore solo en la ZM Mérida,no aplica · AltScore solo en la ZM Mérida,3.06,2.86,solo INEGI; H si ≥ media INEGI de nuestros PDV Tradicional (06),L,no,H,sí
WALMART SC - COLOSIO PACHUCA,20.09535,-98.7578,EX HACIENDA DE COSCOTITLAN,42080,Pachuca de Soto (HGO),H,H,sí,Hidalgo,89499564393ffff,400,28.2,31.3,22,12.1,4.2,2.1,4.61,no aplica · AltScore solo en la ZM Mérida,no aplica · AltScore solo en la ZM Mérida,4.61,2.86,solo INEGI; H si ≥ media INEGI de nuestros PDV Tradicional (06),H,sí,H,sí
WALMART SC - JALAPA,19.54188,-96.90731,JARDINES DE JALAPA,91179,Xalapa (VER),H,H,sí,Veracruz de Ignacio de la Llave,8949963a583ffff,1438,12.2,17.8,17.1,17.6,15.1,20.2,3.34,no aplica · AltScore solo en la ZM Mérida,no aplica · AltScore solo en la ZM Mérida,3.34,2.86,solo INEGI; H si ≥ media INEGI de nuestros PDV Tradicional (06),H,sí,H,sí
WALMART SC - LA NACION,20.64068,-100.41623,EPIGMENIO GONZALEZ,76147,Querétaro (QRO),H,H,sí,Querétaro,894983cae9bffff,435,20.9,27.6,21.1,14.4,7.7,8.3,4.15,no aplica · AltScore solo en la ZM Mérida,no aplica · AltScore solo en la ZM Mérida,4.15,2.86,solo INEGI; H si ≥ media INEGI de nuestros PDV Tradicional (06),H,sí,H,sí
WALMART SC - LAGO DE GUADALUPE,19.57944,-99.21104,SAN PEDRO BARRIENTOS,54010,Tlalnepantla de Baz (MEX),H,H,sí,México,894995a13c7ffff,28,9.1,14.6,16.5,17.4,15.2,27.2,3.03,no aplica · AltScore solo en la ZM Mérida,no aplica · AltScore solo en la ZM Mérida,3.03,2.86,solo INEGI; H si ≥ media INEGI de nuestros PDV Tradicional (06),L,no,H,sí
WALMART SC - MACRO PLAZA HEROES,19.61777,-99.03885,LOS HEROES TECAMAC,55764,Tecámac (MEX),H,H,sí,México,894995a963bffff,705,9.6,15.6,18.2,19.6,17,19.9,3.21,no aplica · AltScore solo en la ZM Mérida,no aplica · AltScore solo en la ZM Mérida,3.21,2.86,solo INEGI; H si ≥ media INEGI de nuestros PDV Tradicional (06),H,sí,H,sí
WALMART SC - PENSIONES,20.99459,-89.65496,MIGUEL HIDALGO,97220,Mérida (YUC),H,H,sí,Yucatán,894509b03a7ffff,400,23.4,24.5,20.2,15.6,9.3,7.1,4.16,49,4.27,4.2,2.88,(1 − 0.25) · INEGI + 0.25 · AltScore; H si ≥ media de nuestros PDV Tradicional (06),H,sí,H,sí
WALMART SC - PERIFERICO MERIDA,20.99721,-89.67422,CENTRO,97314,Mérida (YUC),H,H,sí,Yucatán,894509b0c53ffff,7,17.9,21.7,18.6,14.6,11.5,15.8,3.73,14,4.39,3.92,2.88,(1 − 0.25) · INEGI + 0.25 · AltScore; H si ≥ media de nuestros PDV Tradicional (06),H,sí,H,sí
WALMART SC - TOLTECAS,19.55536,-99.19218,INDUSTRIAL TLAXCOLPAN,54030,Tlalnepantla de Baz (MEX),H,H,sí,México,894995a1663ffff,531,8.1,13.1,15.5,16.9,15.8,30.5,2.89,no aplica · AltScore solo en la ZM Mérida,no aplica · AltScore solo en la ZM Mérida,2.89,2.86,solo INEGI; H si ≥ media INEGI de nuestros PDV Tradicional (06),L,no,L,no
WALMART SC - VILLA VERDE,19.056251,-98.160005,VILLA VERDE,73200,Puebla (PUE),H,H,sí,Puebla,89499432383ffff,598,20.3,23.4,19.3,15.5,10.4,11,3.95,no aplica · AltScore solo en la ZM Mérida,no aplica · AltScore solo en la ZM Mérida,3.95,2.86,solo INEGI; H si ≥ media INEGI de nuestros PDV Tradicional (06),H,sí,H,sí
WALMART SC - VILLAHERMOSA I,18.00159,-92.92516,CASA BLANCA,86060,Centro (TAB),H,H,sí,Tabasco,896d20c6103ffff,193,21.7,23.8,16.7,13.2,7.3,17.2,3.88,no aplica · AltScore solo en la ZM Mérida,no aplica · AltScore solo en la ZM Mérida,3.88,2.86,solo INEGI; H si ≥ media INEGI de nuestros PDV Tradicional (06),H,sí,H,sí
WALMART SC - VISTAHERMOSA,18.93314,-99.22774,VISTA HERMOSA,62290,Cuernavaca (MOR),H,L,no,Morelos,8949b32e347ffff,391,6.8,8.7,9.7,12.2,14.1,48.5,2.36,no aplica · AltScore solo en la ZM Mérida,no aplica · AltScore solo en la ZM Mérida,2.36,2.86,solo INEGI; H si ≥ media INEGI de nuestros PDV Tradicional (06),L,no,L,no
AKA HUEJUTLA,21.142076,-98.417359,sin colonia en Nielsen,43000,Huejutla de Reyes (HGO),L,L,sí,Hidalgo,8949916152bffff,412,7.1,11.3,14.3,16.8,16.1,34.3,2.74,no aplica · AltScore solo en la ZM Mérida,no aplica · AltScore solo en la ZM Mérida,2.74,2.86,solo INEGI; H si ≥ media INEGI de nuestros PDV Tradicional (06),L,sí,L,sí
BODEGA AURRERA - ACAPULCO,16.85768,-99.89214,FRACCIONAMIENTO MAGALLANES,39300,Acapulco de Juárez (GRO),L,L,sí,Guerrero,8949b555ab3ffff,20,6,9.7,11.8,14.4,16,42.1,2.49,no aplica · AltScore solo en la ZM Mérida,no aplica · AltScore solo en la ZM Mérida,2.49,2.86,solo INEGI; H si ≥ media INEGI de nuestros PDV Tradicional (06),L,sí,L,sí
BODEGA AURRERA - ACAPULCO UNIVERSID,16.86367,-99.87549,FRACCIONAMIENTO MAGALLANES,39690,Acapulco de Juárez (GRO),L,H,no,Guerrero,8949b555a47ffff,127,14.2,19.6,17.7,14.9,11.7,21.9,3.44,no aplica · AltScore solo en la ZM Mérida,no aplica · AltScore solo en la ZM Mérida,3.44,2.86,solo INEGI; H si ≥ media INEGI de nuestros PDV Tradicional (06),H,no,H,no
BODEGA AURRERA - ALTAMIRANO,18.35532,-100.66772,CENTRO,40660,Pungarabato (GRO),L,L,sí,Guerrero,894984c8563ffff,357,7.5,11.3,11.7,12.2,12.5,44.9,2.54,no aplica · AltScore solo en la ZM Mérida,no aplica · AltScore solo en la ZM Mérida,2.54,2.86,solo INEGI; H si ≥ media INEGI de nuestros PDV Tradicional (06),L,sí,L,sí
BODEGA AURRERA - AUR PLAYA DEL CARMEN NORTE,20.66679,-87.10516,LUIS DONALDO COLOSIO,77710,Solidaridad (QROO),L,L,sí,Quintana Roo,89450a18653ffff,1372,4.7,9.1,12.1,16.5,18.1,39.5,2.47,no aplica · AltScore solo en la ZM Mérida,no aplica · AltScore solo en la ZM Mérida,2.47,2.86,solo INEGI; H si ≥ media INEGI de nuestros PDV Tradicional (06),L,sí,L,sí
BODEGA AURRERA - CHIMALHUACAN,19.40275,-99.00774,BENITO JUAREZ,57000,Nezahualcóyotl (MEX),L,L,sí,México,8949958ddb3ffff,1811,5.4,10.1,13.8,17.4,18.1,35,2.62,no aplica · AltScore solo en la ZM Mérida,no aplica · AltScore solo en la ZM Mérida,2.62,2.86,solo INEGI; H si ≥ media INEGI de nuestros PDV Tradicional (06),L,sí,L,sí
BODEGA AURRERA - COATEPEC SUR,19.44847,-96.95246,COATEPEC,91539,Coatepec (VER),L,H,no,Veracruz de Ignacio de la Llave,89499606d6bffff,354,16.4,22,18.6,16.5,11.7,15,3.7,no aplica · AltScore solo en la ZM Mérida,no aplica · AltScore solo en la ZM Mérida,3.7,2.86,solo INEGI; H si ≥ media INEGI de nuestros PDV Tradicional (06),H,no,H,no
BODEGA AURRERA - COLOSO II ACAPULCO,16.85215,-99.81083,EL COLOSO,39810,Acapulco de Juárez (GRO),L,L,sí,Guerrero,8949b5405a7ffff,601,4.9,9,11.8,14.7,16.2,43.3,2.42,no aplica · AltScore solo en la ZM Mérida,no aplica · AltScore solo en la ZM Mérida,2.42,2.86,solo INEGI; H si ≥ media INEGI de nuestros PDV Tradicional (06),L,sí,L,sí
BODEGA AURRERA - COZUMEL,20.49332,-86.94474,MARAVILLA,77660,Cozumel (QROO),L,L,sí,Quintana Roo,89450acabc3ffff,465,7.2,11.5,14.8,17.9,17.7,31,2.8,no aplica · AltScore solo en la ZM Mérida,no aplica · AltScore solo en la ZM Mérida,2.8,2.86,solo INEGI; H si ≥ media INEGI de nuestros PDV Tradicional (06),L,sí,L,sí
BODEGA AURRERA - EL CARACOL,16.90547,-99.82567,RENACIMIENTO,39715,Acapulco de Juárez (GRO),L,L,sí,Guerrero,8949b540d4fffff,582,4.3,7.7,10.3,13.3,15.4,49,2.25,no aplica · AltScore solo en la ZM Mérida,no aplica · AltScore solo en la ZM Mérida,2.25,2.86,solo INEGI; H si ≥ media INEGI de nuestros PDV Tradicional (06),L,sí,L,sí
BODEGA AURRERA - IGUALA,18.33585,-99.54131,CENTRO,40000,Iguala de la Independencia (GRO),L,L,sí,Guerrero,8949b3b5547ffff,267,7.8,11.4,11.6,12,11.8,45.3,2.56,no aplica · AltScore solo en la ZM Mérida,no aplica · AltScore solo en la ZM Mérida,2.56,2.86,solo INEGI; H si ≥ media INEGI de nuestros PDV Tradicional (06),L,sí,L,sí
BODEGA AURRERA - JUCHITAN,16.44508,-95.02736,PRIMERA SECCION,70000,Juchitán de Zaragoza (OAX),L,sin estimar · falta procesar los insumos INEGI del estado,sin estimar · falta procesar los insumos INEGI del estado,Oaxaca,896d3129487ffff,sin estimar · falta procesar los insumos INEGI del estado,sin estimar · falta procesar los insumos INEGI del estado,sin estimar · falta procesar los insumos INEGI del estado,sin estimar · falta procesar los insumos INEGI del estado,sin estimar · falta procesar los insumos INEGI del estado,sin estimar · falta procesar los insumos INEGI del estado,sin estimar · falta procesar los insumos INEGI del estado,sin estimar · falta procesar los insumos INEGI del estado,no aplica · AltScore solo en la ZM Mérida,no aplica · AltScore solo en la ZM Mérida,sin estimar · falta procesar los insumos INEGI del estado,sin estimar · falta procesar los insumos INEGI del estado,sin estimar · falta procesar los insumos INEGI del estado,sin estimar · falta procesar los insumos INEGI del estado,sin estimar · falta procesar los insumos INEGI del estado,sin estimar · falta procesar los insumos INEGI del estado,sin estimar · falta procesar los insumos INEGI del estado
BODEGA AURRERA - KABAH CANCUN,21.17165,-86.85904,RESERVA NORPONIENTE,77890,Benito Juárez (QROO),L,L,sí,Quintana Roo,89450a6b173ffff,960,7,11.1,13.9,17.4,17.6,33,2.74,no aplica · AltScore solo en la ZM Mérida,no aplica · AltScore solo en la ZM Mérida,2.74,2.86,solo INEGI; H si ≥ media INEGI de nuestros PDV Tradicional (06),L,sí,L,sí
BODEGA AURRERA - LOS REYES,19.35723,-98.99198,EMILIANO ZAPATA,56490,La Paz (MEX),L,L,sí,México,8949958c05bffff,102,5.8,10.7,14.6,17.9,18.2,32.8,2.69,no aplica · AltScore solo en la ZM Mérida,no aplica · AltScore solo en la ZM Mérida,2.69,2.86,solo INEGI; H si ≥ media INEGI de nuestros PDV Tradicional (06),L,sí,L,sí
BODEGA AURRERA - MARTINEZ DE LA TORRE,20.06611,-97.04958,EL EJIDAL,93600,Martínez de la Torre (VER),L,L,sí,Veracruz de Ignacio de la Llave,8949904b4a3ffff,388,6.7,11.8,13.3,16.1,15.8,36.3,2.69,no aplica · AltScore solo en la ZM Mérida,no aplica · AltScore solo en la ZM Mérida,2.69,2.86,solo INEGI; H si ≥ media INEGI de nuestros PDV Tradicional (06),L,sí,L,sí
BODEGA AURRERA - MEDELLIN II,19.09937,-96.15119,PUENTE MORENO,94274,Medellín de Bravo (VER),L,H,no,Veracruz de Ignacio de la Llave,896d34d813bffff,314,14.4,21.2,18.6,16.3,12.4,17,3.58,no aplica · AltScore solo en la ZM Mérida,no aplica · AltScore solo en la ZM Mérida,3.58,2.86,solo INEGI; H si ≥ media INEGI de nuestros PDV Tradicional (06),H,no,H,no
BODEGA AURRERA - PLAN DE AYALA,18.80494,-98.93654,sin colonia en Nielsen,62744,Cuautla (MOR),L,L,sí,Morelos,8949b374e43ffff,427,7.8,11.6,13.1,14.8,14.5,38.2,2.69,no aplica · AltScore solo en la ZM Mérida,no aplica · AltScore solo en la ZM Mérida,2.69,2.86,solo INEGI; H si ≥ media INEGI de nuestros PDV Tradicional (06),L,sí,L,sí
BODEGA AURRERA - PLAZA ARAGON,19.52947,-99.02744,CIUDAD AZTECA,55280,Ecatepec de Morelos (MEX),L,H,no,México,89499516a07ffff,582,9.1,15.2,17.7,18.6,15.9,23.5,3.12,no aplica · AltScore solo en la ZM Mérida,no aplica · AltScore solo en la ZM Mérida,3.12,2.86,solo INEGI; H si ≥ media INEGI de nuestros PDV Tradicional (06),L,sí,H,no
BODEGA AURRERA - R. VALLADOLID,20.69226,-88.21005,BACALAR,97784,Valladolid (YUC),L,L,sí,Yucatán,89450877223ffff,277,7.8,11.2,13.2,14.7,14.7,38.4,2.67,no aplica · AltScore solo en la ZM Mérida,no aplica · AltScore solo en la ZM Mérida,2.67,2.86,solo INEGI; H si ≥ media INEGI de nuestros PDV Tradicional (06),L,sí,L,sí
BODEGA AURRERA - RIO HONDO,19.44035,-99.24806,SAN JOSE RIO HONDO,52810,Naucalpan de Juárez (MEX),L,L,sí,México,894995b1e7bffff,795,5.2,9.1,11.9,15.3,17.2,41.3,2.46,no aplica · AltScore solo en la ZM Mérida,no aplica · AltScore solo en la ZM Mérida,2.46,2.86,solo INEGI; H si ≥ media INEGI de nuestros PDV Tradicional (06),L,sí,L,sí
BODEGA AURRERA - SALINA CRUZ,16.21138,-95.2041,AVIACION,70610,Salina Cruz (OAX),L,sin estimar · falta procesar los insumos INEGI del estado,sin estimar · falta procesar los insumos INEGI del estado,Oaxaca,896d06995dbffff,sin estimar · falta procesar los insumos INEGI del estado,sin estimar · falta procesar los insumos INEGI del estado,sin estimar · falta procesar los insumos INEGI del estado,sin estimar · falta procesar los insumos INEGI del estado,sin estimar · falta procesar los insumos INEGI del estado,sin estimar · falta procesar los insumos INEGI del estado,sin estimar · falta procesar los insumos INEGI del estado,sin estimar · falta procesar los insumos INEGI del estado,no aplica · AltScore solo en la ZM Mérida,no aplica · AltScore solo en la ZM Mérida,sin estimar · falta procesar los insumos INEGI del estado,sin estimar · falta procesar los insumos INEGI del estado,sin estimar · falta procesar los insumos INEGI del estado,sin estimar · falta procesar los insumos INEGI del estado,sin estimar · falta procesar los insumos INEGI del estado,sin estimar · falta procesar los insumos INEGI del estado,sin estimar · falta procesar los insumos INEGI del estado
BODEGA AURRERA - SARAGUATO,17.51254,-91.98834,NUEVA ESPERANZA,29960,Palenque (CHIS),L,L,sí,Chiapas,896d256c963ffff,587,2.9,4.9,5.5,7.1,9.7,69.9,1.75,no aplica · AltScore solo en la ZM Mérida,no aplica · AltScore solo en la ZM Mérida,1.75,2.86,solo INEGI; H si ≥ media INEGI de nuestros PDV Tradicional (06),L,sí,L,sí
BODEGA AURRERA - TEHUANTEPEC,16.3407,-95.2234,sin colonia en Nielsen,70760,Santo Domingo Tehuantepec (OAX),L,sin estimar · falta procesar los insumos INEGI del estado,sin estimar · falta procesar los insumos INEGI del estado,Oaxaca,896d316527bffff,sin estimar · falta procesar los insumos INEGI del estado,sin estimar · falta procesar los insumos INEGI del estado,sin estimar · falta procesar los insumos INEGI del estado,sin estimar · falta procesar los insumos INEGI del estado,sin estimar · falta procesar los insumos INEGI del estado,sin estimar · falta procesar los insumos INEGI del estado,sin estimar · falta procesar los insumos INEGI del estado,sin estimar · falta procesar los insumos INEGI del estado,no aplica · AltScore solo en la ZM Mérida,no aplica · AltScore solo en la ZM Mérida,sin estimar · falta procesar los insumos INEGI del estado,sin estimar · falta procesar los insumos INEGI del estado,sin estimar · falta procesar los insumos INEGI del estado,sin estimar · falta procesar los insumos INEGI del estado,sin estimar · falta procesar los insumos INEGI del estado,sin estimar · falta procesar los insumos INEGI del estado,sin estimar · falta procesar los insumos INEGI del estado
BODEGA AURRERA - TIERRA BLANCA,18.45299,-96.35424,HOJA DE MAIZ,95110,Tierra Blanca (VER),L,L,sí,Veracruz de Ignacio de la Llave,896d344d2abffff,472,5.5,9.9,11.8,15.2,16,41.6,2.49,no aplica · AltScore solo en la ZM Mérida,no aplica · AltScore solo en la ZM Mérida,2.49,2.86,solo INEGI; H si ≥ media INEGI de nuestros PDV Tradicional (06),L,sí,L,sí
BODEGA AURRERA - TLAPA,17.54885,-98.57609,SAN FRANCISCO,41304,Tlapa de Comonfort (GRO),L,L,sí,Guerrero,8949b2b2d0fffff,747,5.8,9.7,10.9,12.4,13.4,47.7,2.39,no aplica · AltScore solo en la ZM Mérida,no aplica · AltScore solo en la ZM Mérida,2.39,2.86,solo INEGI; H si ≥ media INEGI de nuestros PDV Tradicional (06),L,sí,L,sí
BODEGA AURRERA - TULYEHUALCO,19.31554,-99.07241,MIRASOLES,09880,Iztapalapa (DF),L,H,no,Ciudad de México,89499585263ffff,2051,8.2,12.8,14.9,17.5,16.9,29.6,2.89,no aplica · AltScore solo en la ZM Mérida,no aplica · AltScore solo en la ZM Mérida,2.89,2.86,solo INEGI; H si ≥ media INEGI de nuestros PDV Tradicional (06),L,sí,L,sí
BODEGA AURRERA - TUXPAN CENTRO,20.95717,-97.406,CENTRO,92800,Tuxpan (VER),L,L,sí,Veracruz de Ignacio de la Llave,894993c430bffff,758,7,11.2,12.6,16,16.1,37.2,2.65,no aplica · AltScore solo en la ZM Mérida,no aplica · AltScore solo en la ZM Mérida,2.65,2.86,solo INEGI; H si ≥ media INEGI de nuestros PDV Tradicional (06),L,sí,L,sí
CHEDRAUI ACAPULCO COSTERA,16.85372,-99.9005,CENTRO,39300,Acapulco de Juárez (GRO),L,L,sí,Guerrero,8949b555847ffff,102,6,9.7,11.8,14.4,16,42.1,2.49,no aplica · AltScore solo en la ZM Mérida,no aplica · AltScore solo en la ZM Mérida,2.49,2.86,solo INEGI; H si ≥ media INEGI de nuestros PDV Tradicional (06),L,sí,L,sí
CHEDRAUI ACAPULCO PIE DE CUESTA,16.85844,-99.91575,BARRIO DEL PASITO ZONA URBANA,39480,Acapulco de Juárez (GRO),L,H,no,Guerrero,8949b5559cbffff,778,9.6,14.5,15.7,15.9,15.2,29.2,3,no aplica · AltScore solo en la ZM Mérida,no aplica · AltScore solo en la ZM Mérida,3,2.86,solo INEGI; H si ≥ media INEGI de nuestros PDV Tradicional (06),L,sí,L,sí
CHEDRAUI ATLIXCO CHACUACO,18.89633,-98.43034,REVOLUCION,74270,Atlixco (PUE),L,H,no,Puebla,894994a75dbffff,40,18.5,19.5,15.4,12,8.5,26.1,3.49,no aplica · AltScore solo en la ZM Mérida,no aplica · AltScore solo en la ZM Mérida,3.49,2.86,solo INEGI; H si ≥ media INEGI de nuestros PDV Tradicional (06),H,no,H,no
CHEDRAUI CAMPECHE SANTA ANA,19.84393,-90.52467,SANTA ANA,24050,Campeche (CAMP),L,H,no,Campeche,8945763b2dbffff,610,14.4,16.9,17.9,16.4,13.3,21.1,3.39,no aplica · AltScore solo en la ZM Mérida,no aplica · AltScore solo en la ZM Mérida,3.39,2.86,solo INEGI; H si ≥ media INEGI de nuestros PDV Tradicional (06),H,no,H,no
CHEDRAUI CANCUN PORTILLO,21.16535,-86.84383,CENTRO,77514,Benito Juárez (QROO),L,H,no,Quintana Roo,89450a6b383ffff,1021,9.9,15.5,16.5,18.1,16.2,23.8,3.14,no aplica · AltScore solo en la ZM Mérida,no aplica · AltScore solo en la ZM Mérida,3.14,2.86,solo INEGI; H si ≥ media INEGI de nuestros PDV Tradicional (06),L,sí,H,no
CHEDRAUI CARDEL EL MODELO,19.37053,-96.36956,EL MODELO,91685,La Antigua (VER),L,L,sí,Veracruz de Ignacio de la Llave,89499642d0fffff,280,5.7,9.7,11.3,14.4,15.4,43.6,2.45,no aplica · AltScore solo en la ZM Mérida,no aplica · AltScore solo en la ZM Mérida,2.45,2.86,solo INEGI; H si ≥ media INEGI de nuestros PDV Tradicional (06),L,sí,L,sí
CHEDRAUI COATZACOALCOS CENTRO,18.14761,-94.43527,MARIA DE LA PIEDAD,96400,Coatzacoalcos (VER),L,H,no,Veracruz de Ignacio de la Llave,896d35b1527ffff,483,10.8,16.1,15.8,17.5,15.4,24.4,3.16,no aplica · AltScore solo en la ZM Mérida,no aplica · AltScore solo en la ZM Mérida,3.16,2.86,solo INEGI; H si ≥ media INEGI de nuestros PDV Tradicional (06),L,sí,H,no
CHEDRAUI COATZACOALCOS CRYSTAL,18.13971,-94.4656,FRACC RANCHO ALEGRE 1,96558,Coatzacoalcos (VER),L,H,no,Veracruz de Ignacio de la Llave,896d35b1067ffff,597,12.5,17.6,16,15.9,13.5,24.6,3.26,no aplica · AltScore solo en la ZM Mérida,no aplica · AltScore solo en la ZM Mérida,3.26,2.86,solo INEGI; H si ≥ media INEGI de nuestros PDV Tradicional (06),H,no,H,no
CHEDRAUI COZUMEL CENTRO,20.50216,-86.95725,CENTRO,77600,Cozumel (QROO),L,H,no,Quintana Roo,89450acababffff,234,12.1,17.3,17.7,19,13.8,20.1,3.35,no aplica · AltScore solo en la ZM Mérida,no aplica · AltScore solo en la ZM Mérida,3.35,2.86,solo INEGI; H si ≥ media INEGI de nuestros PDV Tradicional (06),H,no,H,no
CHEDRAUI COZUMEL TRANSVERSAL,20.49541,-86.92901,SNA MIGUEL DE COZUMEL,77600,Cozumel (QROO),L,L,sí,Quintana Roo,89450acaa6fffff,496,3.5,6.6,11.5,17,20.1,41.3,2.33,no aplica · AltScore solo en la ZM Mérida,no aplica · AltScore solo en la ZM Mérida,2.33,2.86,solo INEGI; H si ≥ media INEGI de nuestros PDV Tradicional (06),L,sí,L,sí
CHEDRAUI CUERNAVACA CENTRAL DE ABASTOS,18.83256,-99.18749,CAMPO NUEVO,62766,Emiliano Zapata (MOR),L,L,sí,Morelos,8949b321e97ffff,387,7.6,10.8,12.5,14.3,14.6,40.1,2.62,no aplica · AltScore solo en la ZM Mérida,no aplica · AltScore solo en la ZM Mérida,2.62,2.86,solo INEGI; H si ≥ media INEGI de nuestros PDV Tradicional (06),L,sí,L,sí
CHEDRAUI HUATULCO,15.76264,-96.12897,BAHIAS DE HUATULCO HUATUL,70989,Santa María Huatulco (OAX),L,sin estimar · falta procesar los insumos INEGI del estado,sin estimar · falta procesar los insumos INEGI del estado,Oaxaca,896d159185bffff,sin estimar · falta procesar los insumos INEGI del estado,sin estimar · falta procesar los insumos INEGI del estado,sin estimar · falta procesar los insumos INEGI del estado,sin estimar · falta procesar los insumos INEGI del estado,sin estimar · falta procesar los insumos INEGI del estado,sin estimar · falta procesar los insumos INEGI del estado,sin estimar · falta procesar los insumos INEGI del estado,sin estimar · falta procesar los insumos INEGI del estado,no aplica · AltScore solo en la ZM Mérida,no aplica · AltScore solo en la ZM Mérida,sin estimar · falta procesar los insumos INEGI del estado,sin estimar · falta procesar los insumos INEGI del estado,sin estimar · falta procesar los insumos INEGI del estado,sin estimar · falta procesar los insumos INEGI del estado,sin estimar · falta procesar los insumos INEGI del estado,sin estimar · falta procesar los insumos INEGI del estado,sin estimar · falta procesar los insumos INEGI del estado
CHEDRAUI HUEJUTLA DE REYES,21.14348,-98.41349,LOS CANTORES,43000,Huejutla de Reyes (HGO),L,L,sí,Hidalgo,89499161567ffff,360,7.1,11.2,14.1,16.3,15.7,35.6,2.71,no aplica · AltScore solo en la ZM Mérida,no aplica · AltScore solo en la ZM Mérida,2.71,2.86,solo INEGI; H si ≥ media INEGI de nuestros PDV Tradicional (06),L,sí,L,sí
CHEDRAUI ISLA MUJERES,21.23529,-86.7352,ELECTRICISTAS,77407,Isla Mujeres (QROO),L,L,sí,Quintana Roo,894519a44afffff,794,4.5,7.2,10,16.5,20.7,41.1,2.35,no aplica · AltScore solo en la ZM Mérida,no aplica · AltScore solo en la ZM Mérida,2.35,2.86,solo INEGI; H si ≥ media INEGI de nuestros PDV Tradicional (06),L,sí,L,sí
CHEDRAUI MEXICO ARAGON NORTE,19.4796,-99.06534,PRADERAS 1 SECCION,07500,Gustavo A. Madero (DF),L,H,no,Ciudad de México,894995b93cbffff,1322,8.1,12.7,14.8,17.4,16.4,30.6,2.87,no aplica · AltScore solo en la ZM Mérida,no aplica · AltScore solo en la ZM Mérida,2.87,2.86,solo INEGI; H si ≥ media INEGI de nuestros PDV Tradicional (06),L,sí,L,sí
CHEDRAUI MEXICO CIUDAD LABOR,19.60847,-99.17749,SAN FRANCISO CHILPAN,54944,Tultitlán (MEX),L,L,sí,México,894995aa8dbffff,1237,7.8,12.8,15.4,16.7,15.6,31.7,2.85,no aplica · AltScore solo en la ZM Mérida,no aplica · AltScore solo en la ZM Mérida,2.85,2.86,solo INEGI; H si ≥ media INEGI de nuestros PDV Tradicional (06),L,sí,L,sí
CHEDRAUI MEXICO NEZA IMPULSORA,19.4831,-99.03619,PLAZAS DE ARAGON,57139,Nezahualcóyotl (MEX),L,H,no,México,89499516133ffff,1323,13.4,20.7,21.5,18.9,12.8,12.6,3.65,no aplica · AltScore solo en la ZM Mérida,no aplica · AltScore solo en la ZM Mérida,3.65,2.86,solo INEGI; H si ≥ media INEGI de nuestros PDV Tradicional (06),H,no,H,no
CHEDRAUI MEXICO NICOLAS ROMERO,19.59404,-99.28001,FRANCISCO SARABIA,54473,Nicolás Romero (MEX),L,H,no,México,894995a1d83ffff,1137,8.9,14.5,16.8,17.5,15.5,26.9,3.03,no aplica · AltScore solo en la ZM Mérida,no aplica · AltScore solo en la ZM Mérida,3.03,2.86,solo INEGI; H si ≥ media INEGI de nuestros PDV Tradicional (06),L,sí,H,no
CHEDRAUI MEXICO SAN ESTEBAN,19.45894,-99.23376,SAN ESTEBAN HITZILACASCO,53550,Naucalpan de Juárez (MEX),L,L,sí,México,894995ba987ffff,1699,4.7,8.1,10.9,14.6,17.2,44.4,2.35,no aplica · AltScore solo en la ZM Mérida,no aplica · AltScore solo en la ZM Mérida,2.35,2.86,solo INEGI; H si ≥ media INEGI de nuestros PDV Tradicional (06),L,sí,L,sí
CHEDRAUI MEXICO TEPOZAN,19.36287,-98.98836,VALLE DE LOS REYES,56430,La Paz (MEX),L,L,sí,México,8949958c287ffff,748,5,9.5,13.3,16.9,17.9,37.4,2.55,no aplica · AltScore solo en la ZM Mérida,no aplica · AltScore solo en la ZM Mérida,2.55,2.86,solo INEGI; H si ≥ media INEGI de nuestros PDV Tradicional (06),L,sí,L,sí
CHEDRAUI MORELOS JIUTEPEC,18.89852,-99.17078,MOCTEZUMA,62553,Jiutepec (MOR),L,H,no,Morelos,8949b32f467ffff,547,12.7,16.5,16.5,16.8,14.2,23.3,3.27,no aplica · AltScore solo en la ZM Mérida,no aplica · AltScore solo en la ZM Mérida,3.27,2.86,solo INEGI; H si ≥ media INEGI de nuestros PDV Tradicional (06),H,no,H,no
CHEDRAUI PARAISO,18.39899,-93.20611,sin colonia en Nielsen,86600,Paraíso (TAB),L,L,sí,Tabasco,896d26b5b3bffff,305,7.5,10.7,10.6,12.8,14,44.5,2.51,no aplica · AltScore solo en la ZM Mérida,no aplica · AltScore solo en la ZM Mérida,2.51,2.86,solo INEGI; H si ≥ media INEGI de nuestros PDV Tradicional (06),L,sí,L,sí
CHEDRAUI PLAYA DEL CARMEN CENTRO,20.62547,-87.08466,CENTRO,77710,Solidaridad (QROO),L,L,sí,Quintana Roo,89450a1b677ffff,288,2.5,5.1,9.1,14.7,19,49.6,2.09,no aplica · AltScore solo en la ZM Mérida,no aplica · AltScore solo en la ZM Mérida,2.09,2.86,solo INEGI; H si ≥ media INEGI de nuestros PDV Tradicional (06),L,sí,L,sí
CHEDRAUI POZA RICA PETROMEX,20.52068,-97.45095,ANAHUAC,93260,Poza Rica de Hidalgo (VER),L,H,no,Veracruz de Ignacio de la Llave,89499061b03ffff,180,8.5,13.6,14.2,16,15.3,32.5,2.86,no aplica · AltScore solo en la ZM Mérida,no aplica · AltScore solo en la ZM Mérida,2.86,2.86,solo INEGI; H si ≥ media INEGI de nuestros PDV Tradicional (06),L,sí,L,sí
CHEDRAUI PUERTO AVENTURAS,20.50906,-87.22538,SOLIDARIDAD,77753,Solidaridad (QROO),L,L,sí,Quintana Roo,89450ac6c47ffff,287,4.1,7.2,10.3,13.1,15.8,49.5,2.22,no aplica · AltScore solo en la ZM Mérida,no aplica · AltScore solo en la ZM Mérida,2.22,2.86,solo INEGI; H si ≥ media INEGI de nuestros PDV Tradicional (06),L,sí,L,sí
CHEDRAUI PUERTO ESCONDIDO,15.8623,-97.06747,CENTRO,71980,San Pedro Mixtepec (OAX),L,sin estimar · falta procesar los insumos INEGI del estado,sin estimar · falta procesar los insumos INEGI del estado,Oaxaca,896d1406e4fffff,sin estimar · falta procesar los insumos INEGI del estado,sin estimar · falta procesar los insumos INEGI del estado,sin estimar · falta procesar los insumos INEGI del estado,sin estimar · falta procesar los insumos INEGI del estado,sin estimar · falta procesar los insumos INEGI del estado,sin estimar · falta procesar los insumos INEGI del estado,sin estimar · falta procesar los insumos INEGI del estado,sin estimar · falta procesar los insumos INEGI del estado,no aplica · AltScore solo en la ZM Mérida,no aplica · AltScore solo en la ZM Mérida,sin estimar · falta procesar los insumos INEGI del estado,sin estimar · falta procesar los insumos INEGI del estado,sin estimar · falta procesar los insumos INEGI del estado,sin estimar · falta procesar los insumos INEGI del estado,sin estimar · falta procesar los insumos INEGI del estado,sin estimar · falta procesar los insumos INEGI del estado,sin estimar · falta procesar los insumos INEGI del estado
CHEDRAUI SAN CRISTOBAL SAN ROMAN,16.73496,-92.65272,BARRIO DE SAN ROMAN,11100,San Cristóbal de las Casas (CHIS),L,H,no,Chiapas,896d23b1e8fffff,446,13.8,17,12.3,10,8.6,38.3,3.03,no aplica · AltScore solo en la ZM Mérida,no aplica · AltScore solo en la ZM Mérida,3.03,2.86,solo INEGI; H si ≥ media INEGI de nuestros PDV Tradicional (06),L,sí,H,no
CHEDRAUI SELECTO ACAPULCO DIAMANTE,16.77122,-99.77431,PLAYA DIAMANTE,39897,Acapulco de Juárez (GRO),L,L,sí,Guerrero,8949b55194bffff,1,4.3,6.6,7.9,9.5,11.1,60.7,2.02,no aplica · AltScore solo en la ZM Mérida,no aplica · AltScore solo en la ZM Mérida,2.02,2.86,solo INEGI; H si ≥ media INEGI de nuestros PDV Tradicional (06),L,sí,L,sí
CHEDRAUI SELECTO TULUM IPAE,20.21164,-87.44998,BENITO JUAREZ,77780,Tulum (QROO),L,sin estimar · sin hogares INEGI a 300 m de la tienda,sin estimar · sin hogares INEGI a 300 m de la tienda,Quintana Roo,89450e64da7ffff,0,sin estimar · sin hogares INEGI a 300 m de la tienda,sin estimar · sin hogares INEGI a 300 m de la tienda,sin estimar · sin hogares INEGI a 300 m de la tienda,sin estimar · sin hogares INEGI a 300 m de la tienda,sin estimar · sin hogares INEGI a 300 m de la tienda,sin estimar · sin hogares INEGI a 300 m de la tienda,sin estimar · sin hogares INEGI a 300 m de la tienda,no aplica · AltScore solo en la ZM Mérida,no aplica · AltScore solo en la ZM Mérida,sin estimar · sin hogares INEGI a 300 m de la tienda,sin estimar · sin hogares INEGI a 300 m de la tienda,sin estimar · sin hogares INEGI a 300 m de la tienda,sin estimar · sin hogares INEGI a 300 m de la tienda,sin estimar · sin hogares INEGI a 300 m de la tienda,sin estimar · sin hogares INEGI a 300 m de la tienda,sin estimar · sin hogares INEGI a 300 m de la tienda
CHEDRAUI SELECTO VERACRUZ EL DORADO,19.09321,-96.10341,SAN JOSE,94290,Boca del Río (VER),L,H,no,Veracruz de Ignacio de la Llave,896d34dab37ffff,34,24.4,18.5,8.3,6.6,6.5,35.7,3.41,no aplica · AltScore solo en la ZM Mérida,no aplica · AltScore solo en la ZM Mérida,3.41,2.86,solo INEGI; H si ≥ media INEGI de nuestros PDV Tradicional (06),H,no,H,no
CHEDRAUI TIERRA BLANCA,18.45159,-96.35315,HOJAS DE MAIZ,95110,Tierra Blanca (VER),L,L,sí,Veracruz de Ignacio de la Llave,896d344d233ffff,492,6.1,10.7,12.3,15.7,16.3,38.9,2.58,no aplica · AltScore solo en la ZM Mérida,no aplica · AltScore solo en la ZM Mérida,2.58,2.86,solo INEGI; H si ≥ media INEGI de nuestros PDV Tradicional (06),L,sí,L,sí
CHEDRAUI TUXPAN CRYSTAL,20.95099,-97.42023,ZAPOTE GORDO,92860,Tuxpan (VER),L,H,no,Veracruz de Ignacio de la Llave,894993c43b3ffff,673,9.4,14.9,15.9,18.2,16.7,24.9,3.07,no aplica · AltScore solo en la ZM Mérida,no aplica · AltScore solo en la ZM Mérida,3.07,2.86,solo INEGI; H si ≥ media INEGI de nuestros PDV Tradicional (06),L,sí,H,no
CHEDRAUI TUXTLA NORTE,16.76994,-93.11251,LA PIMIENTA,29034,Tuxtla Gutiérrez (CHIS),L,H,no,Chiapas,896d23c4927ffff,553,17.5,22.1,16.4,13.2,10.8,20,3.62,no aplica · AltScore solo en la ZM Mérida,no aplica · AltScore solo en la ZM Mérida,3.62,2.86,solo INEGI; H si ≥ media INEGI de nuestros PDV Tradicional (06),H,no,H,no
CHEDRAUI VALLE DE BRAVO,19.20407,-100.12582,BARRIO OTUMBA,51200,Valle de Bravo (MEX),L,L,sí,México,89498606e47ffff,679,4.4,8,10.9,13.9,16,46.7,2.31,no aplica · AltScore solo en la ZM Mérida,no aplica · AltScore solo en la ZM Mérida,2.31,2.86,solo INEGI; H si ≥ media INEGI de nuestros PDV Tradicional (06),L,sí,L,sí
CHEDRAUI VERACRUZ  EL COYOL,19.17073,-96.15599,FRACC EL COYOL,91713,Veracruz (VER),L,H,no,Veracruz de Ignacio de la Llave,896d34da04bffff,864,9.7,15.3,15.5,17,16.1,26.4,3.06,no aplica · AltScore solo en la ZM Mérida,no aplica · AltScore solo en la ZM Mérida,3.06,2.86,solo INEGI; H si ≥ media INEGI de nuestros PDV Tradicional (06),L,sí,H,no
CHEDRAUI VERACRUZ  NORTE,19.20483,-96.16172,FRACC LOS PINOS,91870,Veracruz (VER),L,H,no,Veracruz de Ignacio de la Llave,8949965a68bffff,719,8.3,13.4,14.3,17,16.4,30.6,2.88,no aplica · AltScore solo en la ZM Mérida,no aplica · AltScore solo en la ZM Mérida,2.88,2.86,solo INEGI; H si ≥ media INEGI de nuestros PDV Tradicional (06),L,sí,L,sí
CHEDRAUI VERACRUZ LAS BRISAS,19.21355,-96.18693,TARIMOYA ZONA URBANA,91855,Veracruz (VER),L,L,sí,Veracruz de Ignacio de la Llave,8949965a42fffff,716,8.2,13.3,14.1,16.3,15.7,32.4,2.85,no aplica · AltScore solo en la ZM Mérida,no aplica · AltScore solo en la ZM Mérida,2.85,2.86,solo INEGI; H si ≥ media INEGI de nuestros PDV Tradicional (06),L,sí,L,sí
CHEDRAUI VERACRUZ PORTAL,19.1753,-96.13557,HEROICA VERACRUZ,91918,Veracruz (VER),L,L,sí,Veracruz de Ignacio de la Llave,896d34da0bbffff,367,6.6,12.1,14.1,18.3,18.4,30.5,2.79,no aplica · AltScore solo en la ZM Mérida,no aplica · AltScore solo en la ZM Mérida,2.79,2.86,solo INEGI; H si ≥ media INEGI de nuestros PDV Tradicional (06),L,sí,L,sí
CHEDRAUI VERACRUZ TEJERIA,19.16698,-96.22274,CENTRO,94300,Veracruz (VER),L,L,sí,Veracruz de Ignacio de la Llave,896d34db287ffff,83,3.8,6.9,8.7,11.8,14.3,54.6,2.1,no aplica · AltScore solo en la ZM Mérida,no aplica · AltScore solo en la ZM Mérida,2.1,2.86,solo INEGI; H si ≥ media INEGI de nuestros PDV Tradicional (06),L,sí,L,sí
CHEDRAUI VILLA CARRIZAL,17.98922,-92.96316,EL CARRIZAL,86038,Centro (TAB),L,H,no,Tabasco,896d20c4487ffff,224,11,14.8,13,12.7,12,36.5,2.91,no aplica · AltScore solo en la ZM Mérida,no aplica · AltScore solo en la ZM Mérida,2.91,2.86,solo INEGI; H si ≥ media INEGI de nuestros PDV Tradicional (06),L,sí,L,sí
La Comer FRESKO AVANDARO,19.164649,-100.124638,AVANDARO,51200,Valle de Bravo (MEX),L,L,sí,México,894986060afffff,54,4.1,7.9,11,14.4,16.4,46.1,2.3,no aplica · AltScore solo en la ZM Mérida,no aplica · AltScore solo en la ZM Mérida,2.3,2.86,solo INEGI; H si ≥ media INEGI de nuestros PDV Tradicional (06),L,sí,L,sí
LACOMER CUERNAVACA DIANA,18.934419,-99.195342,FLORES MAGON,62370,Cuernavaca (MOR),L,H,no,Morelos,8949b32f123ffff,389,17.3,19.9,17.5,15.9,12,17.3,3.63,no aplica · AltScore solo en la ZM Mérida,no aplica · AltScore solo en la ZM Mérida,3.63,2.86,solo INEGI; H si ≥ media INEGI de nuestros PDV Tradicional (06),H,no,H,no
LACOMER IGUALA,18.341796,-99.521732,CAMINO REAL,40054,Iguala de la Independencia (GRO),L,H,no,Guerrero,8949b3b500bffff,415,12.2,17.3,16.8,15,13.1,25.4,3.24,no aplica · AltScore solo en la ZM Mérida,no aplica · AltScore solo en la ZM Mérida,3.24,2.86,solo INEGI; H si ≥ media INEGI de nuestros PDV Tradicional (06),H,no,H,no
LACOMER IZTAPALAPA LAS TORRES,19.351771,-99.013059,SANTA MARIA AZTAHUACAN,09730,Iztapalapa (DF),L,H,no,Ciudad de México,8949958c54bffff,1464,8.7,13.5,15.4,18,16.5,28,2.96,no aplica · AltScore solo en la ZM Mérida,no aplica · AltScore solo en la ZM Mérida,2.96,2.86,solo INEGI; H si ≥ media INEGI de nuestros PDV Tradicional (06),L,sí,L,sí
LACOMER TULTITLAN,19.666555,-99.080438,SAN PABLO DE LAS SALINAS,54930,Tultitlán (MEX),L,L,sí,México,894995a9eafffff,2379,5.3,9.8,14.2,18.4,19.2,33.1,2.64,no aplica · AltScore solo en la ZM Mérida,no aplica · AltScore solo en la ZM Mérida,2.64,2.86,solo INEGI; H si ≥ media INEGI de nuestros PDV Tradicional (06),L,sí,L,sí
MI BODEGA - ACATLAN,18.197945,-98.048416,BARRIO SAN LUIS ACATLAN,74949,Acatlán (PUE),L,L,sí,Puebla,8949b22915bffff,438,6.1,9.4,11.2,13.3,14.5,45.6,2.43,no aplica · AltScore solo en la ZM Mérida,no aplica · AltScore solo en la ZM Mérida,2.43,2.86,solo INEGI; H si ≥ media INEGI de nuestros PDV Tradicional (06),L,sí,L,sí
MI BODEGA - ALAMO,20.90818,-97.676303,FRANCISCO I MADERO,92730,Álamo Temapache (VER),L,L,sí,Veracruz de Ignacio de la Llave,8949938f0d7ffff,452,4.3,7.9,9.8,12.9,14.5,50.5,2.23,no aplica · AltScore solo en la ZM Mérida,no aplica · AltScore solo en la ZM Mérida,2.23,2.86,solo INEGI; H si ≥ media INEGI de nuestros PDV Tradicional (06),L,sí,L,sí
MI BODEGA - ARCELIA,18.322382,-100.281571,DEPORTIVA,40500,Arcelia (GRO),L,L,sí,Guerrero,8949b12146fffff,340,7.1,10.8,11.5,11.8,11.9,47,2.49,no aplica · AltScore solo en la ZM Mérida,no aplica · AltScore solo en la ZM Mérida,2.49,2.86,solo INEGI; H si ≥ media INEGI de nuestros PDV Tradicional (06),L,sí,L,sí
MI BODEGA - CD IXTEPEC,16.558187,-95.096352,ESTACION,70110,Ciudad Ixtepec (OAX),L,sin estimar · falta procesar los insumos INEGI del estado,sin estimar · falta procesar los insumos INEGI del estado,Oaxaca,896d317623bffff,sin estimar · falta procesar los insumos INEGI del estado,sin estimar · falta procesar los insumos INEGI del estado,sin estimar · falta procesar los insumos INEGI del estado,sin estimar · falta procesar los insumos INEGI del estado,sin estimar · falta procesar los insumos INEGI del estado,sin estimar · falta procesar los insumos INEGI del estado,sin estimar · falta procesar los insumos INEGI del estado,sin estimar · falta procesar los insumos INEGI del estado,no aplica · AltScore solo en la ZM Mérida,no aplica · AltScore solo en la ZM Mérida,sin estimar · falta procesar los insumos INEGI del estado,sin estimar · falta procesar los insumos INEGI del estado,sin estimar · falta procesar los insumos INEGI del estado,sin estimar · falta procesar los insumos INEGI del estado,sin estimar · falta procesar los insumos INEGI del estado,sin estimar · falta procesar los insumos INEGI del estado,sin estimar · falta procesar los insumos INEGI del estado
MI BODEGA - COTULUM,20.219284,-87.456097,SOLIDARIDAD,77760,Tulum (QROO),L,L,sí,Quintana Roo,89450a9328bffff,535,5.6,9.8,12.9,16.7,15.7,39.4,2.55,no aplica · AltScore solo en la ZM Mérida,no aplica · AltScore solo en la ZM Mérida,2.55,2.86,solo INEGI; H si ≥ media INEGI de nuestros PDV Tradicional (06),L,sí,L,sí
MI BODEGA - ZIMAPAN,20.735375,-99.384246,CENTRO,42330,Zimapán (HGO),L,L,sí,Hidalgo,89498269557ffff,340,8.2,12.4,14.9,15.5,13.6,35.4,2.8,no aplica · AltScore solo en la ZM Mérida,no aplica · AltScore solo en la ZM Mérida,2.8,2.86,solo INEGI; H si ≥ media INEGI de nuestros PDV Tradicional (06),L,sí,L,sí
SAN FCO. SUPER TULUM 2,20.21492,-87.453124,sin colonia en Nielsen,77780,Tulum (QROO),L,H,no,Quintana Roo,89450a932d7ffff,785,8.9,15.3,17.2,18.5,14.8,25.3,3.09,no aplica · AltScore solo en la ZM Mérida,no aplica · AltScore solo en la ZM Mérida,3.09,2.86,solo INEGI; H si ≥ media INEGI de nuestros PDV Tradicional (06),L,sí,H,no
SORIANA HIPERMERCADO HUATULCO,15.770832,-96.141033,SECTOR T,70989,Santa María Huatulco (OAX),L,sin estimar · falta procesar los insumos INEGI del estado,sin estimar · falta procesar los insumos INEGI del estado,Oaxaca,896d1591e47ffff,sin estimar · falta procesar los insumos INEGI del estado,sin estimar · falta procesar los insumos INEGI del estado,sin estimar · falta procesar los insumos INEGI del estado,sin estimar · falta procesar los insumos INEGI del estado,sin estimar · falta procesar los insumos INEGI del estado,sin estimar · falta procesar los insumos INEGI del estado,sin estimar · falta procesar los insumos INEGI del estado,sin estimar · falta procesar los insumos INEGI del estado,no aplica · AltScore solo en la ZM Mérida,no aplica · AltScore solo en la ZM Mérida,sin estimar · falta procesar los insumos INEGI del estado,sin estimar · falta procesar los insumos INEGI del estado,sin estimar · falta procesar los insumos INEGI del estado,sin estimar · falta procesar los insumos INEGI del estado,sin estimar · falta procesar los insumos INEGI del estado,sin estimar · falta procesar los insumos INEGI del estado,sin estimar · falta procesar los insumos INEGI del estado
SORIANA HIPERMERCADO POLIFORUM,16.748376,-93.0813,EL RETIRO,25750,Tuxtla Gutiérrez (CHIS),L,H,no,Chiapas,896d231153bffff,306,17.8,23.1,16.6,13.2,10.5,18.7,3.68,no aplica · AltScore solo en la ZM Mérida,no aplica · AltScore solo en la ZM Mérida,3.68,2.86,solo INEGI; H si ≥ media INEGI de nuestros PDV Tradicional (06),H,no,H,no
SORIANA HIPERMERCADO SAN JOAQUIN,17.96934,-92.970992,18 DE MARZO,86040,Centro (TAB),L,L,sí,Tabasco,896d20c4083ffff,358,9.6,13.4,12.3,12.5,12,40.2,2.76,no aplica · AltScore solo en la ZM Mérida,no aplica · AltScore solo en la ZM Mérida,2.76,2.86,solo INEGI; H si ≥ media INEGI de nuestros PDV Tradicional (06),L,sí,L,sí
SORIANA HIPERMERCADO SENDERO ACAPULCO,16.83352,-99.811748,LAS CRUCES,68000,Acapulco de Juárez (GRO),L,L,sí,Guerrero,8949b542edbffff,283,6.8,10.6,12,12.9,13.5,44.2,2.52,no aplica · AltScore solo en la ZM Mérida,no aplica · AltScore solo en la ZM Mérida,2.52,2.86,solo INEGI; H si ≥ media INEGI de nuestros PDV Tradicional (06),L,sí,L,sí
SORIANA MEGA ACAPULCO COSTA AZUL,16.850423,-99.851908,COSTA AZUL,39850,Acapulco de Juárez (GRO),L,L,sí,Guerrero,8949b542d4bffff,265,7.1,10.3,10.4,11.1,9.6,51.6,2.39,no aplica · AltScore solo en la ZM Mérida,no aplica · AltScore solo en la ZM Mérida,2.39,2.86,solo INEGI; H si ≥ media INEGI de nuestros PDV Tradicional (06),L,sí,L,sí
SORIANA MEGA MEGA CHILPANCINGO CENTRO,17.543086,-99.503127,sin colonia en Nielsen,39069,Chilpancingo de los Bravo (GRO),L,L,sí,Guerrero,8949b03702fffff,537,9,13.1,13.4,14.4,14.6,35.4,2.81,no aplica · AltScore solo en la ZM Mérida,no aplica · AltScore solo en la ZM Mérida,2.81,2.86,solo INEGI; H si ≥ media INEGI de nuestros PDV Tradicional (06),L,sí,L,sí
SORIANA MEGA MEGA ISLA DE COZUMEL,20.50507,-86.956218,CENTRO,77600,Cozumel (QROO),L,L,sí,Quintana Roo,89450acab33ffff,160,7,12,14.3,17.8,18.3,30.6,2.8,no aplica · AltScore solo en la ZM Mérida,no aplica · AltScore solo en la ZM Mérida,2.8,2.86,solo INEGI; H si ≥ media INEGI de nuestros PDV Tradicional (06),L,sí,L,sí
SORIANA MEGA MEGA JOJUTLA,18.617735,-99.192324,CENTRO,62900,Jojutla (MOR),L,H,no,Morelos,8949b3314abffff,27,9.3,13.5,15.3,17.5,16.5,27.8,2.98,no aplica · AltScore solo en la ZM Mérida,no aplica · AltScore solo en la ZM Mérida,2.98,2.86,solo INEGI; H si ≥ media INEGI de nuestros PDV Tradicional (06),L,sí,L,sí
SORIANA MEGA MEGA PLAYA DEL CARMEN CENTRO,20.63161,-87.074365,GONZALO GUERRERO,77710,Solidaridad (QROO),L,H,no,Quintana Roo,89450a1b2dbffff,158,8.9,15.5,17.6,18.5,17.3,22.2,3.14,no aplica · AltScore solo en la ZM Mérida,no aplica · AltScore solo en la ZM Mérida,3.14,2.86,solo INEGI; H si ≥ media INEGI de nuestros PDV Tradicional (06),L,sí,H,no
SORIANA MEGA MEGA RENACIMIENTO,16.900471,-99.831709,EMILIANO ZAPATA,03975,Acapulco de Juárez (GRO),L,L,sí,Guerrero,8949b540d1bffff,677,5,9,11.6,14.3,16,44.2,2.4,no aplica · AltScore solo en la ZM Mérida,no aplica · AltScore solo en la ZM Mérida,2.4,2.86,solo INEGI; H si ≥ media INEGI de nuestros PDV Tradicional (06),L,sí,L,sí
SORIANA MERCADO ACAPULCO RENACIMIENTO,16.900367,-99.831711,EMILIANO ZAPATA,39700,Acapulco de Juárez (GRO),L,L,sí,Guerrero,8949b540d1bffff,677,5,9,11.6,14.3,16,44.2,2.4,no aplica · AltScore solo en la ZM Mérida,no aplica · AltScore solo en la ZM Mérida,2.4,2.86,solo INEGI; H si ≥ media INEGI de nuestros PDV Tradicional (06),L,sí,L,sí
SORIANA MERCADO JUCHITAN,16.444027,-95.026644,PRIMERA SECCION,70000,Juchitán de Zaragoza (OAX),L,sin estimar · falta procesar los insumos INEGI del estado,sin estimar · falta procesar los insumos INEGI del estado,Oaxaca,896d31294b3ffff,sin estimar · falta procesar los insumos INEGI del estado,sin estimar · falta procesar los insumos INEGI del estado,sin estimar · falta procesar los insumos INEGI del estado,sin estimar · falta procesar los insumos INEGI del estado,sin estimar · falta procesar los insumos INEGI del estado,sin estimar · falta procesar los insumos INEGI del estado,sin estimar · falta procesar los insumos INEGI del estado,sin estimar · falta procesar los insumos INEGI del estado,no aplica · AltScore solo en la ZM Mérida,no aplica · AltScore solo en la ZM Mérida,sin estimar · falta procesar los insumos INEGI del estado,sin estimar · falta procesar los insumos INEGI del estado,sin estimar · falta procesar los insumos INEGI del estado,sin estimar · falta procesar los insumos INEGI del estado,sin estimar · falta procesar los insumos INEGI del estado,sin estimar · falta procesar los insumos INEGI del estado,sin estimar · falta procesar los insumos INEGI del estado
SORIANA MERCADO LOS HEROES,21.175175,-86.873613,SUPER MANZANA 215 Y MANZANA 1 LOTE 157,97500,Benito Juárez (QROO),L,L,sí,Quintana Roo,89450a684cbffff,600,6.1,10.6,14.8,19.3,18.8,30.4,2.75,no aplica · AltScore solo en la ZM Mérida,no aplica · AltScore solo en la ZM Mérida,2.75,2.86,solo INEGI; H si ≥ media INEGI de nuestros PDV Tradicional (06),L,sí,L,sí
SORIANA MERCADO RANCHO VIEJO,21.186681,-86.837762,REGION 233 MZA 8 LOTE 1,77510,Benito Juárez (QROO),L,L,sí,Quintana Roo,89450a6959bffff,801,5.2,8.5,11.4,15.3,16,43.6,2.41,no aplica · AltScore solo en la ZM Mérida,no aplica · AltScore solo en la ZM Mérida,2.41,2.86,solo INEGI; H si ≥ media INEGI de nuestros PDV Tradicional (06),L,sí,L,sí
SORIANA MERCADO TULA,20.058942,-99.333636,SALITRE,42800,Tula de Allende (HGO),L,H,no,Hidalgo,894982c9a27ffff,352,10.9,16.9,18.8,18,12.8,22.7,3.27,no aplica · AltScore solo en la ZM Mérida,no aplica · AltScore solo en la ZM Mérida,3.27,2.86,solo INEGI; H si ≥ media INEGI de nuestros PDV Tradicional (06),H,no,H,no
SORIANA SUPER COZUMEL,20.509573,-86.942355,10 DE ABRIL,77600,Cozumel (QROO),L,L,sí,Quintana Roo,89450acab6bffff,556,6.8,11.4,13.6,17.2,17.2,33.8,2.72,no aplica · AltScore solo en la ZM Mérida,no aplica · AltScore solo en la ZM Mérida,2.72,2.86,solo INEGI; H si ≥ media INEGI de nuestros PDV Tradicional (06),L,sí,L,sí
SORIANA TAPACHULA,14.891285,-92.276262,HORTALIZAS JAPONEZAS,30700,Tapachula (CHIS),L,H,no,Chiapas,896d2a17303ffff,190,12.3,18.8,14.1,13.1,12.2,29.4,3.18,no aplica · AltScore solo en la ZM Mérida,no aplica · AltScore solo en la ZM Mérida,3.18,2.86,solo INEGI; H si ≥ media INEGI de nuestros PDV Tradicional (06),H,no,H,no
SUPER CHEDRAUI COSAMALOAPAN,18.36389,-95.79443,CENTRO,95400,Cosamaloapan de Carpio (VER),L,L,sí,Veracruz de Ignacio de la Llave,896d347612fffff,242,8.5,13.5,13.9,16,14.9,33.2,2.85,no aplica · AltScore solo en la ZM Mérida,no aplica · AltScore solo en la ZM Mérida,2.85,2.86,solo INEGI; H si ≥ media INEGI de nuestros PDV Tradicional (06),L,sí,L,sí
SUPER CHEDRAUI HUATUSCO,19.14688,-96.96749,CENTRO,94100,Huatusco (VER),L,L,sí,Veracruz de Ignacio de la Llave,8949968cc87ffff,1018,6.5,10.1,10.4,11.4,11.4,50.2,2.38,no aplica · AltScore solo en la ZM Mérida,no aplica · AltScore solo en la ZM Mérida,2.38,2.86,solo INEGI; H si ≥ media INEGI de nuestros PDV Tradicional (06),L,sí,L,sí
SUPER CHEDRAUI SAN PEDRO POCHUTLA,15.7424,-96.46697,SAN PEDRO POCHUTLA,70900,San Pedro Pochutla (OAX),L,sin estimar · falta procesar los insumos INEGI del estado,sin estimar · falta procesar los insumos INEGI del estado,Oaxaca,896d15d0dabffff,sin estimar · falta procesar los insumos INEGI del estado,sin estimar · falta procesar los insumos INEGI del estado,sin estimar · falta procesar los insumos INEGI del estado,sin estimar · falta procesar los insumos INEGI del estado,sin estimar · falta procesar los insumos INEGI del estado,sin estimar · falta procesar los insumos INEGI del estado,sin estimar · falta procesar los insumos INEGI del estado,sin estimar · falta procesar los insumos INEGI del estado,no aplica · AltScore solo en la ZM Mérida,no aplica · AltScore solo en la ZM Mérida,sin estimar · falta procesar los insumos INEGI del estado,sin estimar · falta procesar los insumos INEGI del estado,sin estimar · falta procesar los insumos INEGI del estado,sin estimar · falta procesar los insumos INEGI del estado,sin estimar · falta procesar los insumos INEGI del estado,sin estimar · falta procesar los insumos INEGI del estado,sin estimar · falta procesar los insumos INEGI del estado
SUPER CHEDRAUI TELOLOAPAN,18.36647,-99.86346,CENTRO,40400,Teloloapan (GRO),L,L,sí,Guerrero,8949b1602d7ffff,140,7.3,10.7,11.5,12,12.6,45.9,2.51,no aplica · AltScore solo en la ZM Mérida,no aplica · AltScore solo en la ZM Mérida,2.51,2.86,solo INEGI; H si ≥ media INEGI de nuestros PDV Tradicional (06),L,sí,L,sí
WALMART SC - ACAPULCO,16.8448,-99.8472,ICACOS,39860,Acapulco de Juárez (GRO),L,L,sí,Guerrero,8949b542893ffff,866,8.6,12.9,13.9,15,14.7,34.9,2.81,no aplica · AltScore solo en la ZM Mérida,no aplica · AltScore solo en la ZM Mérida,2.81,2.86,solo INEGI; H si ≥ media INEGI de nuestros PDV Tradicional (06),L,sí,L,sí
WALMART SC - DIAMANTE,16.79779,-99.80914,GRANJAS DEL MARQUEZ,39890,Acapulco de Juárez (GRO),L,H,no,Guerrero,8949b542083ffff,50,11.4,16.6,17.5,16.6,15.3,22.6,3.24,no aplica · AltScore solo en la ZM Mérida,no aplica · AltScore solo en la ZM Mérida,3.24,2.86,solo INEGI; H si ≥ media INEGI de nuestros PDV Tradicional (06),H,no,H,no
WALMART SC - PARAISO,18.83691,-99.21366,CAMPO SOTELO,62580,Temixco (MOR),L,L,sí,Morelos,8949b321ddbffff,116,5.1,9.5,10.8,15.2,16.7,42.7,2.43,no aplica · AltScore solo en la ZM Mérida,no aplica · AltScore solo en la ZM Mérida,2.43,2.86,solo INEGI; H si ≥ media INEGI de nuestros PDV Tradicional (06),L,sí,L,sí
WALMART SC - PLAYA DEL CARMEN,20.62944,-87.07629,CENTRO,77710,Solidaridad (QROO),L,H,no,Quintana Roo,89450a1b2d3ffff,283,8.3,13.1,15.8,18.1,18.9,25.7,2.97,no aplica · AltScore solo en la ZM Mérida,no aplica · AltScore solo en la ZM Mérida,2.97,2.86,solo INEGI; H si ≥ media INEGI de nuestros PDV Tradicional (06),L,sí,L,sí
BODEGA AURRERA - 1 DE MAYO,19.46537,-99.2343,SAN ANDRES ATOTO,53500,Naucalpan de Juárez (MEX),L,L,sí,México,894995ba9abffff,100,6,10,12.6,15.5,16.6,39.3,2.56,no aplica · AltScore solo en la ZM Mérida,no aplica · AltScore solo en la ZM Mérida,2.56,2.86,solo INEGI; H si ≥ media INEGI de nuestros PDV Tradicional (06),L,sí,L,sí
BODEGA AURRERA - AGUSTIN LARA,19.2787,-98.44057,LOS DICIOS,74080,San Martín Texmelucan (PUE),L,L,sí,Puebla,894995cae4fffff,660,9.3,12.7,13.6,14.5,14.1,35.8,2.81,no aplica · AltScore solo en la ZM Mérida,no aplica · AltScore solo en la ZM Mérida,2.81,2.86,solo INEGI; H si ≥ media INEGI de nuestros PDV Tradicional (06),L,sí,L,sí
BODEGA AURRERA - ARCA DE NOE,19.42523,-98.9325,ACUITLAPILCO,56335,Chimalhuacán (MEX),L,L,sí,México,89499512983ffff,1529,4.1,7.6,10.9,14.5,17.5,45.3,2.3,no aplica · AltScore solo en la ZM Mérida,no aplica · AltScore solo en la ZM Mérida,2.3,2.86,solo INEGI; H si ≥ media INEGI de nuestros PDV Tradicional (06),L,sí,L,sí
BODEGA AURRERA - AV.CENTRAL,19.47824,-99.05342,sin colonia en Nielsen,07469,Nezahualcóyotl (MEX),L,H,no,México,894995b9277ffff,1068,11.7,17.8,18.3,17.4,13.6,21.2,3.33,no aplica · AltScore solo en la ZM Mérida,no aplica · AltScore solo en la ZM Mérida,3.33,2.86,solo INEGI; H si ≥ media INEGI de nuestros PDV Tradicional (06),H,no,H,no
BODEGA AURRERA - AYOTLA,19.31052,-98.92388,sin colonia en Nielsen,56530,Ixtapaluca (MEX),L,L,sí,México,89499588d77ffff,801,4,7.6,11.2,15.1,17.7,44.4,2.32,no aplica · AltScore solo en la ZM Mérida,no aplica · AltScore solo en la ZM Mérida,2.32,2.86,solo INEGI; H si ≥ media INEGI de nuestros PDV Tradicional (06),L,sí,L,sí
BODEGA AURRERA - CABEZA DE JUAREZ,19.37883,-99.05894,EJERCITO CONSTITUCIONALISTA,09220,Iztapalapa (DF),L,H,no,Ciudad de México,8949958eb47ffff,390,9.2,14.1,15.7,17.4,16.2,27.3,3.01,no aplica · AltScore solo en la ZM Mérida,no aplica · AltScore solo en la ZM Mérida,3.01,2.86,solo INEGI; H si ≥ media INEGI de nuestros PDV Tradicional (06),L,sí,L,sí
BODEGA AURRERA - CAR A VILLA FLORES,16.73401,-93.11318,POPULAR,29087,Tuxtla Gutiérrez (CHIS),L,L,sí,Chiapas,896d231106bffff,455,11.3,14.8,11.6,10.9,10.5,41,2.83,no aplica · AltScore solo en la ZM Mérida,no aplica · AltScore solo en la ZM Mérida,2.83,2.86,solo INEGI; H si ≥ media INEGI de nuestros PDV Tradicional (06),L,sí,L,sí
BODEGA AURRERA - CHALCO,19.336972,-98.908467,WENCESLAO VICTORIA SOTO,56567,Ixtapaluca (MEX),L,L,sí,México,89499588ba7ffff,1243,1.9,4.4,7.9,12.3,17.1,56.5,1.92,no aplica · AltScore solo en la ZM Mérida,no aplica · AltScore solo en la ZM Mérida,1.92,2.86,solo INEGI; H si ≥ media INEGI de nuestros PDV Tradicional (06),L,sí,L,sí
BODEGA AURRERA - CHALCO 2000,19.26398,-98.89691,EJIDAL CHALCO CENTRO,56030,Chalco (MEX),L,L,sí,México,8949958aa5bffff,524,5.9,10.9,14.7,17.8,17.7,32.9,2.71,no aplica · AltScore solo en la ZM Mérida,no aplica · AltScore solo en la ZM Mérida,2.71,2.86,solo INEGI; H si ≥ media INEGI de nuestros PDV Tradicional (06),L,sí,L,sí
BODEGA AURRERA - CHICOLAPAN,19.42358,-98.91171,2 DE MARZO,56370,Chicoloapan (MEX),L,H,no,México,8949951283bffff,69,10.2,17.5,19.9,19.3,15,18.1,3.34,no aplica · AltScore solo en la ZM Mérida,no aplica · AltScore solo en la ZM Mérida,3.34,2.86,solo INEGI; H si ≥ media INEGI de nuestros PDV Tradicional (06),H,no,H,no
BODEGA AURRERA - CHILPANCINGO NORTE,17.56348,-99.51362,GALEANA,39010,Chilpancingo de los Bravo (GRO),L,H,no,Guerrero,8949b0346c7ffff,632,11.2,15.7,15.1,14.7,13.8,29.6,3.07,no aplica · AltScore solo en la ZM Mérida,no aplica · AltScore solo en la ZM Mérida,3.07,2.86,solo INEGI; H si ≥ media INEGI de nuestros PDV Tradicional (06),L,sí,H,no
BODEGA AURRERA - CHIMALHUACAN PENON,19.42199,-98.97126,XOCHITENCO,56340,Chimalhuacán (MEX),L,L,sí,México,8949958d863ffff,1314,3.4,7.1,10.9,15.1,18.2,45.3,2.27,no aplica · AltScore solo en la ZM Mérida,no aplica · AltScore solo en la ZM Mérida,2.27,2.86,solo INEGI; H si ≥ media INEGI de nuestros PDV Tradicional (06),L,sí,L,sí
BODEGA AURRERA - CIUDAD INDUSTRIAL,18.01815,-92.90923,CASA BLANCA,86060,Centro (TAB),L,L,sí,Tabasco,896d20892c3ffff,75,7.2,9.7,9.1,9.6,9.7,54.7,2.31,no aplica · AltScore solo en la ZM Mérida,no aplica · AltScore solo en la ZM Mérida,2.31,2.86,solo INEGI; H si ≥ media INEGI de nuestros PDV Tradicional (06),L,sí,L,sí
BODEGA AURRERA - COMACALCO,18.25488,-93.23193,FRACCIONAMIENTO SAN ISIDRO,86357,Comalcalco (TAB),L,H,no,Tabasco,896d26a5b93ffff,36,11.9,17,15.6,16,13.8,25.8,3.2,no aplica · AltScore solo en la ZM Mérida,no aplica · AltScore solo en la ZM Mérida,3.2,2.86,solo INEGI; H si ≥ media INEGI de nuestros PDV Tradicional (06),H,no,H,no
BODEGA AURRERA - COMITAN,16.24137,-92.13629,BARRIO DE LA PILETA,30098,Comitán de Domínguez (CHIS),L,L,sí,Chiapas,896d2e8840bffff,248,11.3,13.8,10.9,9.9,9.1,45,2.73,no aplica · AltScore solo en la ZM Mérida,no aplica · AltScore solo en la ZM Mérida,2.73,2.86,solo INEGI; H si ≥ media INEGI de nuestros PDV Tradicional (06),L,sí,L,sí
BODEGA AURRERA - CORALES,21.19192,-86.82676,FRACCIONAMIENTO CORALES PLUS,77258,Benito Juárez (QROO),L,L,sí,Quintana Roo,89450a69553ffff,503,4.9,8.6,12.5,16.8,17.2,40,2.47,no aplica · AltScore solo en la ZM Mérida,no aplica · AltScore solo en la ZM Mérida,2.47,2.86,solo INEGI; H si ≥ media INEGI de nuestros PDV Tradicional (06),L,sí,L,sí
BODEGA AURRERA - CORDOAV.11,18.88613,-96.93355,CENTRO,94500,Córdoba (VER),L,L,sí,Veracruz de Ignacio de la Llave,89499691b63ffff,682,6.4,10.7,12.1,15.1,15.6,40.1,2.57,no aplica · AltScore solo en la ZM Mérida,no aplica · AltScore solo en la ZM Mérida,2.57,2.86,solo INEGI; H si ≥ media INEGI de nuestros PDV Tradicional (06),L,sí,L,sí
BODEGA AURRERA - CUAUTLA,18.81336,-98.95059,CENTRO,62740,Cuautla (MOR),L,L,sí,Morelos,8949b374e23ffff,333,7.5,11.5,13.8,16.8,17.4,32.9,2.76,no aplica · AltScore solo en la ZM Mérida,no aplica · AltScore solo en la ZM Mérida,2.76,2.86,solo INEGI; H si ≥ media INEGI de nuestros PDV Tradicional (06),L,sí,L,sí
BODEGA AURRERA - CUAUTLANCINGO,19.10646,-98.27862,CENTRO,72700,Cuautlancingo (PUE),L,H,no,Puebla,894994ad973ffff,1247,20.1,23.2,17.1,13.3,10.1,16.2,3.81,no aplica · AltScore solo en la ZM Mérida,no aplica · AltScore solo en la ZM Mérida,3.81,2.86,solo INEGI; H si ≥ media INEGI de nuestros PDV Tradicional (06),H,no,H,no
BODEGA AURRERA - FUENTES DEL VALLE,19.62927,-99.14014,FUENTES DEL VALLE,54910,Tultitlán (MEX),L,H,no,México,894995a818bffff,999,8.1,13.8,17.5,19.5,17.2,23.9,3.05,no aplica · AltScore solo en la ZM Mérida,no aplica · AltScore solo en la ZM Mérida,3.05,2.86,solo INEGI; H si ≥ media INEGI de nuestros PDV Tradicional (06),L,sí,H,no
BODEGA AURRERA - GOBERNADORA,19.55882,-99.02538,TULPETLAC,55108,Ecatepec de Morelos (MEX),L,H,no,México,89499514c23ffff,1060,8.9,14.7,17.2,17.9,15.6,25.8,3.06,no aplica · AltScore solo en la ZM Mérida,no aplica · AltScore solo en la ZM Mérida,3.06,2.86,solo INEGI; H si ≥ media INEGI de nuestros PDV Tradicional (06),L,sí,H,no
BODEGA AURRERA - HUAJAPAN,17.80357,-97.7792,JARDINES DEL SUR,69007,Heroica Ciudad de Huajuapan de León (OAX),L,sin estimar · falta procesar los insumos INEGI del estado,sin estimar · falta procesar los insumos INEGI del estado,Oaxaca,8949b209697ffff,sin estimar · falta procesar los insumos INEGI del estado,sin estimar · falta procesar los insumos INEGI del estado,sin estimar · falta procesar los insumos INEGI del estado,sin estimar · falta procesar los insumos INEGI del estado,sin estimar · falta procesar los insumos INEGI del estado,sin estimar · falta procesar los insumos INEGI del estado,sin estimar · falta procesar los insumos INEGI del estado,sin estimar · falta procesar los insumos INEGI del estado,no aplica · AltScore solo en la ZM Mérida,no aplica · AltScore solo en la ZM Mérida,sin estimar · falta procesar los insumos INEGI del estado,sin estimar · falta procesar los insumos INEGI del estado,sin estimar · falta procesar los insumos INEGI del estado,sin estimar · falta procesar los insumos INEGI del estado,sin estimar · falta procesar los insumos INEGI del estado,sin estimar · falta procesar los insumos INEGI del estado,sin estimar · falta procesar los insumos INEGI del estado
BODEGA AURRERA - HUEHUETOCA,19.83296,-99.20931,BARRIO DE SALITRIO,54680,Huehuetoca (MEX),L,L,sí,México,894995370abffff,368,3.1,5.3,14.3,20.5,14.5,42.2,2.35,no aplica · AltScore solo en la ZM Mérida,no aplica · AltScore solo en la ZM Mérida,2.35,2.86,solo INEGI; H si ≥ media INEGI de nuestros PDV Tradicional (06),L,sí,L,sí
BODEGA AURRERA - IZTAPALAPA NORTE,19.34717,-99.0184,SANTA MARIA AZTAHUACAN,09500,Iztapalapa (DF),L,H,no,Ciudad de México,8949958c553ffff,1616,8,12.6,14.7,17.6,16.5,30.6,2.86,no aplica · AltScore solo en la ZM Mérida,no aplica · AltScore solo en la ZM Mérida,2.86,2.86,solo INEGI; H si ≥ media INEGI de nuestros PDV Tradicional (06),L,sí,L,sí
BODEGA AURRERA - IZUCAR DE MATAMOROS,18.59978,-98.47639,SANTA CRUZ TECOXCO,74400,Izúcar de Matamoros (PUE),L,L,sí,Puebla,8949b34f11bffff,73,9.4,12.8,13.9,14.1,12.7,37.1,2.81,no aplica · AltScore solo en la ZM Mérida,no aplica · AltScore solo en la ZM Mérida,2.81,2.86,solo INEGI; H si ≥ media INEGI de nuestros PDV Tradicional (06),L,sí,L,sí
BODEGA AURRERA - LA AURORA,19.40663,-98.9947,BENITO JUAREZ,57000,Nezahualcóyotl (MEX),L,L,sí,México,8949958dd0bffff,1975,4.7,8.8,12.2,16,17.6,40.8,2.45,no aplica · AltScore solo en la ZM Mérida,no aplica · AltScore solo en la ZM Mérida,2.45,2.86,solo INEGI; H si ≥ media INEGI de nuestros PDV Tradicional (06),L,sí,L,sí
BODEGA AURRERA - LA PAZ,19.36957,-98.96218,EL SALADO,56410,La Paz (MEX),L,L,sí,México,8949958d183ffff,1358,4.4,8.1,11.4,14.7,16.7,44.8,2.35,no aplica · AltScore solo en la ZM Mérida,no aplica · AltScore solo en la ZM Mérida,2.35,2.86,solo INEGI; H si ≥ media INEGI de nuestros PDV Tradicional (06),L,sí,L,sí
BODEGA AURRERA - MONTOYA,17.07474,-96.75813,MONTOYA,68036,Oaxaca de Juárez (OAX),L,sin estimar · falta procesar los insumos INEGI del estado,sin estimar · falta procesar los insumos INEGI del estado,Oaxaca,896d32aa303ffff,sin estimar · falta procesar los insumos INEGI del estado,sin estimar · falta procesar los insumos INEGI del estado,sin estimar · falta procesar los insumos INEGI del estado,sin estimar · falta procesar los insumos INEGI del estado,sin estimar · falta procesar los insumos INEGI del estado,sin estimar · falta procesar los insumos INEGI del estado,sin estimar · falta procesar los insumos INEGI del estado,sin estimar · falta procesar los insumos INEGI del estado,no aplica · AltScore solo en la ZM Mérida,no aplica · AltScore solo en la ZM Mérida,sin estimar · falta procesar los insumos INEGI del estado,sin estimar · falta procesar los insumos INEGI del estado,sin estimar · falta procesar los insumos INEGI del estado,sin estimar · falta procesar los insumos INEGI del estado,sin estimar · falta procesar los insumos INEGI del estado,sin estimar · falta procesar los insumos INEGI del estado,sin estimar · falta procesar los insumos INEGI del estado
BODEGA AURRERA - NAHIL,21.15301,-86.90906,sin colonia en Nielsen,77500,Benito Juárez (QROO),L,L,sí,Quintana Roo,89450a6a007ffff,830,2.1,4.2,7.5,13,19.7,53.5,1.96,no aplica · AltScore solo en la ZM Mérida,no aplica · AltScore solo en la ZM Mérida,1.96,2.86,solo INEGI; H si ≥ media INEGI de nuestros PDV Tradicional (06),L,sí,L,sí
BODEGA AURRERA - PLAYA MAYA,21.13804,-86.90231,sin colonia en Nielsen,77539,Benito Juárez (QROO),L,L,sí,Quintana Roo,89450a6a46bffff,568,4.1,7.2,11.7,19.1,23,34.9,2.46,no aplica · AltScore solo en la ZM Mérida,no aplica · AltScore solo en la ZM Mérida,2.46,2.86,solo INEGI; H si ≥ media INEGI de nuestros PDV Tradicional (06),L,sí,L,sí
BODEGA AURRERA - PLAZA CHIMALHUACAN,19.40925,-98.92833,CABECERA MUNICIPAL,56330,Chimalhuacán (MEX),L,L,sí,México,89499512d1bffff,776,4.3,7.9,11.3,14.7,16.8,45,2.33,no aplica · AltScore solo en la ZM Mérida,no aplica · AltScore solo en la ZM Mérida,2.33,2.86,solo INEGI; H si ≥ media INEGI de nuestros PDV Tradicional (06),L,sí,L,sí
BODEGA AURRERA - QUETZALCOATL,20.95958,-89.57848,MISNE II,97176,Mérida (YUC),L,H,no,Yucatán,894509b16a7ffff,617,14.8,17.6,18.8,17.2,14.5,17.1,3.5,28,1.95,3.12,2.88,(1 − 0.25) · INEGI + 0.25 · AltScore; H si ≥ media de nuestros PDV Tradicional (06),L,sí,H,no
BODEGA AURRERA - RENACIMIENTO,16.89123,-99.83585,LIBERTADORES,39350,Acapulco de Juárez (GRO),L,L,sí,Guerrero,8949b542b67ffff,326,5.1,8.8,11.1,13.5,15.6,46,2.36,no aplica · AltScore solo en la ZM Mérida,no aplica · AltScore solo en la ZM Mérida,2.36,2.86,solo INEGI; H si ≥ media INEGI de nuestros PDV Tradicional (06),L,sí,L,sí
BODEGA AURRERA - SAN AGUSTIN,19.531,-99.05022,MIGUEL HIDALGO,55490,Ecatepec de Morelos (MEX),L,L,sí,México,89499516b93ffff,1728,5,9.5,13,16.3,17.3,38.9,2.52,no aplica · AltScore solo en la ZM Mérida,no aplica · AltScore solo en la ZM Mérida,2.52,2.86,solo INEGI; H si ≥ media INEGI de nuestros PDV Tradicional (06),L,sí,L,sí
BODEGA AURRERA - SAN CRISTOBAL DE LAS CASAS,16.7207,-92.64348,EL RELICARIO,29286,San Cristóbal de las Casas (CHIS),L,H,no,Chiapas,896d23b18cfffff,900,16.3,18,12.3,9.9,7.8,35.8,3.18,no aplica · AltScore solo en la ZM Mérida,no aplica · AltScore solo en la ZM Mérida,3.18,2.86,solo INEGI; H si ≥ media INEGI de nuestros PDV Tradicional (06),H,no,H,no
BODEGA AURRERA - SOR JUANA,19.38967,-99.02643,METROPOLITANA,57000,Nezahualcóyotl (MEX),L,H,no,México,8949958ce87ffff,1816,7.8,13.5,16.8,19,17.2,25.7,2.99,no aplica · AltScore solo en la ZM Mérida,no aplica · AltScore solo en la ZM Mérida,2.99,2.86,solo INEGI; H si ≥ media INEGI de nuestros PDV Tradicional (06),L,sí,L,sí
BODEGA AURRERA - TABASCO,17.98738,-93.37848,CENTRO,86500,Cárdenas (TAB),L,L,sí,Tabasco,896d2626023ffff,400,7,10.4,10.5,12.8,13.6,45.8,2.47,no aplica · AltScore solo en la ZM Mérida,no aplica · AltScore solo en la ZM Mérida,2.47,2.86,solo INEGI; H si ≥ media INEGI de nuestros PDV Tradicional (06),L,sí,L,sí
BODEGA AURRERA - TAPACHULA,14.89527,-92.27453,CANTARRANAS,30700,Tapachula (CHIS),L,H,no,Chiapas,896d2a17313ffff,400,11.7,17.9,13.8,13.1,12.4,31.2,3.1,no aplica · AltScore solo en la ZM Mérida,no aplica · AltScore solo en la ZM Mérida,3.1,2.86,solo INEGI; H si ≥ media INEGI de nuestros PDV Tradicional (06),L,sí,H,no
BODEGA AURRERA - TEJERIA,19.16754,-96.22475,VERZCRUZ BUSINESS PARK,91919,Veracruz (VER),L,L,sí,Veracruz de Ignacio de la Llave,896d34db287ffff,83,3.8,6.9,8.7,11.8,14.3,54.6,2.1,no aplica · AltScore solo en la ZM Mérida,no aplica · AltScore solo en la ZM Mérida,2.1,2.86,solo INEGI; H si ≥ media INEGI de nuestros PDV Tradicional (06),L,sí,L,sí
BODEGA AURRERA - TEMIXCO II,18.83218,-99.2254,CENTRO,62590,Temixco (MOR),L,L,sí,Morelos,8949b320367ffff,23,7,11.3,12.5,15.5,15.6,38.1,2.64,no aplica · AltScore solo en la ZM Mérida,no aplica · AltScore solo en la ZM Mérida,2.64,2.86,solo INEGI; H si ≥ media INEGI de nuestros PDV Tradicional (06),L,sí,L,sí
BODEGA AURRERA - TEOTIHUACAN,19.68196,-98.86471,BARRDE LA PURIFICA,55800,Teotihuacán (MEX),L,L,sí,México,8949950564fffff,315,6,11.5,15.4,17.8,17.1,32.1,2.75,no aplica · AltScore solo en la ZM Mérida,no aplica · AltScore solo en la ZM Mérida,2.75,2.86,solo INEGI; H si ≥ media INEGI de nuestros PDV Tradicional (06),L,sí,L,sí
BODEGA AURRERA - TEPEJI DEL RIO,19.90019,-99.34306,SAN FRANCISCO PRIMERA,42854,Tepeji del Río de Ocampo (HGO),L,H,no,Hidalgo,894982cb4d7ffff,403,8.8,12.7,15.1,16.4,14.4,32.6,2.87,no aplica · AltScore solo en la ZM Mérida,no aplica · AltScore solo en la ZM Mérida,2.87,2.86,solo INEGI; H si ≥ media INEGI de nuestros PDV Tradicional (06),L,sí,L,sí
BODEGA AURRERA - TEXCOCO,19.51932,-98.87957,SAN PABLO,56116,Texcoco (MEX),L,H,no,México,894995025bbffff,348,11.3,18.1,19.5,19,14.4,17.8,3.4,no aplica · AltScore solo en la ZM Mérida,no aplica · AltScore solo en la ZM Mérida,3.4,2.86,solo INEGI; H si ≥ media INEGI de nuestros PDV Tradicional (06),H,no,H,no
BODEGA AURRERA - TIZAYUCA,19.84639,-98.97532,CUXTITLA,43800,Tizayuca (HGO),L,L,sí,Hidalgo,8949953aad3ffff,466,7.6,11.7,14.3,14.9,13,38.5,2.71,no aplica · AltScore solo en la ZM Mérida,no aplica · AltScore solo en la ZM Mérida,2.71,2.86,solo INEGI; H si ≥ media INEGI de nuestros PDV Tradicional (06),L,sí,L,sí
BODEGA AURRERA - TULA,20.05582,-99.33775,EL SALITRE,42010,Tula de Allende (HGO),L,H,no,Hidalgo,894982c9bcbffff,490,11.5,17.8,19.5,18.5,13,19.8,3.37,no aplica · AltScore solo en la ZM Mérida,no aplica · AltScore solo en la ZM Mérida,3.37,2.86,solo INEGI; H si ≥ media INEGI de nuestros PDV Tradicional (06),H,no,H,no
BODEGA AURRERA - VIA CAPU,19.0748,-98.19895,SAN FELIPE HUEYOTLIPAN,72030,Puebla (PUE),L,H,no,Puebla,89499432c77ffff,444,8.3,12.4,14.8,17.2,16.1,31.1,2.86,no aplica · AltScore solo en la ZM Mérida,no aplica · AltScore solo en la ZM Mérida,2.86,2.86,solo INEGI; H si ≥ media INEGI de nuestros PDV Tradicional (06),L,sí,L,sí
BODEGA AURRERA - VILLAS OTOCH,21.18572,-86.8683,sin colonia en Nielsen,77516,Benito Juárez (QROO),L,L,sí,Quintana Roo,89450a686b3ffff,1034,5.3,9.2,13.7,19.2,19.3,33.3,2.62,no aplica · AltScore solo en la ZM Mérida,no aplica · AltScore solo en la ZM Mérida,2.62,2.86,solo INEGI; H si ≥ media INEGI de nuestros PDV Tradicional (06),L,sí,L,sí
BODEGA AURRERA - XALOSTOC,19.55005,-99.07516,HANK GONZALEZ,55520,Ecatepec de Morelos (MEX),L,L,sí,México,894995ab6b3ffff,1568,4,8.1,11.8,15.1,17.3,43.6,2.36,no aplica · AltScore solo en la ZM Mérida,no aplica · AltScore solo en la ZM Mérida,2.36,2.86,solo INEGI; H si ≥ media INEGI de nuestros PDV Tradicional (06),L,sí,L,sí
BODEGA AURRERA - ZIHUATANEJO,17.65126,-101.54898,UNIDAD DEPORTIVA,40880,Zihuatanejo de Azueta (GRO),L,H,no,Guerrero,8949a232c13ffff,545,9,14.2,14.5,14.4,14,33.9,2.88,no aplica · AltScore solo en la ZM Mérida,no aplica · AltScore solo en la ZM Mérida,2.88,2.86,solo INEGI; H si ≥ media INEGI de nuestros PDV Tradicional (06),L,sí,L,sí
CHEDRAUI ACAPULCO CAYACO,16.86226,-99.80983,LA SABANA,39799,Acapulco de Juárez (GRO),L,L,sí,Guerrero,8949b542a53ffff,199,3.5,6.4,8.7,11.8,14.5,55.1,2.07,no aplica · AltScore solo en la ZM Mérida,no aplica · AltScore solo en la ZM Mérida,2.07,2.86,solo INEGI; H si ≥ media INEGI de nuestros PDV Tradicional (06),L,sí,L,sí
CHEDRAUI ACAYUCAN LA PALMA,17.95594,-94.92035,BARRIO LA PALMA,96056,Acayucan (VER),L,L,sí,Veracruz de Ignacio de la Llave,896d35011d7ffff,412,4.3,7.6,9.1,11.8,13.6,53.5,2.17,no aplica · AltScore solo en la ZM Mérida,no aplica · AltScore solo en la ZM Mérida,2.17,2.86,solo INEGI; H si ≥ media INEGI de nuestros PDV Tradicional (06),L,sí,L,sí
CHEDRAUI CANCUN ARCO NORTE,21.17723,-86.91309,PASEOS DE MAR,77519,Benito Juárez (QROO),L,L,sí,Quintana Roo,89450a6aed3ffff,629,1.5,3.4,7.2,13.3,21.5,53,1.91,no aplica · AltScore solo en la ZM Mérida,no aplica · AltScore solo en la ZM Mérida,1.91,2.86,solo INEGI; H si ≥ media INEGI de nuestros PDV Tradicional (06),L,sí,L,sí
CHEDRAUI CANCUN LAKIN,21.14514,-86.90581,COLNO ESPESIFICADA,77500,Benito Juárez (QROO),L,L,sí,Quintana Roo,89450a6a0c7ffff,853,7.2,11.2,13.9,17.6,19.1,31.2,2.76,no aplica · AltScore solo en la ZM Mérida,no aplica · AltScore solo en la ZM Mérida,2.76,2.86,solo INEGI; H si ≥ media INEGI de nuestros PDV Tradicional (06),L,sí,L,sí
CHEDRAUI CANCUN MUNDO MAYA,21.14922,-86.87325,SM-98,77530,Benito Juárez (QROO),L,L,sí,Quintana Roo,89450a6b533ffff,450,6.4,10.7,13.9,17.8,17.7,33.5,2.7,no aplica · AltScore solo en la ZM Mérida,no aplica · AltScore solo en la ZM Mérida,2.7,2.86,solo INEGI; H si ≥ media INEGI de nuestros PDV Tradicional (06),L,sí,L,sí
CHEDRAUI CANCUN TALLERES,21.16418,-86.87318,FRACC I FRANJA NORTE,77500,Benito Juárez (QROO),L,H,no,Quintana Roo,89450a6b1b7ffff,1065,9.7,15.2,17.5,19,17.3,21.3,3.17,no aplica · AltScore solo en la ZM Mérida,no aplica · AltScore solo en la ZM Mérida,3.17,2.86,solo INEGI; H si ≥ media INEGI de nuestros PDV Tradicional (06),H,no,H,no
CHEDRAUI CANCUN VILLAS DEL MAR,21.18975,-86.87122,FRACC VILLAS DEL MAR,77510,Benito Juárez (QROO),L,L,sí,Quintana Roo,89450a6846bffff,1059,7.7,12.1,14.6,17.9,18.2,29.5,2.85,no aplica · AltScore solo en la ZM Mérida,no aplica · AltScore solo en la ZM Mérida,2.85,2.86,solo INEGI; H si ≥ media INEGI de nuestros PDV Tradicional (06),L,sí,L,sí
CHEDRAUI CARDENAS PUEBLO NUEVO,17.9877,-93.38353,PUEBLO NUEVO,86500,Cárdenas (TAB),L,L,sí,Tabasco,896d262603bffff,553,6.2,9.6,10,12.6,13.7,47.9,2.38,no aplica · AltScore solo en la ZM Mérida,no aplica · AltScore solo en la ZM Mérida,2.38,2.86,solo INEGI; H si ≥ media INEGI de nuestros PDV Tradicional (06),L,sí,L,sí
CHEDRAUI CD. DEL CARMEN TACUBAYA,18.64237,-91.82125,TACUBAYA,24100,Carmen (CAMP),L,L,sí,Campeche,8945749353bffff,517,9.6,12.3,12.2,13.3,13.9,38.8,2.74,no aplica · AltScore solo en la ZM Mérida,no aplica · AltScore solo en la ZM Mérida,2.74,2.86,solo INEGI; H si ≥ media INEGI de nuestros PDV Tradicional (06),L,sí,L,sí
CHEDRAUI COATEPEC CRYSTAL,19.44931,-96.96296,EL SUCHIL,91500,Coatepec (VER),L,L,sí,Veracruz de Ignacio de la Llave,89499606993ffff,874,7.2,11.4,12.4,15,15.3,38.7,2.64,no aplica · AltScore solo en la ZM Mérida,no aplica · AltScore solo en la ZM Mérida,2.64,2.86,solo INEGI; H si ≥ media INEGI de nuestros PDV Tradicional (06),L,sí,L,sí
CHEDRAUI COATZACOALCOS UNIVERSIDAD,18.13826,-94.49954,LAS GAVIOTAS,96536,Coatzacoalcos (VER),L,H,no,Veracruz de Ignacio de la Llave,896d35b124bffff,590,8.1,13.6,15,17.4,17.1,28.7,2.92,no aplica · AltScore solo en la ZM Mérida,no aplica · AltScore solo en la ZM Mérida,2.92,2.86,solo INEGI; H si ≥ media INEGI de nuestros PDV Tradicional (06),L,sí,L,sí
CHEDRAUI COMALCALCO NORTE,18.26731,-93.21827,CENTRO,86300,Comalcalco (TAB),L,H,no,Tabasco,896d26a5d7bffff,67,12.8,17.4,15.1,14.6,12.2,27.8,3.21,no aplica · AltScore solo en la ZM Mérida,no aplica · AltScore solo en la ZM Mérida,3.21,2.86,solo INEGI; H si ≥ media INEGI de nuestros PDV Tradicional (06),H,no,H,no
CHEDRAUI CORDOBA CRYSTAL,18.89016,-96.94713,FRACC LAS LOMAS,94570,Córdoba (VER),L,H,no,Veracruz de Ignacio de la Llave,89499682653ffff,443,11.5,17,16.3,17.1,14.4,23.7,3.23,no aplica · AltScore solo en la ZM Mérida,no aplica · AltScore solo en la ZM Mérida,3.23,2.86,solo INEGI; H si ≥ media INEGI de nuestros PDV Tradicional (06),H,no,H,no
CHEDRAUI MARTINEZ DE LA TORRE,20.07021,-97.06472,ADOLFO RUIZ CORTINES,93600,Martínez de la Torre (VER),L,L,sí,Veracruz de Ignacio de la Llave,8949904b593ffff,513,5.2,8.9,10.6,13.7,15.2,46.3,2.36,no aplica · AltScore solo en la ZM Mérida,no aplica · AltScore solo en la ZM Mérida,2.36,2.86,solo INEGI; H si ≥ media INEGI de nuestros PDV Tradicional (06),L,sí,L,sí
CHEDRAUI MERIDA ITZAES,20.96078,-89.64073,CENTRO,97000,Mérida (YUC),L,H,no,Yucatán,894509b00dbffff,436,10.1,12.9,14.8,16.7,16.9,28.7,2.97,53,3.12,3.01,2.88,(1 − 0.25) · INEGI + 0.25 · AltScore; H si ≥ media de nuestros PDV Tradicional (06),L,sí,L,sí
CHEDRAUI MERIDA ORIENTE,20.96714,-89.59111,LAZARO CARDENAS,97160,Mérida (YUC),L,H,no,Yucatán,894509b1087ffff,471,11.9,14.6,16.2,16.2,15.3,25.8,3.14,63,3.47,3.24,2.88,(1 − 0.25) · INEGI + 0.25 · AltScore; H si ≥ media de nuestros PDV Tradicional (06),H,no,H,no
CHEDRAUI MEXICO NEZA ESTADIO,19.4003,-98.98733,FRACC REY NEZA,57000,Nezahualcóyotl (MEX),L,L,sí,México,8949958ddcbffff,1326,6.3,11.1,14.2,17,17.3,34.1,2.7,no aplica · AltScore solo en la ZM Mérida,no aplica · AltScore solo en la ZM Mérida,2.7,2.86,solo INEGI; H si ≥ media INEGI de nuestros PDV Tradicional (06),L,sí,L,sí
CHEDRAUI MEXICO TULYEHUALCO,19.25782,-99.02238,SANTIAGO TULYEHUALCO,16700,Xochimilco (DF),L,L,sí,Ciudad de México,89499581987ffff,487,7.7,12.2,14.4,16.8,16.5,32.6,2.8,no aplica · AltScore solo en la ZM Mérida,no aplica · AltScore solo en la ZM Mérida,2.8,2.86,solo INEGI; H si ≥ media INEGI de nuestros PDV Tradicional (06),L,sí,L,sí
CHEDRAUI MINATITLAN BERLIN,17.99397,-94.57488,B VISTA,96710,Minatitlán (VER),L,L,sí,Veracruz de Ignacio de la Llave,896d35aa60fffff,146,6.2,10.9,12.7,15.8,16.5,37.9,2.61,no aplica · AltScore solo en la ZM Mérida,no aplica · AltScore solo en la ZM Mérida,2.61,2.86,solo INEGI; H si ≥ media INEGI de nuestros PDV Tradicional (06),L,sí,L,sí
CHEDRAUI ORIZABA CENTRO,18.84789,-97.09232,CENTRO,94300,Orizaba (VER),L,H,no,Veracruz de Ignacio de la Llave,89499697193ffff,485,12.6,18.4,17.3,17.8,14.6,19.3,3.39,no aplica · AltScore solo en la ZM Mérida,no aplica · AltScore solo en la ZM Mérida,3.39,2.86,solo INEGI; H si ≥ media INEGI de nuestros PDV Tradicional (06),H,no,H,no
CHEDRAUI PALENQUE,17.51251,-91.99094,LA ESPERANZA,29960,Palenque (CHIS),L,L,sí,Chiapas,896d256c96bffff,259,4.5,7.3,7.4,8.9,10.8,61.2,2.02,no aplica · AltScore solo en la ZM Mérida,no aplica · AltScore solo en la ZM Mérida,2.02,2.86,solo INEGI; H si ≥ media INEGI de nuestros PDV Tradicional (06),L,sí,L,sí
CHEDRAUI PLAYA DEL CARMEN VILLAS,20.67037,-87.11426,VILLAS DEL SOL,77723,Solidaridad (QROO),L,L,sí,Quintana Roo,89450a18603ffff,1319,1.9,4.3,8,13.3,18.2,54.3,1.96,no aplica · AltScore solo en la ZM Mérida,no aplica · AltScore solo en la ZM Mérida,1.96,2.86,solo INEGI; H si ≥ media INEGI de nuestros PDV Tradicional (06),L,sí,L,sí
CHEDRAUI POZA RICA CRYSTAL,20.53585,-97.47274,MORELOS,93340,Poza Rica de Hidalgo (VER),L,L,sí,Veracruz de Ignacio de la Llave,8949906e607ffff,663,5.4,9.7,11.5,14.7,15.5,43.2,2.45,no aplica · AltScore solo en la ZM Mérida,no aplica · AltScore solo en la ZM Mérida,2.45,2.86,solo INEGI; H si ≥ media INEGI de nuestros PDV Tradicional (06),L,sí,L,sí
CHEDRAUI SAN ANDRES TUXTLA,18.45281,-95.21823,CAMPECHE,95718,San Andrés Tuxtla (VER),L,L,sí,Veracruz de Ignacio de la Llave,896d35da373ffff,851,5.3,9.6,11.6,15.3,16.8,41.4,2.47,no aplica · AltScore solo en la ZM Mérida,no aplica · AltScore solo en la ZM Mérida,2.47,2.86,solo INEGI; H si ≥ media INEGI de nuestros PDV Tradicional (06),L,sí,L,sí
CHEDRAUI TAPACHULA PONIENTE,14.91827,-92.26353,PRIMERO DE MAYO,30730,Tapachula (CHIS),L,L,sí,Chiapas,896d2a170b3ffff,547,6.5,9.6,8.8,9.5,10.4,55.2,2.26,no aplica · AltScore solo en la ZM Mérida,no aplica · AltScore solo en la ZM Mérida,2.26,2.86,solo INEGI; H si ≥ media INEGI de nuestros PDV Tradicional (06),L,sí,L,sí
CHEDRAUI TAPACHULA SUR,14.89419,-92.27619,CANTARRANAS,30797,Tapachula (CHIS),L,H,no,Chiapas,896d2a17313ffff,400,11.7,17.9,13.8,13.1,12.4,31.2,3.1,no aplica · AltScore solo en la ZM Mérida,no aplica · AltScore solo en la ZM Mérida,3.1,2.86,solo INEGI; H si ≥ media INEGI de nuestros PDV Tradicional (06),L,sí,H,no
CHEDRAUI TEMIXCO MORELOS,18.83719,-99.22488,CAMPO DEL RAYO,62590,Temixco (MOR),L,H,no,Morelos,8949b321d83ffff,398,12.7,16.6,16.1,15.4,13.1,26.2,3.22,no aplica · AltScore solo en la ZM Mérida,no aplica · AltScore solo en la ZM Mérida,3.22,2.86,solo INEGI; H si ≥ media INEGI de nuestros PDV Tradicional (06),H,no,H,no
CHEDRAUI TEZIUTLAN CRYSTAL,19.80746,-97.36632,BARRIO DE FRANCIA,73890,Teziutlán (PUE),L,L,sí,Puebla,894990cf2abffff,1017,8.4,11.3,12.2,13.9,14,40.2,2.66,no aplica · AltScore solo en la ZM Mérida,no aplica · AltScore solo en la ZM Mérida,2.66,2.86,solo INEGI; H si ≥ media INEGI de nuestros PDV Tradicional (06),L,sí,L,sí
CHEDRAUI VERACRUZ  CENTRO,19.19084,-96.13472,CENTRO,91700,Veracruz (VER),L,L,sí,Veracruz de Ignacio de la Llave,896d34da423ffff,557,7.3,12.3,13.6,17.5,17.6,31.8,2.79,no aplica · AltScore solo en la ZM Mérida,no aplica · AltScore solo en la ZM Mérida,2.79,2.86,solo INEGI; H si ≥ media INEGI de nuestros PDV Tradicional (06),L,sí,L,sí
CHEDRAUI VILLA AMERICAS,18.01397,-92.91891,JOSE MARIA PINO SUAREZ,86010,Centro (TAB),L,L,sí,Tabasco,896d20c652fffff,328,8.1,11.3,10.8,12,12.4,45.4,2.54,no aplica · AltScore solo en la ZM Mérida,no aplica · AltScore solo en la ZM Mérida,2.54,2.86,solo INEGI; H si ≥ media INEGI de nuestros PDV Tradicional (06),L,sí,L,sí
LACOMER SAN JUAN DELÄÅ¼Ë RÄÅ¼Ë,20.385145,-100.007822,CENTRO,76800,San Juan del Río (QRO),L,H,no,Querétaro,89498206b9bffff,289,14.3,22,22.1,18.5,11.6,11.6,3.74,no aplica · AltScore solo en la ZM Mérida,no aplica · AltScore solo en la ZM Mérida,3.74,2.86,solo INEGI; H si ≥ media INEGI de nuestros PDV Tradicional (06),H,no,H,no
SORIANA HIPERMERCADO CARMEN,18.651395,-91.80531,AVIACION,66450,Carmen (CAMP),L,H,no,Campeche,894574931dbffff,160,14.8,17.5,15.9,14,11.7,26,3.31,no aplica · AltScore solo en la ZM Mérida,no aplica · AltScore solo en la ZM Mérida,3.31,2.86,solo INEGI; H si ≥ media INEGI de nuestros PDV Tradicional (06),H,no,H,no
SORIANA MEGA MEGA CANCUN NI-OS HEROES,21.181173,-86.85049,REG 96,77516,Benito Juárez (QROO),L,L,sí,Quintana Roo,89450a686cbffff,468,5.3,8.8,12.3,16.2,17.2,40.2,2.48,no aplica · AltScore solo en la ZM Mérida,no aplica · AltScore solo en la ZM Mérida,2.48,2.86,solo INEGI; H si ≥ media INEGI de nuestros PDV Tradicional (06),L,sí,L,sí
SORIANA MEGA MEGA CUAUTLA LOS ARCOS,18.846682,-98.937273,POSTAL,62748,Cuautla (MOR),L,H,no,Morelos,8949b3664c7ffff,370,12,16,16,15.9,13.7,26.4,3.17,no aplica · AltScore solo en la ZM Mérida,no aplica · AltScore solo en la ZM Mérida,3.17,2.86,solo INEGI; H si ≥ media INEGI de nuestros PDV Tradicional (06),H,no,H,no
SORIANA MEGA MEGA ZIHUATANEJO,17.648113,-101.543438,EL HUJAL,40880,Zihuatanejo de Azueta (GRO),L,L,sí,Guerrero,8949a232cc3ffff,884,7.5,12.1,13.6,14.7,14.7,37.5,2.71,no aplica · AltScore solo en la ZM Mérida,no aplica · AltScore solo en la ZM Mérida,2.71,2.86,solo INEGI; H si ≥ media INEGI de nuestros PDV Tradicional (06),L,sí,L,sí
SUPER CHEDRAUI SELECTO PLAYA DEL CARMEN,20.63508,-87.06796,GONZALO GUERRERO,77720,Solidaridad (QROO),L,L,sí,Quintana Roo,89450accd2fffff,435,3.2,6.4,9.5,14.8,18.9,47.3,2.18,no aplica · AltScore solo en la ZM Mérida,no aplica · AltScore solo en la ZM Mérida,2.18,2.86,solo INEGI; H si ≥ media INEGI de nuestros PDV Tradicional (06),L,sí,L,sí
WALMART SC - CABORCA,18.90266,-96.95966,SANTA LETICIA,94470,Fortín (VER),L,H,no,Veracruz de Ignacio de la Llave,8949968262fffff,512,10.7,15.4,14.6,14.8,12.9,31.5,3.02,no aplica · AltScore solo en la ZM Mérida,no aplica · AltScore solo en la ZM Mérida,3.02,2.86,solo INEGI; H si ≥ media INEGI de nuestros PDV Tradicional (06),L,sí,H,no
WALMART SC - CAMPECHE,19.85236,-90.52886,AHKIN PEACH,24014,Campeche (CAMP),L,H,no,Campeche,8945763b21bffff,19,22.2,22.5,19.5,13.8,8.9,13.1,3.96,no aplica · AltScore solo en la ZM Mérida,no aplica · AltScore solo en la ZM Mérida,3.96,2.86,solo INEGI; H si ≥ media INEGI de nuestros PDV Tradicional (06),H,no,H,no
WALMART SC - CANCUN OESTE,21.14876,-86.8604,SUPERMANZANA 97,77530,Benito Juárez (QROO),L,L,sí,Quintana Roo,89450a6b57bffff,65,7.3,12.3,14.2,16,15.8,34.4,2.76,no aplica · AltScore solo en la ZM Mérida,no aplica · AltScore solo en la ZM Mérida,2.76,2.86,solo INEGI; H si ≥ media INEGI de nuestros PDV Tradicional (06),L,sí,L,sí
WALMART SC - CD JARDIN,19.42557,-99.02889,BENITO JUAREZ,50000,Nezahualcóyotl (MEX),L,L,sí,México,8949958cbdbffff,892,4.8,9.1,12.7,16.6,17.9,38.9,2.5,no aplica · AltScore solo en la ZM Mérida,no aplica · AltScore solo en la ZM Mérida,2.5,2.86,solo INEGI; H si ≥ media INEGI de nuestros PDV Tradicional (06),L,sí,L,sí
WALMART SC - CHETUMAL,18.51521,-88.28124,5 DE ABRIL,77018,Othón P. Blanco (QROO),L,L,sí,Quintana Roo,894501b7173ffff,244,6.1,10.8,13.8,17.7,18.4,33.3,2.69,no aplica · AltScore solo en la ZM Mérida,no aplica · AltScore solo en la ZM Mérida,2.69,2.86,solo INEGI; H si ≥ media INEGI de nuestros PDV Tradicional (06),L,sí,L,sí
WALMART SC - ECATEPEC CENTRO,19.60688,-99.04567,CENTRO,55000,Ecatepec de Morelos (MEX),L,H,no,México,894995a96b3ffff,746,11.9,18.7,20.2,18.8,14.2,16.2,3.47,no aplica · AltScore solo en la ZM Mérida,no aplica · AltScore solo en la ZM Mérida,3.47,2.86,solo INEGI; H si ≥ media INEGI de nuestros PDV Tradicional (06),H,no,H,no
WALMART SC - F A MORELIA MADERO SUR,20.3985,-99.98243,ZONA INDUSTRIAL VALLE,76801,San Juan del Río (QRO),L,H,no,Querétaro,89498204c8bffff,9,15.5,21.3,16.4,12.8,8.9,25.1,3.46,no aplica · AltScore solo en la ZM Mérida,no aplica · AltScore solo en la ZM Mérida,3.46,2.86,solo INEGI; H si ≥ media INEGI de nuestros PDV Tradicional (06),H,no,H,no
WALMART SC - HIPERPLAZA TEXCOCO.,19.51604,-98.86828,SANTA CRUZ DE ARRIBA,56120,Texcoco (MEX),L,H,no,México,894995025c3ffff,345,9.6,15.5,17,17.2,15.1,25.5,3.11,no aplica · AltScore solo en la ZM Mérida,no aplica · AltScore solo en la ZM Mérida,3.11,2.86,solo INEGI; H si ≥ media INEGI de nuestros PDV Tradicional (06),L,sí,H,no
WALMART SC - HOSPITAL GENERAL,18.98655,-98.23992,INFONAVIT SAN BARTOLO,72490,Puebla (PUE),L,H,no,Puebla,894994af2b3ffff,478,9.3,13.4,15.6,16.3,15.2,30.3,2.95,no aplica · AltScore solo en la ZM Mérida,no aplica · AltScore solo en la ZM Mérida,2.95,2.86,solo INEGI; H si ≥ media INEGI de nuestros PDV Tradicional (06),L,sí,L,sí
WALMART SC - HUEHUETOCA JOROBAS,19.84168,-99.23802,SANTA TERESA,54694,Huehuetoca (MEX),L,L,sí,México,8949953627bffff,837,5,8.8,12.3,16.4,18.6,38.9,2.49,no aplica · AltScore solo en la ZM Mérida,no aplica · AltScore solo en la ZM Mérida,2.49,2.86,solo INEGI; H si ≥ media INEGI de nuestros PDV Tradicional (06),L,sí,L,sí
WALMART SC - JIUTEPEC,18.90185,-99.17471,CIVAC,62571,Jiutepec (MOR),L,H,no,Morelos,8949b32f083ffff,608,11.6,15.5,16.8,18.4,15.7,22.1,3.23,no aplica · AltScore solo en la ZM Mérida,no aplica · AltScore solo en la ZM Mérida,3.23,2.86,solo INEGI; H si ≥ media INEGI de nuestros PDV Tradicional (06),H,no,H,no
WALMART SC - LAS AMERICAS,19.2993,-98.88585,HACIENDA DE SANTA BARBARA,56530,Ixtapaluca (MEX),L,L,sí,México,89499588e07ffff,64,3.2,5.9,8.2,11.2,15.9,55.7,2.02,no aplica · AltScore solo en la ZM Mérida,no aplica · AltScore solo en la ZM Mérida,2.02,2.86,solo INEGI; H si ≥ media INEGI de nuestros PDV Tradicional (06),L,sí,L,sí
WALMART SC - LERMA,19.28376,-99.50313,LA MERCED,52006,Lerma (MEX),L,H,no,México,8949864e14fffff,273,10.7,16.5,17.6,17.1,14.1,24.1,3.2,no aplica · AltScore solo en la ZM Mérida,no aplica · AltScore solo en la ZM Mérida,3.2,2.86,solo INEGI; H si ≥ media INEGI de nuestros PDV Tradicional (06),H,no,H,no
WALMART SC - LIBRAMIENTO NORTE,16.75055,-93.07634,PATRIA NUEVA,29045,Tuxtla Gutiérrez (CHIS),L,H,no,Chiapas,896d23115afffff,45,17.5,22.7,16.7,13.7,11.4,18,3.67,no aplica · AltScore solo en la ZM Mérida,no aplica · AltScore solo en la ZM Mérida,3.67,2.86,solo INEGI; H si ≥ media INEGI de nuestros PDV Tradicional (06),H,no,H,no
WALMART SC - LOS ASTRIOS,18.86994,-98.95036,TIERRA LARGA,62751,Cuautla (MOR),L,H,no,Morelos,8949b36654fffff,59,24,29.8,20.8,13,6.9,5.5,4.34,no aplica · AltScore solo en la ZM Mérida,no aplica · AltScore solo en la ZM Mérida,4.34,2.86,solo INEGI; H si ≥ media INEGI de nuestros PDV Tradicional (06),H,no,H,no
WALMART SC - MACRO PLAZA OAXACA,17.067,-96.69479,NUEVA STA LUCIA,71228,Santa Lucía del Camino (OAX),L,sin estimar · falta procesar los insumos INEGI del estado,sin estimar · falta procesar los insumos INEGI del estado,Oaxaca,896d32aad9bffff,sin estimar · falta procesar los insumos INEGI del estado,sin estimar · falta procesar los insumos INEGI del estado,sin estimar · falta procesar los insumos INEGI del estado,sin estimar · falta procesar los insumos INEGI del estado,sin estimar · falta procesar los insumos INEGI del estado,sin estimar · falta procesar los insumos INEGI del estado,sin estimar · falta procesar los insumos INEGI del estado,sin estimar · falta procesar los insumos INEGI del estado,no aplica · AltScore solo en la ZM Mérida,no aplica · AltScore solo en la ZM Mérida,sin estimar · falta procesar los insumos INEGI del estado,sin estimar · falta procesar los insumos INEGI del estado,sin estimar · falta procesar los insumos INEGI del estado,sin estimar · falta procesar los insumos INEGI del estado,sin estimar · falta procesar los insumos INEGI del estado,sin estimar · falta procesar los insumos INEGI del estado,sin estimar · falta procesar los insumos INEGI del estado
WALMART SC - PLAZA ARAGON,19.53163,-99.02514,CIUDAD AZTECA,55280,Ecatepec de Morelos (MEX),L,H,no,México,89499516a0fffff,962,9.9,16.4,18.9,19.3,15.5,20,3.26,no aplica · AltScore solo en la ZM Mérida,no aplica · AltScore solo en la ZM Mérida,3.26,2.86,solo INEGI; H si ≥ media INEGI de nuestros PDV Tradicional (06),H,no,H,no
WALMART SC - PLAZA DEL VALLE,18.86283,-97.09481,EL ESPINAL,94330,Orizaba (VER),L,H,no,Veracruz de Ignacio de la Llave,89499697133ffff,380,13.2,18.2,16.3,15.9,13.1,23.3,3.33,no aplica · AltScore solo en la ZM Mérida,no aplica · AltScore solo en la ZM Mérida,3.33,2.86,solo INEGI; H si ≥ media INEGI de nuestros PDV Tradicional (06),H,no,H,no
WALMART SC - PLAZA EL PASEO,18.46887,-97.41726,SAN LORENZO TEOTIPILCO,75701,Tehuacán (PUE),L,H,no,Puebla,894994d916bffff,64,14.4,18.2,17,14.8,11.6,24,3.37,no aplica · AltScore solo en la ZM Mérida,no aplica · AltScore solo en la ZM Mérida,3.37,2.86,solo INEGI; H si ≥ media INEGI de nuestros PDV Tradicional (06),H,no,H,no
WALMART SC - POZA RICA,20.56921,-97.43715,LA RUEDA,93306,Poza Rica de Hidalgo (VER),L,H,no,Veracruz de Ignacio de la Llave,8949906f147ffff,1,12,17.5,15.6,14.5,14.5,25.9,3.2,no aplica · AltScore solo en la ZM Mérida,no aplica · AltScore solo en la ZM Mérida,3.2,2.86,solo INEGI; H si ≥ media INEGI de nuestros PDV Tradicional (06),H,no,H,no
WALMART SC - PUERTA TEXCOCO,19.42957,-98.91025,SANTIAGO CUAUTLALPAN,56259,Texcoco (MEX),L,L,sí,México,8949951282bffff,48,2.1,4.6,7.6,11.3,15.6,58.8,1.9,no aplica · AltScore solo en la ZM Mérida,no aplica · AltScore solo en la ZM Mérida,1.9,2.86,solo INEGI; H si ≥ media INEGI de nuestros PDV Tradicional (06),L,sí,L,sí
WALMART SC - RIO DE LOS REMEDIOS,19.5191,-99.11696,INDUSTRIAL LA PRESA,54180,Tlalnepantla de Baz (MEX),L,L,sí,México,894995b983bffff,572,4.1,7.6,10.5,13.9,16.4,47.5,2.26,no aplica · AltScore solo en la ZM Mérida,no aplica · AltScore solo en la ZM Mérida,2.26,2.86,solo INEGI; H si ≥ media INEGI de nuestros PDV Tradicional (06),L,sí,L,sí
WALMART SC - SALINA CRUZ II,16.23162,-95.20858,GRANADILLO,70613,Salina Cruz (OAX),L,sin estimar · falta procesar los insumos INEGI del estado,sin estimar · falta procesar los insumos INEGI del estado,Oaxaca,896d069b223ffff,sin estimar · falta procesar los insumos INEGI del estado,sin estimar · falta procesar los insumos INEGI del estado,sin estimar · falta procesar los insumos INEGI del estado,sin estimar · falta procesar los insumos INEGI del estado,sin estimar · falta procesar los insumos INEGI del estado,sin estimar · falta procesar los insumos INEGI del estado,sin estimar · falta procesar los insumos INEGI del estado,sin estimar · falta procesar los insumos INEGI del estado,no aplica · AltScore solo en la ZM Mérida,no aplica · AltScore solo en la ZM Mérida,sin estimar · falta procesar los insumos INEGI del estado,sin estimar · falta procesar los insumos INEGI del estado,sin estimar · falta procesar los insumos INEGI del estado,sin estimar · falta procesar los insumos INEGI del estado,sin estimar · falta procesar los insumos INEGI del estado,sin estimar · falta procesar los insumos INEGI del estado,sin estimar · falta procesar los insumos INEGI del estado
WALMART SC - SAN JOSE TECAMAC,19.69906,-98.97973,HUEYOTENCO,55741,Tecámac (MEX),L,L,sí,México,89499504113ffff,126,5,9.3,13.1,16.1,17.2,39.3,2.51,no aplica · AltScore solo en la ZM Mérida,no aplica · AltScore solo en la ZM Mérida,2.51,2.86,solo INEGI; H si ≥ media INEGI de nuestros PDV Tradicional (06),L,sí,L,sí
WALMART SC - SANTA ELENA,19.67764,-99.14835,TERREMOTO,54850,Cuautitlán (MEX),L,H,no,México,894995a884fffff,396,8.8,14.6,18.1,19.7,17.4,21.5,3.13,no aplica · AltScore solo en la ZM Mérida,no aplica · AltScore solo en la ZM Mérida,3.13,2.86,solo INEGI; H si ≥ media INEGI de nuestros PDV Tradicional (06),L,sí,H,no
WALMART SC - SIMBOLOS PATRIOS,17.03165,-96.71443,AGENCIA MUNICIPAL CANDIANI,68130,Oaxaca de Juárez (OAX),L,sin estimar · falta procesar los insumos INEGI del estado,sin estimar · falta procesar los insumos INEGI del estado,Oaxaca,896d32aab97ffff,sin estimar · falta procesar los insumos INEGI del estado,sin estimar · falta procesar los insumos INEGI del estado,sin estimar · falta procesar los insumos INEGI del estado,sin estimar · falta procesar los insumos INEGI del estado,sin estimar · falta procesar los insumos INEGI del estado,sin estimar · falta procesar los insumos INEGI del estado,sin estimar · falta procesar los insumos INEGI del estado,sin estimar · falta procesar los insumos INEGI del estado,no aplica · AltScore solo en la ZM Mérida,no aplica · AltScore solo en la ZM Mérida,sin estimar · falta procesar los insumos INEGI del estado,sin estimar · falta procesar los insumos INEGI del estado,sin estimar · falta procesar los insumos INEGI del estado,sin estimar · falta procesar los insumos INEGI del estado,sin estimar · falta procesar los insumos INEGI del estado,sin estimar · falta procesar los insumos INEGI del estado,sin estimar · falta procesar los insumos INEGI del estado
WALMART SC - SUPER PLAZA ECATEPEC,19.55818,-99.01903,sin colonia en Nielsen,55000,Ecatepec de Morelos (MEX),L,H,no,México,89499514c77ffff,814,7.4,12.8,15.8,17.2,16.2,30.5,2.86,no aplica · AltScore solo en la ZM Mérida,no aplica · AltScore solo en la ZM Mérida,2.86,2.86,solo INEGI; H si ≥ media INEGI de nuestros PDV Tradicional (06),L,sí,L,sí
WALMART SC - TABASCO 2000,17.98933,-92.96879,CARRIZAL,86038,Centro (TAB),L,L,sí,Tabasco,896d20c448bffff,156,10.1,13.8,12.3,12,11.6,40.2,2.78,no aplica · AltScore solo en la ZM Mérida,no aplica · AltScore solo en la ZM Mérida,2.78,2.86,solo INEGI; H si ≥ media INEGI de nuestros PDV Tradicional (06),L,sí,L,sí
WALMART SC - TAPACHULA,14.87474,-92.28324,LAS HORTENCIAS,30797,Tapachula (CHIS),L,L,sí,Chiapas,896d2a155c7ffff,54,4.6,6.4,6.1,7.2,9.1,66.6,1.9,no aplica · AltScore solo en la ZM Mérida,no aplica · AltScore solo en la ZM Mérida,1.9,2.86,solo INEGI; H si ≥ media INEGI de nuestros PDV Tradicional (06),L,sí,L,sí
WALMART SC - TLAHUAC,19.30807,-99.05971,SAN LORENZO TEZONCO,13266,Iztapalapa (DF),L,H,no,Ciudad de México,8949958e197ffff,286,10.6,15.3,16.4,18.7,15.4,23.6,3.16,no aplica · AltScore solo en la ZM Mérida,no aplica · AltScore solo en la ZM Mérida,3.16,2.86,solo INEGI; H si ≥ media INEGI de nuestros PDV Tradicional (06),L,sí,H,no
WALMART SC - TUXPAN,20.94811,-97.43351,LAS GRANJAS,92894,Tuxpan (VER),L,H,no,Veracruz de Ignacio de la Llave,894993c4103ffff,178,10.3,15.9,15.8,16.5,14.7,26.7,3.1,no aplica · AltScore solo en la ZM Mérida,no aplica · AltScore solo en la ZM Mérida,3.1,2.86,solo INEGI; H si ≥ media INEGI de nuestros PDV Tradicional (06),L,sí,H,no
WALMART SC - VICENTE GUERRERO,19.26179,-98.87829,SAN GREGORIO CUAUTZINGO,56600,Chalco (MEX),L,L,sí,México,894995880a7ffff,6,0.2,1.2,3.8,7,17.3,70.6,1.48,no aplica · AltScore solo en la ZM Mérida,no aplica · AltScore solo en la ZM Mérida,1.48,2.86,solo INEGI; H si ≥ media INEGI de nuestros PDV Tradicional (06),L,sí,L,sí
ARTELI TUXPAN,20.950718,-97.401901,CENTRO,20000,Tuxpan (VER),L,L,sí,Veracruz de Ignacio de la Llave,894993c43cbffff,145,6.5,11,12.7,16.8,17.1,36,2.65,no aplica · AltScore solo en la ZM Mérida,no aplica · AltScore solo en la ZM Mérida,2.65,2.86,solo INEGI; H si ≥ media INEGI de nuestros PDV Tradicional (06),L,sí,L,sí
BODEGA AURRERA -  CD. HIDALGO SUR,14.67248,-92.15508,LA MORITA,61166,Suchiate (CHIS),L,L,sí,Chiapas,896d2a33513ffff,166,2.2,4,5.3,7.6,10.5,70.4,1.69,no aplica · AltScore solo en la ZM Mérida,no aplica · AltScore solo en la ZM Mérida,1.69,2.86,solo INEGI; H si ≥ media INEGI de nuestros PDV Tradicional (06),L,sí,L,sí
BODEGA AURRERA - 5TA PONIENTE,16.7752,-93.11892,CALERAS MACIEL,29016,Tuxtla Gutiérrez (CHIS),L,H,no,Chiapas,896d23c493bffff,519,13.3,16.2,12.2,11.9,10.2,36.1,3.02,no aplica · AltScore solo en la ZM Mérida,no aplica · AltScore solo en la ZM Mérida,3.02,2.86,solo INEGI; H si ≥ media INEGI de nuestros PDV Tradicional (06),L,sí,H,no
BODEGA AURRERA - AUR OAXACA AEROPUERTO,17.0069,-96.71225,SAN AGUSTIN DE LAS JUNTAS,71238,San Agustín de las Juntas (OAX),L,sin estimar · falta procesar los insumos INEGI del estado,sin estimar · falta procesar los insumos INEGI del estado,Oaxaca,896d32af64fffff,sin estimar · falta procesar los insumos INEGI del estado,sin estimar · falta procesar los insumos INEGI del estado,sin estimar · falta procesar los insumos INEGI del estado,sin estimar · falta procesar los insumos INEGI del estado,sin estimar · falta procesar los insumos INEGI del estado,sin estimar · falta procesar los insumos INEGI del estado,sin estimar · falta procesar los insumos INEGI del estado,sin estimar · falta procesar los insumos INEGI del estado,no aplica · AltScore solo en la ZM Mérida,no aplica · AltScore solo en la ZM Mérida,sin estimar · falta procesar los insumos INEGI del estado,sin estimar · falta procesar los insumos INEGI del estado,sin estimar · falta procesar los insumos INEGI del estado,sin estimar · falta procesar los insumos INEGI del estado,sin estimar · falta procesar los insumos INEGI del estado,sin estimar · falta procesar los insumos INEGI del estado,sin estimar · falta procesar los insumos INEGI del estado
BODEGA AURRERA - AUR PERIFERICO NORTE IGUAL,18.35432,-99.52824,BENITO JUAREZ,40015,Iguala de la Independencia (GRO),L,H,no,Guerrero,8949b3b5397ffff,150,11.4,16,15.6,14.7,12.9,29.4,3.1,no aplica · AltScore solo en la ZM Mérida,no aplica · AltScore solo en la ZM Mérida,3.1,2.86,solo INEGI; H si ≥ media INEGI de nuestros PDV Tradicional (06),L,sí,H,no
BODEGA AURRERA - AUR PIE DE LA CUESTA,16.90654,-99.96166,HOGAR MODERNO,39580,Acapulco de Juárez (GRO),L,L,sí,Guerrero,8949b54619bffff,62,4.1,7,8.8,11,13.1,56.1,2.1,no aplica · AltScore solo en la ZM Mérida,no aplica · AltScore solo en la ZM Mérida,2.1,2.86,solo INEGI; H si ≥ media INEGI de nuestros PDV Tradicional (06),L,sí,L,sí
BODEGA AURRERA - ESTACION NUEVA,17.460336,-91.433201,ESTACIÓN NUEVA,86901,Tenosique (TAB),L,L,sí,Tabasco,89452da72b7ffff,223,2.8,4.8,6.2,8.8,12,65.4,1.82,no aplica · AltScore solo en la ZM Mérida,no aplica · AltScore solo en la ZM Mérida,1.82,2.86,solo INEGI; H si ≥ media INEGI de nuestros PDV Tradicional (06),L,sí,L,sí
BODEGA AURRERA - INTERNACIONAL CHIAPA D,16.7322,-93.03796,JARDINES DE GRIJALVA,29160,Chiapa de Corzo (CHIS),L,H,no,Chiapas,896d231014bffff,1079,14.2,20.2,15.8,14.1,11.8,24.1,3.39,no aplica · AltScore solo en la ZM Mérida,no aplica · AltScore solo en la ZM Mérida,3.39,2.86,solo INEGI; H si ≥ media INEGI de nuestros PDV Tradicional (06),H,no,H,no
BODEGA AURRERA - LA CANADA,16.87574,-99.88007,sin colonia en Nielsen,39300,Acapulco de Juárez (GRO),L,L,sí,Guerrero,8949b54748bffff,826,6.8,10.8,12.6,14.4,15.6,39.9,2.59,no aplica · AltScore solo en la ZM Mérida,no aplica · AltScore solo en la ZM Mérida,2.59,2.86,solo INEGI; H si ≥ media INEGI de nuestros PDV Tradicional (06),L,sí,L,sí
BODEGA AURRERA - LA POLAR,16.85754,-99.91473,HOGAR MODERNO,39580,Acapulco de Juárez (GRO),L,L,sí,Guerrero,8949b555837ffff,1140,8.2,12.7,14.6,15.9,16,32.6,2.83,no aplica · AltScore solo en la ZM Mérida,no aplica · AltScore solo en la ZM Mérida,2.83,2.86,solo INEGI; H si ≥ media INEGI de nuestros PDV Tradicional (06),L,sí,L,sí
BODEGA AURRERA - PARAISO,18.3898,-93.21929,QUINTIN ARAUZ,86605,Paraíso (TAB),L,L,sí,Tabasco,896d26a75dbffff,275,8.4,12.5,12.4,13.1,13.6,40.2,2.68,no aplica · AltScore solo en la ZM Mérida,no aplica · AltScore solo en la ZM Mérida,2.68,2.86,solo INEGI; H si ≥ media INEGI de nuestros PDV Tradicional (06),L,sí,L,sí
BODEGA AURRERA - PASO LIMON,16.76393,-93.08137,PASO LIMON,29049,Tuxtla Gutiérrez (CHIS),L,H,no,Chiapas,896d2313367ffff,756,13.5,18.1,14.1,12.8,11.5,30,3.19,no aplica · AltScore solo en la ZM Mérida,no aplica · AltScore solo en la ZM Mérida,3.19,2.86,solo INEGI; H si ≥ media INEGI de nuestros PDV Tradicional (06),H,no,H,no
BODEGA AURRERA - SAN FCO TOTIMEHUACAN,18.96643,-98.18014,sin colonia en Nielsen,72000,Puebla (PUE),L,L,sí,Puebla,894994a8eb3ffff,205,5.8,8.5,10.1,12.1,14.5,49,2.32,no aplica · AltScore solo en la ZM Mérida,no aplica · AltScore solo en la ZM Mérida,2.32,2.86,solo INEGI; H si ≥ media INEGI de nuestros PDV Tradicional (06),L,sí,L,sí
BODEGA AURRERA - TULTITLAN EL ORO,19.59205,-99.17852,sin colonia en Nielsen,54954,Tultitlán (MEX),L,L,sí,México,894995aac5bffff,843,6.1,10.8,14.1,16.7,17,35.2,2.67,no aplica · AltScore solo en la ZM Mérida,no aplica · AltScore solo en la ZM Mérida,2.67,2.86,solo INEGI; H si ≥ media INEGI de nuestros PDV Tradicional (06),L,sí,L,sí
CHEDRAUI PUEBLA CENTRO SUR,18.98838,-98.24712,AGUA SANTA,72490,Puebla (PUE),L,H,no,Puebla,894994af06bffff,1812,8.5,13,15.8,17.1,16.2,29.3,2.93,no aplica · AltScore solo en la ZM Mérida,no aplica · AltScore solo en la ZM Mérida,2.93,2.86,solo INEGI; H si ≥ media INEGI de nuestros PDV Tradicional (06),L,sí,L,sí
FENIX CD. MENDOZA,18.804514,-97.180333,CENTRO,94740,Camerino Z. Mendoza (VER),L,L,sí,Veracruz de Ignacio de la Llave,896d36d368fffff,439,5.6,10.5,12.8,17.4,18,35.7,2.61,no aplica · AltScore solo en la ZM Mérida,no aplica · AltScore solo en la ZM Mérida,2.61,2.86,solo INEGI; H si ≥ media INEGI de nuestros PDV Tradicional (06),L,sí,L,sí
FENIX CORDOBA,18.894615,-96.930408,CENTRO,94500,Córdoba (VER),L,L,sí,Veracruz de Ignacio de la Llave,894996835c7ffff,1097,3.7,6.7,8.6,12,14.8,54.2,2.1,no aplica · AltScore solo en la ZM Mérida,no aplica · AltScore solo en la ZM Mérida,2.1,2.86,solo INEGI; H si ≥ media INEGI de nuestros PDV Tradicional (06),L,sí,L,sí
FENIX MERCADO,18.851432,-97.105209,CENTRO,94300,Orizaba (VER),L,L,sí,Veracruz de Ignacio de la Llave,89499696257ffff,642,7.3,12.4,14.2,18.7,18.8,28.6,2.85,no aplica · AltScore solo en la ZM Mérida,no aplica · AltScore solo en la ZM Mérida,2.85,2.86,solo INEGI; H si ≥ media INEGI de nuestros PDV Tradicional (06),L,sí,L,sí
FRESCURA ATLIXCO,18.891453,-98.426665,EL BARREAL,74240,Atlixco (PUE),L,H,no,Puebla,894994a74a3ffff,59,24.9,26.4,19.2,12.9,7.3,9.4,4.21,no aplica · AltScore solo en la ZM Mérida,no aplica · AltScore solo en la ZM Mérida,4.21,2.86,solo INEGI; H si ≥ media INEGI de nuestros PDV Tradicional (06),H,no,H,no
MI BODEGA - ACAJETE CENTRO,19.104372,-97.957076,TERCERA,75520,Acajete (PUE),L,L,sí,Puebla,8949943b50fffff,242,5.3,8.6,10.6,12.8,14.5,48.2,2.33,no aplica · AltScore solo en la ZM Mérida,no aplica · AltScore solo en la ZM Mérida,2.33,2.86,solo INEGI; H si ≥ media INEGI de nuestros PDV Tradicional (06),L,sí,L,sí
MI BODEGA - CARDEL,19.371824,-96.380058,CENTRO,91680,La Antigua (VER),L,L,sí,Veracruz de Ignacio de la Llave,89499642dafffff,392,6.9,11.1,12,14.2,14.8,41,2.58,no aplica · AltScore solo en la ZM Mérida,no aplica · AltScore solo en la ZM Mérida,2.58,2.86,solo INEGI; H si ≥ media INEGI de nuestros PDV Tradicional (06),L,sí,L,sí
MI BODEGA - CARLOS A. CARRILLO,18.37129,-95.758418,JUAN DIAZ MONTALVO,95347,Carlos A. Carrillo (VER),L,L,sí,Veracruz de Ignacio de la Llave,896d343931bffff,497,4.5,8.7,11.3,15.7,17.8,42,2.4,no aplica · AltScore solo en la ZM Mérida,no aplica · AltScore solo en la ZM Mérida,2.4,2.86,solo INEGI; H si ≥ media INEGI de nuestros PDV Tradicional (06),L,sí,L,sí
MI BODEGA - COATZINTLA,20.481185,-97.453518,TORRES,93160,Coatzintla (VER),L,L,sí,Veracruz de Ignacio de la Llave,89499061c63ffff,275,6.4,11,12.6,15.3,15.9,38.8,2.6,no aplica · AltScore solo en la ZM Mérida,no aplica · AltScore solo en la ZM Mérida,2.6,2.86,solo INEGI; H si ≥ media INEGI de nuestros PDV Tradicional (06),L,sí,L,sí
MI BODEGA - COYUCA,17.005425,-100.081885,sin colonia en Nielsen,40976,Coyuca de Benítez (GRO),L,L,sí,Guerrero,8949b57202bffff,294,3.2,5.8,7.7,10.1,12.8,60.6,1.95,no aplica · AltScore solo en la ZM Mérida,no aplica · AltScore solo en la ZM Mérida,1.95,2.86,solo INEGI; H si ≥ media INEGI de nuestros PDV Tradicional (06),L,sí,L,sí
MI BODEGA - EL PARRAL,16.365548,-93.003665,EL PARRAL,30530,El Parral (CHIS),L,L,sí,Chiapas,896d233b387ffff,336,1.1,2.4,3.7,5.8,9,77.9,1.47,no aplica · AltScore solo en la ZM Mérida,no aplica · AltScore solo en la ZM Mérida,1.47,2.86,solo INEGI; H si ≥ media INEGI de nuestros PDV Tradicional (06),L,sí,L,sí
MI BODEGA - ESTACION,15.010242,-92.402376,sin colonia en Nielsen,30670,Huehuetán (CHIS),L,L,sí,Chiapas,896d2a13057ffff,160,2.5,4.7,5.8,7.6,10.9,68.5,1.75,no aplica · AltScore solo en la ZM Mérida,no aplica · AltScore solo en la ZM Mérida,1.75,2.86,solo INEGI; H si ≥ media INEGI de nuestros PDV Tradicional (06),L,sí,L,sí
MI BODEGA - FLAMINGOS,17.668982,-101.584868,LAS BRISAS,40880,Zihuatanejo de Azueta (GRO),L,H,no,Guerrero,8949a2ade6bffff,848,11.1,16.7,17.1,15.7,13.4,26,3.18,no aplica · AltScore solo en la ZM Mérida,no aplica · AltScore solo en la ZM Mérida,3.18,2.86,solo INEGI; H si ≥ media INEGI de nuestros PDV Tradicional (06),H,no,H,no
MI BODEGA - FORTIN DE LAS FLORES,18.900197,-96.991353,CENTRO,94470,Fortín (VER),L,H,no,Veracruz de Ignacio de la Llave,89499682547ffff,190,10.8,16.1,15.5,16.1,13.8,27.7,3.11,no aplica · AltScore solo en la ZM Mérida,no aplica · AltScore solo en la ZM Mérida,3.11,2.86,solo INEGI; H si ≥ media INEGI de nuestros PDV Tradicional (06),L,sí,H,no
MI BODEGA - GUTIERREZ ZAMORA CENTR,20.451936,-97.087616,sin colonia en Nielsen,93550,Gutiérrez Zamora (VER),L,L,sí,Veracruz de Ignacio de la Llave,894992a2c6bffff,579,4.1,8.4,11.4,16.7,18.6,40.8,2.4,no aplica · AltScore solo en la ZM Mérida,no aplica · AltScore solo en la ZM Mérida,2.4,2.86,solo INEGI; H si ≥ media INEGI de nuestros PDV Tradicional (06),L,sí,L,sí
MI BODEGA - HUIXTLA,15.14259,-92.461923,CENTRO,30640,Huixtla (CHIS),L,L,sí,Chiapas,896d2ac64dbffff,416,5.2,8.7,9.2,11.1,12.8,53,2.23,no aplica · AltScore solo en la ZM Mérida,no aplica · AltScore solo en la ZM Mérida,2.23,2.86,solo INEGI; H si ≥ media INEGI de nuestros PDV Tradicional (06),L,sí,L,sí
MI BODEGA - LA ISLA,18.036774,-95.528966,CENTRO,95641,Isla (VER),L,L,sí,Veracruz de Ignacio de la Llave,896d355962fffff,141,4.2,7.2,8.6,11,12.6,56.4,2.1,no aplica · AltScore solo en la ZM Mérida,no aplica · AltScore solo en la ZM Mérida,2.1,2.86,solo INEGI; H si ≥ media INEGI de nuestros PDV Tradicional (06),L,sí,L,sí
MI BODEGA - LIBRAMIENTO XOXOCOTLA,18.687945,-99.250698,sin colonia en Nielsen,62670,Xoxocotla (MOR),L,L,sí,Morelos,8949b331d37ffff,142,1.6,3.3,5.8,9.8,14.8,64.8,1.73,no aplica · AltScore solo en la ZM Mérida,no aplica · AltScore solo en la ZM Mérida,1.73,2.86,solo INEGI; H si ≥ media INEGI de nuestros PDV Tradicional (06),L,sí,L,sí
MI BODEGA - LOMA BONITA,18.110024,-95.877587,CENTRO,68400,Loma Bonita (OAX),L,sin estimar · falta procesar los insumos INEGI del estado,sin estimar · falta procesar los insumos INEGI del estado,Oaxaca,896d3465983ffff,sin estimar · falta procesar los insumos INEGI del estado,sin estimar · falta procesar los insumos INEGI del estado,sin estimar · falta procesar los insumos INEGI del estado,sin estimar · falta procesar los insumos INEGI del estado,sin estimar · falta procesar los insumos INEGI del estado,sin estimar · falta procesar los insumos INEGI del estado,sin estimar · falta procesar los insumos INEGI del estado,sin estimar · falta procesar los insumos INEGI del estado,no aplica · AltScore solo en la ZM Mérida,no aplica · AltScore solo en la ZM Mérida,sin estimar · falta procesar los insumos INEGI del estado,sin estimar · falta procesar los insumos INEGI del estado,sin estimar · falta procesar los insumos INEGI del estado,sin estimar · falta procesar los insumos INEGI del estado,sin estimar · falta procesar los insumos INEGI del estado,sin estimar · falta procesar los insumos INEGI del estado,sin estimar · falta procesar los insumos INEGI del estado
MI BODEGA - OAXTEPEC,18.908292,-98.966862,sin colonia en Nielsen,62738,Yautepec (MOR),L,L,sí,Morelos,8949b366c4fffff,147,9.3,13.1,14.1,15.2,14.1,34.2,2.85,no aplica · AltScore solo en la ZM Mérida,no aplica · AltScore solo en la ZM Mérida,2.85,2.86,solo INEGI; H si ≥ media INEGI de nuestros PDV Tradicional (06),L,sí,L,sí
MI BODEGA - PINOTEPA NACIONAL,16.338821,-98.048652,PINOTEPA NACIONAL,71600,Santiago Pinotepa Nacional (OAX),L,sin estimar · falta procesar los insumos INEGI del estado,sin estimar · falta procesar los insumos INEGI del estado,Oaxaca,8949b6c4687ffff,sin estimar · falta procesar los insumos INEGI del estado,sin estimar · falta procesar los insumos INEGI del estado,sin estimar · falta procesar los insumos INEGI del estado,sin estimar · falta procesar los insumos INEGI del estado,sin estimar · falta procesar los insumos INEGI del estado,sin estimar · falta procesar los insumos INEGI del estado,sin estimar · falta procesar los insumos INEGI del estado,sin estimar · falta procesar los insumos INEGI del estado,no aplica · AltScore solo en la ZM Mérida,no aplica · AltScore solo en la ZM Mérida,sin estimar · falta procesar los insumos INEGI del estado,sin estimar · falta procesar los insumos INEGI del estado,sin estimar · falta procesar los insumos INEGI del estado,sin estimar · falta procesar los insumos INEGI del estado,sin estimar · falta procesar los insumos INEGI del estado,sin estimar · falta procesar los insumos INEGI del estado,sin estimar · falta procesar los insumos INEGI del estado
MI BODEGA - PINOTEPA PLAZA,16.351159,-98.067054,AVIACION,71605,Santiago Pinotepa Nacional (OAX),L,sin estimar · falta procesar los insumos INEGI del estado,sin estimar · falta procesar los insumos INEGI del estado,Oaxaca,8949b6c4097ffff,sin estimar · falta procesar los insumos INEGI del estado,sin estimar · falta procesar los insumos INEGI del estado,sin estimar · falta procesar los insumos INEGI del estado,sin estimar · falta procesar los insumos INEGI del estado,sin estimar · falta procesar los insumos INEGI del estado,sin estimar · falta procesar los insumos INEGI del estado,sin estimar · falta procesar los insumos INEGI del estado,sin estimar · falta procesar los insumos INEGI del estado,no aplica · AltScore solo en la ZM Mérida,no aplica · AltScore solo en la ZM Mérida,sin estimar · falta procesar los insumos INEGI del estado,sin estimar · falta procesar los insumos INEGI del estado,sin estimar · falta procesar los insumos INEGI del estado,sin estimar · falta procesar los insumos INEGI del estado,sin estimar · falta procesar los insumos INEGI del estado,sin estimar · falta procesar los insumos INEGI del estado,sin estimar · falta procesar los insumos INEGI del estado
MI BODEGA - PLATON SANCHEZ,21.274222,-98.372223,BENITO JUAREZ,92146,Platón Sánchez (VER),L,L,sí,Veracruz de Ignacio de la Llave,8949916d49bffff,261,4.9,8.4,10.2,12.9,14.6,49,2.29,no aplica · AltScore solo en la ZM Mérida,no aplica · AltScore solo en la ZM Mérida,2.29,2.86,solo INEGI; H si ≥ media INEGI de nuestros PDV Tradicional (06),L,sí,L,sí
MI BODEGA - PLAYA VICENTE,17.825475,-95.817892,sin colonia en Nielsen,95600,Playa Vicente (VER),L,L,sí,Veracruz de Ignacio de la Llave,896d308f417ffff,235,2.7,6,9.6,14.9,18.7,48.2,2.15,no aplica · AltScore solo en la ZM Mérida,no aplica · AltScore solo en la ZM Mérida,2.15,2.86,solo INEGI; H si ≥ media INEGI de nuestros PDV Tradicional (06),L,sí,L,sí
MI BODEGA - POCHUTLA CENTRO,15.740247,-96.469101,CENTRO,70900,San Pedro Pochutla (OAX),L,sin estimar · falta procesar los insumos INEGI del estado,sin estimar · falta procesar los insumos INEGI del estado,Oaxaca,896d15d0d07ffff,sin estimar · falta procesar los insumos INEGI del estado,sin estimar · falta procesar los insumos INEGI del estado,sin estimar · falta procesar los insumos INEGI del estado,sin estimar · falta procesar los insumos INEGI del estado,sin estimar · falta procesar los insumos INEGI del estado,sin estimar · falta procesar los insumos INEGI del estado,sin estimar · falta procesar los insumos INEGI del estado,sin estimar · falta procesar los insumos INEGI del estado,no aplica · AltScore solo en la ZM Mérida,no aplica · AltScore solo en la ZM Mérida,sin estimar · falta procesar los insumos INEGI del estado,sin estimar · falta procesar los insumos INEGI del estado,sin estimar · falta procesar los insumos INEGI del estado,sin estimar · falta procesar los insumos INEGI del estado,sin estimar · falta procesar los insumos INEGI del estado,sin estimar · falta procesar los insumos INEGI del estado,sin estimar · falta procesar los insumos INEGI del estado
MI BODEGA - SIMOJOVEL,17.136656,-92.704804,SANTA CECILIA,29820,Simojovel (CHIS),L,L,sí,Chiapas,896d202d88fffff,297,1.4,2.4,2.9,4,6.2,83.1,1.39,no aplica · AltScore solo en la ZM Mérida,no aplica · AltScore solo en la ZM Mérida,1.39,2.86,solo INEGI; H si ≥ media INEGI de nuestros PDV Tradicional (06),L,sí,L,sí
MI BODEGA - TAPANATEPEC,16.370468,-94.187256,SAN PEDRO,70160,San Pedro Tapanatepec (OAX),L,sin estimar · falta procesar los insumos INEGI del estado,sin estimar · falta procesar los insumos INEGI del estado,Oaxaca,896d04c4da7ffff,sin estimar · falta procesar los insumos INEGI del estado,sin estimar · falta procesar los insumos INEGI del estado,sin estimar · falta procesar los insumos INEGI del estado,sin estimar · falta procesar los insumos INEGI del estado,sin estimar · falta procesar los insumos INEGI del estado,sin estimar · falta procesar los insumos INEGI del estado,sin estimar · falta procesar los insumos INEGI del estado,sin estimar · falta procesar los insumos INEGI del estado,no aplica · AltScore solo en la ZM Mérida,no aplica · AltScore solo en la ZM Mérida,sin estimar · falta procesar los insumos INEGI del estado,sin estimar · falta procesar los insumos INEGI del estado,sin estimar · falta procesar los insumos INEGI del estado,sin estimar · falta procesar los insumos INEGI del estado,sin estimar · falta procesar los insumos INEGI del estado,sin estimar · falta procesar los insumos INEGI del estado,sin estimar · falta procesar los insumos INEGI del estado
MI BODEGA - TELOLOAPAN,18.363765,-99.867715,CENTRO,40400,Teloloapan (GRO),L,L,sí,Guerrero,8949b160667ffff,223,8.1,11.3,11.8,12.1,12.4,44.3,2.58,no aplica · AltScore solo en la ZM Mérida,no aplica · AltScore solo en la ZM Mérida,2.58,2.86,solo INEGI; H si ≥ media INEGI de nuestros PDV Tradicional (06),L,sí,L,sí
MI BODEGA - TEMPOAL DE SANCHEZ,21.52125,-98.381614,TEMPOAL,92062,Tempoal (VER),L,L,sí,Veracruz de Ignacio de la Llave,89499ed5813ffff,306,3.3,5.8,7.2,10,13,60.6,1.94,no aplica · AltScore solo en la ZM Mérida,no aplica · AltScore solo en la ZM Mérida,1.94,2.86,solo INEGI; H si ≥ media INEGI de nuestros PDV Tradicional (06),L,sí,L,sí
MI BODEGA - TONALA PLAZA,16.09926,-93.769943,TONALA,30500,Tonalá (CHIS),L,L,sí,Chiapas,896d04af413ffff,139,8.5,12.6,12.2,12.8,12.6,41.3,2.68,no aplica · AltScore solo en la ZM Mérida,no aplica · AltScore solo en la ZM Mérida,2.68,2.86,solo INEGI; H si ≥ media INEGI de nuestros PDV Tradicional (06),L,sí,L,sí
MI BODEGA - TRES VALLES,18.236088,-96.143511,FRACCIONAMIENTO DEL PREDIO EL ZAPOTAL,95300,Tres Valles (VER),L,L,sí,Veracruz de Ignacio de la Llave,896d346a347ffff,301,2.4,4.6,6.4,9.8,13.6,63.3,1.83,no aplica · AltScore solo en la ZM Mérida,no aplica · AltScore solo en la ZM Mérida,1.83,2.86,solo INEGI; H si ≥ media INEGI de nuestros PDV Tradicional (06),L,sí,L,sí
MI BODEGA - VILLA AVILA CAMACHO,20.388697,-97.879316,VILLA AVILA CAMACHO,73090,Xicotepec (PUE),L,L,sí,Puebla,8949902141bffff,492,1.7,3.1,4.9,7.8,12.1,70.3,1.64,no aplica · AltScore solo en la ZM Mérida,no aplica · AltScore solo en la ZM Mérida,1.64,2.86,solo INEGI; H si ≥ media INEGI de nuestros PDV Tradicional (06),L,sí,L,sí
MI BODEGA - VILLA DE ETLA,17.205834,-96.804218,CENTRO,68200,Villa de Etla (OAX),L,sin estimar · falta procesar los insumos INEGI del estado,sin estimar · falta procesar los insumos INEGI del estado,Oaxaca,896d32b9573ffff,sin estimar · falta procesar los insumos INEGI del estado,sin estimar · falta procesar los insumos INEGI del estado,sin estimar · falta procesar los insumos INEGI del estado,sin estimar · falta procesar los insumos INEGI del estado,sin estimar · falta procesar los insumos INEGI del estado,sin estimar · falta procesar los insumos INEGI del estado,sin estimar · falta procesar los insumos INEGI del estado,sin estimar · falta procesar los insumos INEGI del estado,no aplica · AltScore solo en la ZM Mérida,no aplica · AltScore solo en la ZM Mérida,sin estimar · falta procesar los insumos INEGI del estado,sin estimar · falta procesar los insumos INEGI del estado,sin estimar · falta procesar los insumos INEGI del estado,sin estimar · falta procesar los insumos INEGI del estado,sin estimar · falta procesar los insumos INEGI del estado,sin estimar · falta procesar los insumos INEGI del estado,sin estimar · falta procesar los insumos INEGI del estado
MI BODEGA - VILLA PARRILLA,17.919368,-92.911955,CENTRO,86280,Centro (TAB),L,H,no,Tabasco,896d20c4da3ffff,293,12.5,17,14.6,13.4,11.6,30.8,3.13,no aplica · AltScore solo en la ZM Mérida,no aplica · AltScore solo en la ZM Mérida,3.13,2.86,solo INEGI; H si ≥ media INEGI de nuestros PDV Tradicional (06),L,sí,H,no
MI BODEGA - XOCHITEPEC CENTRO,18.792098,-99.233481,MORELOS,62790,Xochitepec (MOR),L,H,no,Morelos,8949b320083ffff,337,8.9,13.1,15.2,17.5,16.2,29.2,2.93,no aplica · AltScore solo en la ZM Mérida,no aplica · AltScore solo en la ZM Mérida,2.93,2.86,solo INEGI; H si ≥ media INEGI de nuestros PDV Tradicional (06),L,sí,L,sí
SAN FCO. AKI TALLERES,21.14817,-86.89912,sin colonia en Nielsen,77539,Benito Juárez (QROO),L,H,no,Quintana Roo,89450a6a053ffff,1231,8.6,13,15,17.5,17.2,28.8,2.92,no aplica · AltScore solo en la ZM Mérida,no aplica · AltScore solo en la ZM Mérida,2.92,2.86,solo INEGI; H si ≥ media INEGI de nuestros PDV Tradicional (06),L,sí,L,sí
SAN FCO. EXPRESS .I.MUJERES I,21.256958,-86.746294,CENTRO,77400,Isla Mujeres (QROO),L,L,sí,Quintana Roo,894519a452fffff,234,4.2,7,9.8,17.2,21.4,40.4,2.34,no aplica · AltScore solo en la ZM Mérida,no aplica · AltScore solo en la ZM Mérida,2.34,2.86,solo INEGI; H si ≥ media INEGI de nuestros PDV Tradicional (06),L,sí,L,sí
SAN FCO. SUPER CRUCERO,21.173892,-86.827823,CENTRO,77500,Benito Juárez (QROO),L,L,sí,Quintana Roo,89450a6b34bffff,676,3.5,5.9,8.2,11.7,15.4,55.3,2.05,no aplica · AltScore solo en la ZM Mérida,no aplica · AltScore solo en la ZM Mérida,2.05,2.86,solo INEGI; H si ≥ media INEGI de nuestros PDV Tradicional (06),L,sí,L,sí
SORIANA HIPERMERCADO ACAPULCO COSTERA,16.859626,-99.893344,FRACC HORNOS,37235,Acapulco de Juárez (GRO),L,L,sí,Guerrero,8949b555aa3ffff,364,8,12.4,14.3,15.9,16.3,33.1,2.81,no aplica · AltScore solo en la ZM Mérida,no aplica · AltScore solo en la ZM Mérida,2.81,2.86,solo INEGI; H si ≥ media INEGI de nuestros PDV Tradicional (06),L,sí,L,sí
SORIANA HIPERMERCADO AVENIDA 128,20.972955,-89.664306,XOCLAN SANTOS,97246,Mérida (YUC),L,H,no,Yucatán,894509b056fffff,670,17.9,20.7,19.4,16.4,12.2,13.5,3.75,27,2.37,3.42,2.88,(1 − 0.25) · INEGI + 0.25 · AltScore; H si ≥ media de nuestros PDV Tradicional (06),H,no,H,no
SORIANA HIPERMERCADO COCOYOC,18.887109,-98.988574,LUCIO MORENO,83736,Yautepec (MOR),L,L,sí,Morelos,8949b329237ffff,93,7.2,10.2,11.8,13.6,14,43.1,2.54,no aplica · AltScore solo en la ZM Mérida,no aplica · AltScore solo en la ZM Mérida,2.54,2.86,solo INEGI; H si ≥ media INEGI de nuestros PDV Tradicional (06),L,sí,L,sí
SORIANA HIPERMERCADO PLAZA CEDROS JIUTEPEC,18.912248,-99.178775,sin colonia en Nielsen,62550,Jiutepec (MOR),L,H,no,Morelos,8949b32f0a3ffff,217,12.9,17.3,17.3,17,13.5,22,3.33,no aplica · AltScore solo en la ZM Mérida,no aplica · AltScore solo en la ZM Mérida,3.33,2.86,solo INEGI; H si ≥ media INEGI de nuestros PDV Tradicional (06),H,no,H,no
SORIANA HIPERMERCADO RON BATEY,18.883572,-96.921593,ZONA INDUSTRIAL,94690,Córdoba (VER),L,L,sí,Veracruz de Ignacio de la Llave,894996834b3ffff,572,5.3,9.1,10.5,13.6,14.9,46.7,2.36,no aplica · AltScore solo en la ZM Mérida,no aplica · AltScore solo en la ZM Mérida,2.36,2.86,solo INEGI; H si ≥ media INEGI de nuestros PDV Tradicional (06),L,sí,L,sí
SORIANA HIPERMERCADO RUIZ CORTINEZ,20.548042,-97.450382,FRACCIONAMIENTO PALMAS,23437,Poza Rica de Hidalgo (VER),L,H,no,Veracruz de Ignacio de la Llave,8949906f53bffff,433,10.2,16.4,16.5,17.5,14.9,24.5,3.16,no aplica · AltScore solo en la ZM Mérida,no aplica · AltScore solo en la ZM Mérida,3.16,2.86,solo INEGI; H si ≥ media INEGI de nuestros PDV Tradicional (06),L,sí,H,no
SORIANA HIPERMERCADO SENDERO VILLAHERMOSA,18.018937,-92.912862,JOSE MARIA PINO SUAREZ,86029,Centro (TAB),L,L,sí,Tabasco,896d20892dbffff,45,7.6,10.7,10.4,11.6,12.1,47.7,2.47,no aplica · AltScore solo en la ZM Mérida,no aplica · AltScore solo en la ZM Mérida,2.47,2.86,solo INEGI; H si ≥ media INEGI de nuestros PDV Tradicional (06),L,sí,L,sí
SORIANA MEGA MEGA ACAPULCO DIAMANTE,16.794699,-99.807895,GRANJAS DEL MARQUES,39907,Acapulco de Juárez (GRO),L,H,no,Guerrero,8949b542093ffff,7,11.7,15.7,14.8,13.3,11.3,33.2,3.04,no aplica · AltScore solo en la ZM Mérida,no aplica · AltScore solo en la ZM Mérida,3.04,2.86,solo INEGI; H si ≥ media INEGI de nuestros PDV Tradicional (06),L,sí,H,no
SORIANA MEGA MEGA ACAPULCO LA DIANA,16.862258,-99.86962,FRACC FARALLON,39930,Acapulco de Juárez (GRO),L,H,no,Guerrero,8949b555a4bffff,387,14.2,18.1,16.4,14.5,12,24.8,3.34,no aplica · AltScore solo en la ZM Mérida,no aplica · AltScore solo en la ZM Mérida,3.34,2.86,solo INEGI; H si ≥ media INEGI de nuestros PDV Tradicional (06),H,no,H,no
SORIANA MEGA MEGA ECATEPEC CENTRO,19.606105,-99.051835,FRACC. SAN CRISTOBAL,55025,Ecatepec de Morelos (MEX),L,H,no,México,894995a9447ffff,897,11.3,17.8,19.4,18.6,14.4,18.4,3.38,no aplica · AltScore solo en la ZM Mérida,no aplica · AltScore solo en la ZM Mérida,3.38,2.86,solo INEGI; H si ≥ media INEGI de nuestros PDV Tradicional (06),H,no,H,no
SORIANA MEGA MEGA LAS PALMAS VERACRUZ,19.195862,-96.153915,CRISTOBAL COLON,91755,Veracruz (VER),L,L,sí,Veracruz de Ignacio de la Llave,896d34da697ffff,468,6,10.5,12.4,16.6,17.3,37.2,2.6,no aplica · AltScore solo en la ZM Mérida,no aplica · AltScore solo en la ZM Mérida,2.6,2.86,solo INEGI; H si ≥ media INEGI de nuestros PDV Tradicional (06),L,sí,L,sí
SORIANA MEGA MEGA TEPEJI DEL RIO,19.902403,-99.336528,sin colonia en Nielsen,42850,Tepeji del Río de Ocampo (HGO),L,L,sí,Hidalgo,894982cb4cbffff,138,8.1,11.5,13.9,15.5,13.6,37.5,2.73,no aplica · AltScore solo en la ZM Mérida,no aplica · AltScore solo en la ZM Mérida,2.73,2.86,solo INEGI; H si ≥ media INEGI de nuestros PDV Tradicional (06),L,sí,L,sí
SORIANA MEGA MEGA XALAPA,19.55885,-96.929211,UNIDAD DEL BOSQUE,91130,Xalapa (VER),L,L,sí,Veracruz de Ignacio de la Llave,89499631287ffff,220,8.6,13.3,13.7,15.7,15,33.7,2.83,no aplica · AltScore solo en la ZM Mérida,no aplica · AltScore solo en la ZM Mérida,2.83,2.86,solo INEGI; H si ≥ media INEGI de nuestros PDV Tradicional (06),L,sí,L,sí
SORIANA MEGA MERCADO MERCADO VERACRUZ,19.178938,-96.143217,ORTIZ R.,91750,Veracruz (VER),L,L,sí,Veracruz de Ignacio de la Llave,896d34da08bffff,906,6,10.4,12.2,16.2,17.1,38.1,2.58,no aplica · AltScore solo en la ZM Mérida,no aplica · AltScore solo en la ZM Mérida,2.58,2.86,solo INEGI; H si ≥ media INEGI de nuestros PDV Tradicional (06),L,sí,L,sí
SORIANA MERCADO ACAPULCO CENTRO,16.859591,-99.89332,FRACCIONAMIENTO HORNOS,39300,Acapulco de Juárez (GRO),L,L,sí,Guerrero,8949b555aa3ffff,364,8,12.4,14.3,15.9,16.3,33.1,2.81,no aplica · AltScore solo en la ZM Mérida,no aplica · AltScore solo en la ZM Mérida,2.81,2.86,solo INEGI; H si ≥ media INEGI de nuestros PDV Tradicional (06),L,sí,L,sí
SORIANA MERCADO ACTOPAN,20.276212,-98.953056,CAÑADA AVIACION,42500,Actopan (HGO),L,L,sí,Hidalgo,89499195633ffff,136,7.5,12,14.8,14.7,12.5,38.4,2.72,no aplica · AltScore solo en la ZM Mérida,no aplica · AltScore solo en la ZM Mérida,2.72,2.86,solo INEGI; H si ≥ media INEGI de nuestros PDV Tradicional (06),L,sí,L,sí
SORIANA MERCADO ALAMEDAS,19.594071,-99.182821,ZONA INDUSTRIAL IZCALLI DEL VALLE,54940,Tultitlán (MEX),L,L,sí,México,894995aac47ffff,214,7.6,12,14.1,15.5,15.6,35.3,2.75,no aplica · AltScore solo en la ZM Mérida,no aplica · AltScore solo en la ZM Mérida,2.75,2.86,solo INEGI; H si ≥ media INEGI de nuestros PDV Tradicional (06),L,sí,L,sí
SORIANA MERCADO CALLE REAL,18.846212,-97.104102,CENTRO,94300,Orizaba (VER),L,H,no,Veracruz de Ignacio de la Llave,894996962cbffff,634,7.7,12.9,14.4,18.3,17.9,28.8,2.88,no aplica · AltScore solo en la ZM Mérida,no aplica · AltScore solo en la ZM Mérida,2.88,2.86,solo INEGI; H si ≥ media INEGI de nuestros PDV Tradicional (06),L,sí,L,sí
SORIANA MERCADO CD. AZTECA,19.55152,-99.018622,JOSEFA ORTIZ DE DOMINGUEZ,55100,Ecatepec de Morelos (MEX),L,H,no,México,89499514c0bffff,1646,8.7,14.7,17.7,18.7,16.3,24,3.09,no aplica · AltScore solo en la ZM Mérida,no aplica · AltScore solo en la ZM Mérida,3.09,2.86,solo INEGI; H si ≥ media INEGI de nuestros PDV Tradicional (06),L,sí,H,no
SORIANA MERCADO CENTER PLAZA ARAGON,19.515569,-99.03508,FUENTES DE ARAGON,55210,Ecatepec de Morelos (MEX),L,H,no,México,8949951685bffff,2096,9,15.1,18.6,20.2,17.2,19.8,3.19,no aplica · AltScore solo en la ZM Mérida,no aplica · AltScore solo en la ZM Mérida,3.19,2.86,solo INEGI; H si ≥ media INEGI de nuestros PDV Tradicional (06),H,no,H,no
SORIANA MERCADO CHICONAUTLA,19.644908,-99.003829,PARQUE RESIDENCIAL COACALCO,55720,Ecatepec de Morelos (MEX),L,L,sí,México,89499506157ffff,514,6.3,11.3,14.3,16.1,16.4,35.5,2.68,no aplica · AltScore solo en la ZM Mérida,no aplica · AltScore solo en la ZM Mérida,2.68,2.86,solo INEGI; H si ≥ media INEGI de nuestros PDV Tradicional (06),L,sí,L,sí
SORIANA MERCADO CUAUTITLAN,19.671414,-99.184689,CERRITO,54800,Cuautitlán (MEX),L,H,no,México,894995a8d23ffff,161,7.7,13.3,16.2,18.1,16.3,28.4,2.93,no aplica · AltScore solo en la ZM Mérida,no aplica · AltScore solo en la ZM Mérida,2.93,2.86,solo INEGI; H si ≥ media INEGI de nuestros PDV Tradicional (06),L,sí,L,sí
SORIANA MERCADO ECATEPEC,19.570553,-99.042099,SANTA MARIA TULPETLAC,55400,Ecatepec de Morelos (MEX),L,H,no,México,89499514d3bffff,600,9,14.9,17.4,18.1,16.2,24.4,3.09,no aplica · AltScore solo en la ZM Mérida,no aplica · AltScore solo en la ZM Mérida,3.09,2.86,solo INEGI; H si ≥ media INEGI de nuestros PDV Tradicional (06),L,sí,H,no
SORIANA MERCADO EL TEJAR,19.08976,-96.152751,EL TEJAR,94273,Medellín de Bravo (VER),L,L,sí,Veracruz de Ignacio de la Llave,896d34d8e83ffff,254,7.2,12.3,13.3,15.1,15.2,37,2.7,no aplica · AltScore solo en la ZM Mérida,no aplica · AltScore solo en la ZM Mérida,2.7,2.86,solo INEGI; H si ≥ media INEGI de nuestros PDV Tradicional (06),L,sí,L,sí
SORIANA MERCADO HERNAN CORTEZ,19.192982,-96.138724,CENTRO,91700,Veracruz (VER),L,L,sí,Veracruz de Ignacio de la Llave,896d34da40fffff,630,4.8,8.6,10.5,14.6,16.8,44.7,2.36,no aplica · AltScore solo en la ZM Mérida,no aplica · AltScore solo en la ZM Mérida,2.36,2.86,solo INEGI; H si ≥ media INEGI de nuestros PDV Tradicional (06),L,sí,L,sí
SORIANA MERCADO HUEHEUTOCA,19.833169,-99.210821,SALTILLO,54680,Huehuetoca (MEX),L,L,sí,México,894995370a3ffff,503,2.9,5.1,13.1,19,15.1,44.8,2.27,no aplica · AltScore solo en la ZM Mérida,no aplica · AltScore solo en la ZM Mérida,2.27,2.86,solo INEGI; H si ≥ media INEGI de nuestros PDV Tradicional (06),L,sí,L,sí
SORIANA MERCADO IXMIQUILPAN,20.470971,-99.207719,FITHZ,42303,Ixmiquilpan (HGO),L,L,sí,Hidalgo,894991b2583ffff,301,6.2,10.1,12.7,13.6,13.2,44.2,2.5,no aplica · AltScore solo en la ZM Mérida,no aplica · AltScore solo en la ZM Mérida,2.5,2.86,solo INEGI; H si ≥ media INEGI de nuestros PDV Tradicional (06),L,sí,L,sí
SORIANA MERCADO LOPEZ PORTILLO,19.620302,-99.165928,EL FRESNO,54940,Tultitlán (MEX),L,H,no,México,894995aaa8fffff,714,9.5,15.6,18.7,19.5,16.5,20.3,3.21,no aplica · AltScore solo en la ZM Mérida,no aplica · AltScore solo en la ZM Mérida,3.21,2.86,solo INEGI; H si ≥ media INEGI de nuestros PDV Tradicional (06),H,no,H,no
SORIANA MERCADO LOS OLIVOS,19.394649,-98.971876,FRACC SAN AGUSTIN ATLAPULCO,56330,Chimalhuacán (MEX),L,L,sí,México,8949958dc47ffff,1511,3.2,6.7,10.7,15.1,18.4,45.8,2.24,no aplica · AltScore solo en la ZM Mérida,no aplica · AltScore solo en la ZM Mérida,2.24,2.86,solo INEGI; H si ≥ media INEGI de nuestros PDV Tradicional (06),L,sí,L,sí
SORIANA MERCADO MARTINEZ DE LA TORRE,20.060027,-97.062979,LOMAS DEL MIRADOR,93600,Martínez de la Torre (VER),L,L,sí,Veracruz de Ignacio de la Llave,89499059b0fffff,443,8.2,12.6,13,15,13.8,37.3,2.75,no aplica · AltScore solo en la ZM Mérida,no aplica · AltScore solo en la ZM Mérida,2.75,2.86,solo INEGI; H si ≥ media INEGI de nuestros PDV Tradicional (06),L,sí,L,sí
SORIANA MERCADO PLAZA 2000,21.172168,-86.826624,SUPER MANZANA 63 LOTE 10,77500,Benito Juárez (QROO),L,L,sí,Quintana Roo,89450a69497ffff,788,4.7,6.7,9.4,13,16.4,49.7,2.21,no aplica · AltScore solo en la ZM Mérida,no aplica · AltScore solo en la ZM Mérida,2.21,2.86,solo INEGI; H si ≥ media INEGI de nuestros PDV Tradicional (06),L,sí,L,sí
SORIANA MERCADO PLAZA STA URSULA TEXCOCO,19.505948,-98.89281,SANTA URSULA,56180,Texcoco (MEX),L,L,sí,México,894995156d7ffff,338,6.6,11.7,15.5,18.5,17.9,29.8,2.81,no aplica · AltScore solo en la ZM Mérida,no aplica · AltScore solo en la ZM Mérida,2.81,2.86,solo INEGI; H si ≥ media INEGI de nuestros PDV Tradicional (06),L,sí,L,sí
SORIANA MERCADO Prado Norte,21.16278,-86.915744,PRADO NORTE,77539,Benito Juárez (QROO),L,L,sí,Quintana Roo,89450a6a153ffff,533,4.5,8.4,12.4,17.4,20.7,36.6,2.49,no aplica · AltScore solo en la ZM Mérida,no aplica · AltScore solo en la ZM Mérida,2.49,2.86,solo INEGI; H si ≥ media INEGI de nuestros PDV Tradicional (06),L,sí,L,sí
SORIANA MERCADO PRADOS,19.659607,-99.081152,SAN PABLO DE LAS SALINAS ,54930,Tultitlán (MEX),L,L,sí,México,894995a9eb3ffff,1359,6.5,11.6,15.9,19.5,18.9,27.6,2.84,no aplica · AltScore solo en la ZM Mérida,no aplica · AltScore solo en la ZM Mérida,2.84,2.86,solo INEGI; H si ≥ media INEGI de nuestros PDV Tradicional (06),L,sí,L,sí
SORIANA MERCADO R-1 LA GOBERNADORA,19.557638,-99.022736,LAS INDUSTRIAS TULTEPEC,55107,Ecatepec de Morelos (MEX),L,H,no,México,89499514c3bffff,1043,8.3,14,16.9,18,16.1,26.7,3,no aplica · AltScore solo en la ZM Mérida,no aplica · AltScore solo en la ZM Mérida,3,2.86,solo INEGI; H si ≥ media INEGI de nuestros PDV Tradicional (06),L,sí,L,sí
SORIANA MERCADO SAN ANDRES,18.45153,-95.226686,3 DE MAYO,95780,San Andrés Tuxtla (VER),L,L,sí,Veracruz de Ignacio de la Llave,896d35d84b3ffff,339,5,8.7,10.4,13.3,14.8,47.8,2.32,no aplica · AltScore solo en la ZM Mérida,no aplica · AltScore solo en la ZM Mérida,2.32,2.86,solo INEGI; H si ≥ media INEGI de nuestros PDV Tradicional (06),L,sí,L,sí
SORIANA MERCADO SANTA BARBARA,19.313256,-98.897554,SANTA BARBARA,56530,Ixtapaluca (MEX),L,H,no,México,8949958880bffff,884,8.9,14.3,16.8,17.4,15.2,27.3,3.02,no aplica · AltScore solo en la ZM Mérida,no aplica · AltScore solo en la ZM Mérida,3.02,2.86,solo INEGI; H si ≥ media INEGI de nuestros PDV Tradicional (06),L,sí,H,no
SORIANA MERCADO TALLERES,21.155108,-86.890143,SUPER MANZANA 209 MZA 1 LOTE 2903,77500,Benito Juárez (QROO),L,H,no,Quintana Roo,89450a6a2bbffff,815,9.2,13.3,14.8,16.1,15.2,31.5,2.91,no aplica · AltScore solo en la ZM Mérida,no aplica · AltScore solo en la ZM Mérida,2.91,2.86,solo INEGI; H si ≥ media INEGI de nuestros PDV Tradicional (06),L,sí,L,sí
SORIANA MERCADO TLAHUAC,19.343107,-99.107311,VALLE DE LAS LUCES,09840,Iztapalapa (DF),L,H,no,Ciudad de México,89499585e6bffff,1144,8.7,13.1,14.7,17.4,16.3,29.9,2.91,no aplica · AltScore solo en la ZM Mérida,no aplica · AltScore solo en la ZM Mérida,2.91,2.86,solo INEGI; H si ≥ media INEGI de nuestros PDV Tradicional (06),L,sí,L,sí
SORIANA MERCADO TRANSISTMICA,18.122261,-94.443797,HEROES DE NACOZARI,96599,Coatzacoalcos (VER),L,L,sí,Veracruz de Ignacio de la Llave,896d35b1e93ffff,246,3.5,6.9,9.5,14.2,17.6,48.3,2.2,no aplica · AltScore solo en la ZM Mérida,no aplica · AltScore solo en la ZM Mérida,2.2,2.86,solo INEGI; H si ≥ media INEGI de nuestros PDV Tradicional (06),L,sí,L,sí
SORIANA MERCADO TUXPAN,20.947839,-97.38585,TROPICANA,92870,Tuxpan (VER),L,H,no,Veracruz de Ignacio de la Llave,894993c4273ffff,552,10.2,15.3,15.8,17.9,15.9,24.8,3.12,no aplica · AltScore solo en la ZM Mérida,no aplica · AltScore solo en la ZM Mérida,3.12,2.86,solo INEGI; H si ≥ media INEGI de nuestros PDV Tradicional (06),L,sí,H,no
SORIANA MERCADO VICENTE GUERRERO,17.987369,-94.550297,CENTRO,96700,Minatitlán (VER),L,L,sí,Veracruz de Ignacio de la Llave,896d35aa08fffff,642,7.2,12,13.4,16.6,16.4,34.3,2.74,no aplica · AltScore solo en la ZM Mérida,no aplica · AltScore solo en la ZM Mérida,2.74,2.86,solo INEGI; H si ≥ media INEGI de nuestros PDV Tradicional (06),L,sí,L,sí
SORIANA SUPER LA PILITA,19.257772,-99.59767,BARRIO SAN MATEO,52140,Metepec (MEX),L,H,no,México,894986442c3ffff,1571,9.4,15.3,17.8,18.9,16.4,22.2,3.16,no aplica · AltScore solo en la ZM Mérida,no aplica · AltScore solo en la ZM Mérida,3.16,2.86,solo INEGI; H si ≥ media INEGI de nuestros PDV Tradicional (06),L,sí,H,no
SORIANA SUPER MERIDA CENTRO,20.965371,-89.620846,CENTRO,97000,Mérida (YUC),L,H,no,Yucatán,894509b066bffff,3,9.5,13.1,16,18.2,18.3,24.9,3.02,257,3.11,3.07,2.88,(1 − 0.25) · INEGI + 0.25 · AltScore; H si ≥ media de nuestros PDV Tradicional (06),L,sí,H,no
SORIANA SUPER PIRAMIDE,19.541053,-99.03453,CIUDAD AZTECA,55120,Ecatepec de Morelos (MEX),L,H,no,México,89499516b43ffff,1458,9.2,15.5,18,18.9,15.8,22.7,3.15,no aplica · AltScore solo en la ZM Mérida,no aplica · AltScore solo en la ZM Mérida,3.15,2.86,solo INEGI; H si ≥ media INEGI de nuestros PDV Tradicional (06),L,sí,H,no
SORIANA SUPER PLAYA DEL CARMEN,20.639224,-87.070772,ZAZIL-HA,77710,Solidaridad (QROO),L,L,sí,Quintana Roo,89450a1b25bffff,1199,3.5,7.2,9.9,15.2,17.6,46.6,2.24,no aplica · AltScore solo en la ZM Mérida,no aplica · AltScore solo en la ZM Mérida,2.24,2.86,solo INEGI; H si ≥ media INEGI de nuestros PDV Tradicional (06),L,sí,L,sí
SORIANA SUPER PLAZA ORIENTE,20.960285,-89.591238,SARMIENTO,97167,Mérida (YUC),L,H,no,Yucatán,894509b1093ffff,412,14,16.3,16,15.9,14.2,23.6,3.29,46,3.26,3.29,2.88,(1 − 0.25) · INEGI + 0.25 · AltScore; H si ≥ media de nuestros PDV Tradicional (06),H,no,H,no
SORIANA SUPER PLAZA REAL,18.650217,-91.811608,ASA PONIENTE,24199,Carmen (CAMP),L,H,no,Campeche,894574931d3ffff,290,14.8,17.5,16,14.1,11.8,25.8,3.32,no aplica · AltScore solo en la ZM Mérida,no aplica · AltScore solo en la ZM Mérida,3.32,2.86,solo INEGI; H si ≥ media INEGI de nuestros PDV Tradicional (06),H,no,H,no
SORIANA SUPER PUERTO PROGRESO,21.277494,-89.661659,CENTRO,97320,Progreso (YUC),L,L,sí,Yucatán,894509aed57ffff,181,8.2,10.6,12.9,16.7,18.3,33.3,2.74,no aplica · AltScore solo en la ZM Mérida,no aplica · AltScore solo en la ZM Mérida,2.74,2.86,solo INEGI; H si ≥ media INEGI de nuestros PDV Tradicional (06),L,sí,L,sí
SORIANA SUPER VALLE DE BRAVO,19.203538,-100.133163,SAN ANTONIO,51200,Valle de Bravo (MEX),L,L,sí,México,89498606e0fffff,855,4.5,8.3,11.3,14.4,16.3,45.1,2.35,no aplica · AltScore solo en la ZM Mérida,no aplica · AltScore solo en la ZM Mérida,2.35,2.86,solo INEGI; H si ≥ media INEGI de nuestros PDV Tradicional (06),L,sí,L,sí
SORIANA SUPER VILLA PALMIRA,20.945237,-89.630338,DELIO MORENO CANTON,97268,Mérida (YUC),L,L,sí,Yucatán,894509b316fffff,498,8.8,11.8,14.3,15.8,16.5,32.6,2.83,36,2.63,2.79,2.88,(1 − 0.25) · INEGI + 0.25 · AltScore; H si ≥ media de nuestros PDV Tradicional (06),L,sí,L,sí
SUPER CHE ACAPULCO CENTRO,16.85011,-99.90694,CENTRO,39300,Acapulco de Juárez (GRO),L,L,sí,Guerrero,8949b555803ffff,845,5.1,8.9,11.8,15.3,17.6,41.3,2.45,no aplica · AltScore solo en la ZM Mérida,no aplica · AltScore solo en la ZM Mérida,2.45,2.86,solo INEGI; H si ≥ media INEGI de nuestros PDV Tradicional (06),L,sí,L,sí
SUPER CHE MEXICO CAPULHUAC,19.19041,-99.46525,SAN MIGUELITO,52700,Capulhuac (MEX),L,L,sí,México,89498641cbbffff,873,6.8,12.2,15.2,16.8,15.3,33.7,2.77,no aplica · AltScore solo en la ZM Mérida,no aplica · AltScore solo en la ZM Mérida,2.77,2.86,solo INEGI; H si ≥ media INEGI de nuestros PDV Tradicional (06),L,sí,L,sí
SUPER CHE MEXICO CUAUTEPEC,19.52618,-99.14139,JORGE NEGRETE,07280,Gustavo A. Madero (DF),L,H,no,Ciudad de México,894995b99a3ffff,2040,10.4,15.2,16.8,18.1,15.8,23.8,3.15,no aplica · AltScore solo en la ZM Mérida,no aplica · AltScore solo en la ZM Mérida,3.15,2.86,solo INEGI; H si ≥ media INEGI de nuestros PDV Tradicional (06),L,sí,H,no
SUPER CHE MEXICO ECATEPEC ROSALES,19.5139,-99.05639,GRANJAS VALLE DE GUADALUPE,55270,Ecatepec de Morelos (MEX),L,L,sí,México,894995168b3ffff,1411,4.6,8.8,12.6,16.3,18.3,39.3,2.47,no aplica · AltScore solo en la ZM Mérida,no aplica · AltScore solo en la ZM Mérida,2.47,2.86,solo INEGI; H si ≥ media INEGI de nuestros PDV Tradicional (06),L,sí,L,sí
SUPER CHEDRAUI CD JB LOBOS VERACRUZ,19.15696,-96.17424,LAS BAJADAS,91726,Veracruz (VER),L,L,sí,Veracruz de Ignacio de la Llave,896d34da26bffff,225,2.9,5.4,7.4,10.9,14.3,59.1,1.94,no aplica · AltScore solo en la ZM Mérida,no aplica · AltScore solo en la ZM Mérida,1.94,2.86,solo INEGI; H si ≥ media INEGI de nuestros PDV Tradicional (06),L,sí,L,sí
SUPER CHEDRAUI CD.SAHAGUN,19.777,-98.58086,CENTRO,43990,Tepeapulco (HGO),L,H,no,Hidalgo,89499573217ffff,180,12.4,17.6,20.3,18.5,13.3,17.9,3.44,no aplica · AltScore solo en la ZM Mérida,no aplica · AltScore solo en la ZM Mérida,3.44,2.86,solo INEGI; H si ≥ media INEGI de nuestros PDV Tradicional (06),H,no,H,no
SUPER CHEDRAUI CHAMPOTON,19.34233,-90.72619,VENUSTIANO CARRANZA,24400,Champotón (CAMP),L,L,sí,Campeche,89457680b4fffff,533,4.4,6.4,8,10.9,13.9,56.3,2.08,no aplica · AltScore solo en la ZM Mérida,no aplica · AltScore solo en la ZM Mérida,2.08,2.86,solo INEGI; H si ≥ media INEGI de nuestros PDV Tradicional (06),L,sí,L,sí
SUPER CHEDRAUI CHIAPA DE CORZO,16.71321,-93.01665,NANDAMBOA,29160,Chiapa de Corzo (CHIS),L,L,sí,Chiapas,896d2310eb7ffff,374,9.1,12.4,11.5,11.9,12.3,42.8,2.66,no aplica · AltScore solo en la ZM Mérida,no aplica · AltScore solo en la ZM Mérida,2.66,2.86,solo INEGI; H si ≥ media INEGI de nuestros PDV Tradicional (06),L,sí,L,sí
SUPER CHEDRAUI LOMA BONITA,18.10721,-95.87953,CENTRO,68400,Loma Bonita (OAX),L,sin estimar · falta procesar los insumos INEGI del estado,sin estimar · falta procesar los insumos INEGI del estado,Oaxaca,896d346598fffff,sin estimar · falta procesar los insumos INEGI del estado,sin estimar · falta procesar los insumos INEGI del estado,sin estimar · falta procesar los insumos INEGI del estado,sin estimar · falta procesar los insumos INEGI del estado,sin estimar · falta procesar los insumos INEGI del estado,sin estimar · falta procesar los insumos INEGI del estado,sin estimar · falta procesar los insumos INEGI del estado,sin estimar · falta procesar los insumos INEGI del estado,no aplica · AltScore solo en la ZM Mérida,no aplica · AltScore solo en la ZM Mérida,sin estimar · falta procesar los insumos INEGI del estado,sin estimar · falta procesar los insumos INEGI del estado,sin estimar · falta procesar los insumos INEGI del estado,sin estimar · falta procesar los insumos INEGI del estado,sin estimar · falta procesar los insumos INEGI del estado,sin estimar · falta procesar los insumos INEGI del estado,sin estimar · falta procesar los insumos INEGI del estado
SUPER CHEDRAUI MEXICO CIUDAD AZTECA,19.53461,-99.02675,CIUDAD AZTECA,55120,Ecatepec de Morelos (MEX),L,H,no,México,89499516a2bffff,1339,9.7,16.4,19,19.7,15.5,19.8,3.26,no aplica · AltScore solo en la ZM Mérida,no aplica · AltScore solo en la ZM Mérida,3.26,2.86,solo INEGI; H si ≥ media INEGI de nuestros PDV Tradicional (06),H,no,H,no
SUPER CHEDRAUI MORELOS CHAMILPA,18.96653,-99.2324,CHAMILPA,62210,Cuernavaca (MOR),L,H,no,Morelos,8949b32c193ffff,534,10.9,14.1,14.4,15.7,14.4,30.5,3,no aplica · AltScore solo en la ZM Mérida,no aplica · AltScore solo en la ZM Mérida,3,2.86,solo INEGI; H si ≥ media INEGI de nuestros PDV Tradicional (06),L,sí,L,sí
SUPER CHEDRAUI NOGALES,18.81378,-97.16864,AQUILES SERDAN,94720,Nogales (VER),L,L,sí,Veracruz de Ignacio de la Llave,896d36d34cbffff,667,5.1,9.4,11.5,15.4,17,41.6,2.45,no aplica · AltScore solo en la ZM Mérida,no aplica · AltScore solo en la ZM Mérida,2.45,2.86,solo INEGI; H si ≥ media INEGI de nuestros PDV Tradicional (06),L,sí,L,sí
SUPER CHEDRAUI TUXTLA AMBAR,16.74787,-93.07451,EL RETIRO,29040,Tuxtla Gutiérrez (CHIS),L,H,no,Chiapas,896d23102dbffff,45,17.5,22.7,16.7,13.7,11.4,18,3.67,no aplica · AltScore solo en la ZM Mérida,no aplica · AltScore solo en la ZM Mérida,3.67,2.86,solo INEGI; H si ≥ media INEGI de nuestros PDV Tradicional (06),H,no,H,no
SUPER CHEDRAUI VILLA GAVIOTAS,17.98804,-92.91497,LAS GAVIOTAS CENTRO,86090,Centro (TAB),L,L,sí,Tabasco,896d20c6c57ffff,453,8.3,12,11.8,13.4,13.5,41,2.65,no aplica · AltScore solo en la ZM Mérida,no aplica · AltScore solo en la ZM Mérida,2.65,2.86,solo INEGI; H si ≥ media INEGI de nuestros PDV Tradicional (06),L,sí,L,sí
SUPER CHEDRAUI AYUTLA GUERRERO 11-23,16.960279,-99.100779,Vicente Guerrero,39200,Ayutla de los Libres (GRO),L,L,sí,Guerrero,8949b08946fffff,327,4.8,7.9,8.7,9.8,11.2,57.6,2.13,no aplica · AltScore solo en la ZM Mérida,no aplica · AltScore solo en la ZM Mérida,2.13,2.86,solo INEGI; H si ≥ media INEGI de nuestros PDV Tradicional (06),L,sí,L,sí
WALMART EXPRESS - CENTRAL INTERLOMAS,19.39168,-99.28095,VALLE DE LAS PALMAS,52787,Huixquilucan (MEX),L,H,no,México,894995b028bffff,1151,11.4,15.4,15.5,15.2,13.4,29.2,3.09,no aplica · AltScore solo en la ZM Mérida,no aplica · AltScore solo en la ZM Mérida,3.09,2.86,solo INEGI; H si ≥ media INEGI de nuestros PDV Tradicional (06),L,sí,H,no
WALMART EXPRESS - CONCHAL,19.07657,-96.09293,EL CONCHAL,95264,Boca del Río (VER),L,H,no,Veracruz de Ignacio de la Llave,896d34c362bffff,132,26.4,24.3,9.5,4.8,4.4,30.7,3.72,no aplica · AltScore solo en la ZM Mérida,no aplica · AltScore solo en la ZM Mérida,3.72,2.86,solo INEGI; H si ≥ media INEGI de nuestros PDV Tradicional (06),H,no,H,no
WALMART EXPRESS - LA MARINA,16.83916,-99.90996,LAS PLAYAS,39390,Acapulco de Juárez (GRO),L,H,no,Guerrero,8949b555893ffff,355,11.4,15.4,15.3,15,13.7,29.3,3.08,no aplica · AltScore solo en la ZM Mérida,no aplica · AltScore solo en la ZM Mérida,3.08,2.86,solo INEGI; H si ≥ media INEGI de nuestros PDV Tradicional (06),L,sí,H,no
AKI GM CHAC-MOOL,21.175584,-86.872918,LOS HEROES 222,77518,Benito Juárez (QROO),L,L,sí,Quintana Roo,89450a684cbffff,600,6.1,10.6,14.8,19.3,18.8,30.4,2.75,no aplica · AltScore solo en la ZM Mérida,no aplica · AltScore solo en la ZM Mérida,2.75,2.86,solo INEGI; H si ≥ media INEGI de nuestros PDV Tradicional (06),L,sí,L,sí
AKI GM ZAZIL-HA,20.63934,-87.070272,GONZALO GUERRERO,77720,Solidaridad (QROO),L,L,sí,Quintana Roo,89450a1b25bffff,1199,3.5,7.2,9.9,15.2,17.6,46.6,2.24,no aplica · AltScore solo en la ZM Mérida,no aplica · AltScore solo en la ZM Mérida,2.24,2.86,solo INEGI; H si ≥ media INEGI de nuestros PDV Tradicional (06),L,sí,L,sí
BODEGA AURRERA - A SAN JUAN DE LA LABOR,19.78134,-99.02541,PASEOS DE SAN JUAN,55634,Zumpango (MEX),L,L,sí,México,894995310dbffff,500,4.6,8.3,11.1,14.7,17.4,43.8,2.36,no aplica · AltScore solo en la ZM Mérida,no aplica · AltScore solo en la ZM Mérida,2.36,2.86,solo INEGI; H si ≥ media INEGI de nuestros PDV Tradicional (06),L,sí,L,sí
BODEGA AURRERA - ACOLMAN TEPEXPAN,19.62198,-98.93539,TEPEXPAN,55885,Acolman (MEX),L,L,sí,México,89499507427ffff,116,6.2,11.1,14.1,16.4,16.8,35.3,2.67,no aplica · AltScore solo en la ZM Mérida,no aplica · AltScore solo en la ZM Mérida,2.67,2.86,solo INEGI; H si ≥ media INEGI de nuestros PDV Tradicional (06),L,sí,L,sí
BODEGA AURRERA - ALMOLOYA,19.36122,-99.75259,CENTRO,51860,Almoloya de Juárez (MEX),L,L,sí,México,894986702b7ffff,188,2.1,4.3,6.8,10.2,14.8,61.8,1.83,no aplica · AltScore solo en la ZM Mérida,no aplica · AltScore solo en la ZM Mérida,1.83,2.86,solo INEGI; H si ≥ media INEGI de nuestros PDV Tradicional (06),L,sí,L,sí
BODEGA AURRERA - ALPINISMO,19.26388,-99.6918,SAN BUENAVENTURA,50121,Toluca (MEX),L,H,no,México,89498646b93ffff,412,11.6,17.6,18.5,17.2,13.6,21.5,3.32,no aplica · AltScore solo en la ZM Mérida,no aplica · AltScore solo en la ZM Mérida,3.32,2.86,solo INEGI; H si ≥ media INEGI de nuestros PDV Tradicional (06),H,no,H,no
BODEGA AURRERA - AMALUCAN,19.05627,-98.13944,MANUEL RIVERA,72309,Puebla (PUE),L,H,no,Puebla,8949943223bffff,516,13.4,17,17,16.7,14.7,21.2,3.34,no aplica · AltScore solo en la ZM Mérida,no aplica · AltScore solo en la ZM Mérida,3.34,2.86,solo INEGI; H si ≥ media INEGI de nuestros PDV Tradicional (06),H,no,H,no
BODEGA AURRERA - ARBOLADA LS SAUCES,19.81213,-99.04669,LA ARBOLADA LOS SAUCES,55635,Zumpango (MEX),L,L,sí,México,8949953117bffff,1290,2.4,4.9,7.5,12.2,17.8,55.2,1.96,no aplica · AltScore solo en la ZM Mérida,no aplica · AltScore solo en la ZM Mérida,1.96,2.86,solo INEGI; H si ≥ media INEGI de nuestros PDV Tradicional (06),L,sí,L,sí
BODEGA AURRERA - ATLACOMULCO,19.7956,-99.88442,CUATRO MILPAS,50455,Atlacomulco (MEX),L,H,no,México,89498298103ffff,323,10,17.1,19.4,18.7,14.8,20,3.29,no aplica · AltScore solo en la ZM Mérida,no aplica · AltScore solo en la ZM Mérida,3.29,2.86,solo INEGI; H si ≥ media INEGI de nuestros PDV Tradicional (06),H,no,H,no
BODEGA AURRERA - ATLIXCO,18.89838,-98.43093,REVOLUCION,74200,Atlixco (PUE),L,H,no,Puebla,894994a75c3ffff,50,15.7,17.1,14.4,12,9.3,31.5,3.23,no aplica · AltScore solo en la ZM Mérida,no aplica · AltScore solo en la ZM Mérida,3.23,2.86,solo INEGI; H si ≥ media INEGI de nuestros PDV Tradicional (06),H,no,H,no
BODEGA AURRERA - ATLIXCO CENTRO,18.90627,-98.44043,HOGAR DEL OBRERO,74260,Atlixco (PUE),L,H,no,Puebla,894994a7507ffff,690,9.5,12.9,14,15.7,14.4,33.5,2.87,no aplica · AltScore solo en la ZM Mérida,no aplica · AltScore solo en la ZM Mérida,2.87,2.86,solo INEGI; H si ≥ media INEGI de nuestros PDV Tradicional (06),L,sí,L,sí
BODEGA AURRERA - AUR KALA,19.85193,-90.49105,sin colonia en Nielsen,24014,Campeche (CAMP),L,H,no,Campeche,8945760c80fffff,800,12,15.2,15.9,16.2,14.8,26,3.16,no aplica · AltScore solo en la ZM Mérida,no aplica · AltScore solo en la ZM Mérida,3.16,2.86,solo INEGI; H si ≥ media INEGI de nuestros PDV Tradicional (06),L,sí,H,no
BODEGA AURRERA - AUR LAS BRISAS CUAUTLA,18.8634,-98.93074,CUAUHTEMOC,62757,Cuautla (MOR),L,H,no,Morelos,8949b3666a7ffff,149,10.6,15.4,16.6,17.1,14.8,25.5,3.14,no aplica · AltScore solo en la ZM Mérida,no aplica · AltScore solo en la ZM Mérida,3.14,2.86,solo INEGI; H si ≥ media INEGI de nuestros PDV Tradicional (06),L,sí,H,no
BODEGA AURRERA - AUTOPISTA QRO.,19.69754,-99.20193,PARQUE INDUSTRIAL,34830,Cuautitlán Izcalli (MEX),L,L,sí,México,894995ad48fffff,35,6,10.2,12.7,14.7,15.5,40.8,2.54,no aplica · AltScore solo en la ZM Mérida,no aplica · AltScore solo en la ZM Mérida,2.54,2.86,solo INEGI; H si ≥ media INEGI de nuestros PDV Tradicional (06),L,sí,L,sí
BODEGA AURRERA - AV NACIONAL,19.63666,-99.00144,SANTO TOMAS CHICONAUTLA,55068,Ecatepec de Morelos (MEX),L,L,sí,México,894995061dbffff,516,4.2,8,11.4,14.3,16.6,45.5,2.32,no aplica · AltScore solo en la ZM Mérida,no aplica · AltScore solo en la ZM Mérida,2.32,2.86,solo INEGI; H si ≥ media INEGI de nuestros PDV Tradicional (06),L,sí,L,sí
BODEGA AURRERA - AVENIDA DALIAS,19.64243,-99.08201,SAN PABLO DE LAS SALINAS,55719,Coacalco de Berriozábal (MEX),L,H,no,México,894995a91afffff,1641,7,12.3,16.9,20.2,19.1,24.4,2.94,no aplica · AltScore solo en la ZM Mérida,no aplica · AltScore solo en la ZM Mérida,2.94,2.86,solo INEGI; H si ≥ media INEGI de nuestros PDV Tradicional (06),L,sí,L,sí
BODEGA AURRERA - BICENTENARIO,19.89443,-99.24021,PASEOS DE LA PRADERA,42995,Atotonilco de Tula (HGO),L,H,no,Hidalgo,8949953402bffff,229,8.4,12.9,15.7,17.7,15.4,29.8,2.92,no aplica · AltScore solo en la ZM Mérida,no aplica · AltScore solo en la ZM Mérida,2.92,2.86,solo INEGI; H si ≥ media INEGI de nuestros PDV Tradicional (06),L,sí,L,sí
BODEGA AURRERA - CALLE DE LOS PINOS,18.97801,-98.25694,sin colonia en Nielsen,72000,Puebla (PUE),L,H,no,Puebla,894994af017ffff,688,12.6,16.1,15.4,14.6,12.8,28.4,3.16,no aplica · AltScore solo en la ZM Mérida,no aplica · AltScore solo en la ZM Mérida,3.16,2.86,solo INEGI; H si ≥ media INEGI de nuestros PDV Tradicional (06),L,sí,H,no
BODEGA AURRERA - CAMINO A CALERA,20.05168,-98.71714,FRACIONAMIENTO SAN LUIS,42186,Mineral de la Reforma (HGO),L,H,no,Hidalgo,89499567313ffff,368,15.4,18.6,17.5,16.8,12.2,19.5,3.49,no aplica · AltScore solo en la ZM Mérida,no aplica · AltScore solo en la ZM Mérida,3.49,2.86,solo INEGI; H si ≥ media INEGI de nuestros PDV Tradicional (06),H,no,H,no
BODEGA AURRERA - CAMINO A TLALTEPANGO,19.08965,-98.17579,JORGE MURAD MACLUF,72016,Puebla (PUE),L,H,no,Puebla,89499432a93ffff,1288,14,17.2,15.6,14.1,12.2,26.9,3.26,no aplica · AltScore solo en la ZM Mérida,no aplica · AltScore solo en la ZM Mérida,3.26,2.86,solo INEGI; H si ≥ media INEGI de nuestros PDV Tradicional (06),H,no,H,no
BODEGA AURRERA - CAMPECHE ESTE,19.84172,-90.51199,AVIACION CAMPECHE,24020,Campeche (CAMP),L,H,no,Campeche,8945760cd0bffff,580,10.9,13.2,14.5,15.2,14.5,31.6,2.96,no aplica · AltScore solo en la ZM Mérida,no aplica · AltScore solo en la ZM Mérida,2.96,2.86,solo INEGI; H si ≥ media INEGI de nuestros PDV Tradicional (06),L,sí,L,sí
BODEGA AURRERA - CARRETERA A NACAJUCA,18.04941,-92.93662,FRACCIONAMIENTO POMOCA,86247,Nacajuca (TAB),L,H,no,Tabasco,896d20c6493ffff,672,15.7,22.2,18.3,14.2,10.9,18.7,3.61,no aplica · AltScore solo en la ZM Mérida,no aplica · AltScore solo en la ZM Mérida,3.61,2.86,solo INEGI; H si ≥ media INEGI de nuestros PDV Tradicional (06),H,no,H,no
BODEGA AURRERA - CD MENDOZA,18.80462,-97.1769,CENTRO,94740,Camerino Z. Mendoza (VER),L,L,sí,Veracruz de Ignacio de la Llave,896d36d3687ffff,487,7,12.2,13.8,17,16.9,33.1,2.76,no aplica · AltScore solo en la ZM Mérida,no aplica · AltScore solo en la ZM Mérida,2.76,2.86,solo INEGI; H si ≥ media INEGI de nuestros PDV Tradicional (06),L,sí,L,sí
BODEGA AURRERA - CHAC MOOL,21.16906,-86.87284,CARIBE 1,77518,Benito Juárez (QROO),L,H,no,Quintana Roo,89450a6b1a7ffff,1203,8.3,13.2,16.3,19.3,18.5,24.3,3,no aplica · AltScore solo en la ZM Mérida,no aplica · AltScore solo en la ZM Mérida,3,2.86,solo INEGI; H si ≥ media INEGI de nuestros PDV Tradicional (06),L,sí,L,sí
BODEGA AURRERA - CHAMPOTON,19.33791,-90.72802,AVENIDA,24400,Champotón (CAMP),L,L,sí,Campeche,89457680b43ffff,312,4.7,6.8,8.3,11,13.8,55.4,2.12,no aplica · AltScore solo en la ZM Mérida,no aplica · AltScore solo en la ZM Mérida,2.12,2.86,solo INEGI; H si ≥ media INEGI de nuestros PDV Tradicional (06),L,sí,L,sí
BODEGA AURRERA - CHETUMAL NORTE,18.52456,-88.29503,ANDRES QUINTANA ROO,77086,Othón P. Blanco (QROO),L,L,sí,Quintana Roo,894501b4457ffff,72,7,12.2,15.2,17.7,17,30.9,2.82,no aplica · AltScore solo en la ZM Mérida,no aplica · AltScore solo en la ZM Mérida,2.82,2.86,solo INEGI; H si ≥ media INEGI de nuestros PDV Tradicional (06),L,sí,L,sí
BODEGA AURRERA - CHIAUTEMPAN,19.31573,-98.20142,CENTRO,90800,Chiautempan (TLAX),L,H,no,Tlaxcala,8949942706bffff,312,10.4,13.5,14.4,15,14.1,32.6,2.93,no aplica · AltScore solo en la ZM Mérida,no aplica · AltScore solo en la ZM Mérida,2.93,2.86,solo INEGI; H si ≥ media INEGI de nuestros PDV Tradicional (06),L,sí,L,sí
BODEGA AURRERA - CHINAMPA,19.68543,-98.99176,sin colonia en Nielsen,55741,Tecámac (MEX),L,L,sí,México,89499504537ffff,484,5.6,10.3,14.1,16.8,17.4,35.8,2.62,no aplica · AltScore solo en la ZM Mérida,no aplica · AltScore solo en la ZM Mérida,2.62,2.86,solo INEGI; H si ≥ media INEGI de nuestros PDV Tradicional (06),L,sí,L,sí
BODEGA AURRERA - CITARA HUEHUETOCA,19.873094,-99.216847, FraccionamientoCITARA,54696,Huehuetoca (MEX),L,L,sí,México,8949953460fffff,203,5.9,10.9,14,18,19.7,31.4,2.71,no aplica · AltScore solo en la ZM Mérida,no aplica · AltScore solo en la ZM Mérida,2.71,2.86,solo INEGI; H si ≥ media INEGI de nuestros PDV Tradicional (06),L,sí,L,sí
BODEGA AURRERA - COLINAS DE MONTE BELLO,19.63807,-99.31549,INDEPENDENCIA,54409,Nicolás Romero (MEX),L,L,sí,México,894995a0b77ffff,593,5.6,10,13.5,16,16.7,38.3,2.57,no aplica · AltScore solo en la ZM Mérida,no aplica · AltScore solo en la ZM Mérida,2.57,2.86,solo INEGI; H si ≥ media INEGI de nuestros PDV Tradicional (06),L,sí,L,sí
BODEGA AURRERA - COSOLEACAQUE,18.00468,-94.61163,PREDIO HATO,96346,Cosoleacaque (VER),L,H,no,Veracruz de Ignacio de la Llave,896d35ab417ffff,619,7.3,14.4,15.8,18.4,18.9,25.3,2.97,no aplica · AltScore solo en la ZM Mérida,no aplica · AltScore solo en la ZM Mérida,2.97,2.86,solo INEGI; H si ≥ media INEGI de nuestros PDV Tradicional (06),L,sí,L,sí
BODEGA AURRERA - CUAUTZINGO CHALCO,19.26516,-98.85685,SAN GREGORIO CUAUTZINGO,56640,Chalco (MEX),L,L,sí,México,8949958807bffff,188,4.7,8.8,12.3,15.7,17.6,40.8,2.45,no aplica · AltScore solo en la ZM Mérida,no aplica · AltScore solo en la ZM Mérida,2.45,2.86,solo INEGI; H si ≥ media INEGI de nuestros PDV Tradicional (06),L,sí,L,sí
BODEGA AURRERA - DIMAS,19.17541,-99.56818,FRACCIONAMIENTO RANCHO SAN DIMAS,52280,San Antonio la Isla (MEX),L,H,no,México,89498642963ffff,797,12.1,19.1,20.1,18.6,14.1,16,3.49,no aplica · AltScore solo en la ZM Mérida,no aplica · AltScore solo en la ZM Mérida,3.49,2.86,solo INEGI; H si ≥ media INEGI de nuestros PDV Tradicional (06),H,no,H,no
BODEGA AURRERA - ECATEPEC,19.62172,-99.07307,GUADALUPE VICTORIA,55010,Ecatepec de Morelos (MEX),L,H,no,México,894995a9573ffff,385,8.8,14.4,16.9,17.8,16.1,25.9,3.04,no aplica · AltScore solo en la ZM Mérida,no aplica · AltScore solo en la ZM Mérida,3.04,2.86,solo INEGI; H si ≥ media INEGI de nuestros PDV Tradicional (06),L,sí,H,no
BODEGA AURRERA - EL DORADO TULTEPEC,19.6653,-99.12933,TEYAHUALCO,54984,Tultepec (MEX),L,H,no,México,894995a8e7bffff,790,10.5,16.7,17.6,17.2,14.3,23.8,3.21,no aplica · AltScore solo en la ZM Mérida,no aplica · AltScore solo en la ZM Mérida,3.21,2.86,solo INEGI; H si ≥ media INEGI de nuestros PDV Tradicional (06),H,no,H,no
BODEGA AURRERA - EL MANANTIAL,19.87832,-98.93725,RANCHO DON ANTONIO,43810,Tizayuca (HGO),L,H,no,Hidalgo,89499538307ffff,823,8.4,13.6,17.8,19.3,16.8,24.1,3.05,no aplica · AltScore solo en la ZM Mérida,no aplica · AltScore solo en la ZM Mérida,3.05,2.86,solo INEGI; H si ≥ media INEGI de nuestros PDV Tradicional (06),L,sí,H,no
BODEGA AURRERA - EL REFUGIO,18.96715,-98.24149,EL TRIUNFO,72490,Puebla (PUE),L,H,no,Puebla,894994af6abffff,1116,16.1,19.7,17.5,14.6,11.7,20.3,3.53,no aplica · AltScore solo en la ZM Mérida,no aplica · AltScore solo en la ZM Mérida,3.53,2.86,solo INEGI; H si ≥ media INEGI de nuestros PDV Tradicional (06),H,no,H,no
BODEGA AURRERA - GLORIETA APIZACO,19.41607,-98.15985,URSULA ZIMATEPEC,90450,Yauhquemehcan (TLAX),L,H,no,Tlaxcala,8949942e8b3ffff,199,11.2,14.5,15.1,15.4,14.8,29,3.05,no aplica · AltScore solo en la ZM Mérida,no aplica · AltScore solo en la ZM Mérida,3.05,2.86,solo INEGI; H si ≥ media INEGI de nuestros PDV Tradicional (06),L,sí,H,no
BODEGA AURRERA - HACIENDA DE TIZAYUCA,19.8716,-98.95733,HACIENDAS TIZAYUCA,43815,Tizayuca (HGO),L,H,no,Hidalgo,89499538177ffff,579,10,15.8,19.6,19.7,16.3,18.6,3.28,no aplica · AltScore solo en la ZM Mérida,no aplica · AltScore solo en la ZM Mérida,3.28,2.86,solo INEGI; H si ≥ media INEGI de nuestros PDV Tradicional (06),H,no,H,no
BODEGA AURRERA - HERMANOS SERDAN,19.09019,-98.23003,LAS FUENTES DE PUEBLA,72116,Puebla (PUE),L,H,no,Puebla,894994adacbffff,235,16.2,19.3,17.3,15.2,11.3,20.7,3.52,no aplica · AltScore solo en la ZM Mérida,no aplica · AltScore solo en la ZM Mérida,3.52,2.86,solo INEGI; H si ≥ media INEGI de nuestros PDV Tradicional (06),H,no,H,no
BODEGA AURRERA - HUAJUAPAN 2 DE ABRIL,17.81218,-97.78112,LA MERCED,69006,Heroica Ciudad de Huajuapan de León (OAX),L,sin estimar · falta procesar los insumos INEGI del estado,sin estimar · falta procesar los insumos INEGI del estado,Oaxaca,8949b2096a3ffff,sin estimar · falta procesar los insumos INEGI del estado,sin estimar · falta procesar los insumos INEGI del estado,sin estimar · falta procesar los insumos INEGI del estado,sin estimar · falta procesar los insumos INEGI del estado,sin estimar · falta procesar los insumos INEGI del estado,sin estimar · falta procesar los insumos INEGI del estado,sin estimar · falta procesar los insumos INEGI del estado,sin estimar · falta procesar los insumos INEGI del estado,no aplica · AltScore solo en la ZM Mérida,no aplica · AltScore solo en la ZM Mérida,sin estimar · falta procesar los insumos INEGI del estado,sin estimar · falta procesar los insumos INEGI del estado,sin estimar · falta procesar los insumos INEGI del estado,sin estimar · falta procesar los insumos INEGI del estado,sin estimar · falta procesar los insumos INEGI del estado,sin estimar · falta procesar los insumos INEGI del estado,sin estimar · falta procesar los insumos INEGI del estado
BODEGA AURRERA - HUAUCHINANGO,20.17536,-98.06086,EL PARAISO,73176,Huauchinango (PUE),L,L,sí,Puebla,894990ad0d3ffff,607,8.6,11.3,11.7,13.1,13.8,41.5,2.63,no aplica · AltScore solo en la ZM Mérida,no aplica · AltScore solo en la ZM Mérida,2.63,2.86,solo INEGI; H si ≥ media INEGI de nuestros PDV Tradicional (06),L,sí,L,sí
BODEGA AURRERA - HUEJOTZINGO,19.16087,-98.40457,CUARTO BARRIO,74160,Huejotzingo (PUE),L,L,sí,Puebla,894995d9c17ffff,419,7.9,10.6,11.4,12.5,13.4,44.2,2.55,no aplica · AltScore solo en la ZM Mérida,no aplica · AltScore solo en la ZM Mérida,2.55,2.86,solo INEGI; H si ≥ media INEGI de nuestros PDV Tradicional (06),L,sí,L,sí
BODEGA AURRERA - Huichapan,20.37902,-99.65564,Abundio Martínez,42400,Huichapan (HGO),L,L,sí,Hidalgo,89498208e13ffff,111,7.8,12.1,14.8,15.4,14.2,35.7,2.77,no aplica · AltScore solo en la ZM Mérida,no aplica · AltScore solo en la ZM Mérida,2.77,2.86,solo INEGI; H si ≥ media INEGI de nuestros PDV Tradicional (06),L,sí,L,sí
BODEGA AURRERA - INSTITUTO TECNOLOGICO,18.01011,-94.54983,7 DE MAYO,96344,Cosoleacaque (VER),L,L,sí,Veracruz de Ignacio de la Llave,896d35aa413ffff,497,6.3,11.4,12.9,15.5,15.9,38,2.63,no aplica · AltScore solo en la ZM Mérida,no aplica · AltScore solo en la ZM Mérida,2.63,2.86,solo INEGI; H si ≥ media INEGI de nuestros PDV Tradicional (06),L,sí,L,sí
BODEGA AURRERA - ITZAES,20.95412,-89.64322,LOS REYES,97156,Mérida (YUC),L,H,no,Yucatán,894509b06b7ffff,267,10.6,13.2,14.9,16,15.7,29.6,2.98,24,3.09,3.02,2.88,(1 − 0.25) · INEGI + 0.25 · AltScore; H si ≥ media de nuestros PDV Tradicional (06),L,sí,H,no
BODEGA AURRERA - IXMIQUILPAN CARDONAL,20.49284,-99.21546,SAN ANTONIO ,42302,Ixmiquilpan (HGO),L,L,sí,Hidalgo,8949824d243ffff,97,8.7,13.2,15.1,14.6,11.4,37,2.82,no aplica · AltScore solo en la ZM Mérida,no aplica · AltScore solo en la ZM Mérida,2.82,2.86,solo INEGI; H si ≥ media INEGI de nuestros PDV Tradicional (06),L,sí,L,sí
BODEGA AURRERA - JALAPA DE MENDEZ,18.17485,-93.04853,LA GUADALUPE,86200,Jalpa de Méndez (TAB),L,L,sí,Tabasco,896d20d08cbffff,74,6.5,10.5,11.6,13.6,15.4,42.3,2.52,no aplica · AltScore solo en la ZM Mérida,no aplica · AltScore solo en la ZM Mérida,2.52,2.86,solo INEGI; H si ≥ media INEGI de nuestros PDV Tradicional (06),L,sí,L,sí
BODEGA AURRERA - JIUTEPEC FUENTES,18.878684,-99.168171,CENTRO,62550,Jiutepec (MOR),L,H,no,Morelos,8949b32f4d3ffff,115,12.4,16.4,15.9,15.6,13.2,26.5,3.2,no aplica · AltScore solo en la ZM Mérida,no aplica · AltScore solo en la ZM Mérida,3.2,2.86,solo INEGI; H si ≥ media INEGI de nuestros PDV Tradicional (06),H,no,H,no
BODEGA AURRERA - JOJUTLA,18.62269,-99.17005,CENTRO,62980,Tlaquiltenango (MOR),L,H,no,Morelos,8949b3316bbffff,135,10.6,14.8,15.4,15.6,14.2,29.4,3.04,no aplica · AltScore solo en la ZM Mérida,no aplica · AltScore solo en la ZM Mérida,3.04,2.86,solo INEGI; H si ≥ media INEGI de nuestros PDV Tradicional (06),L,sí,H,no
BODEGA AURRERA - JOJUTLA GALEANA,18.61442,-99.178118,LLANO,62900,Jojutla (MOR),L,L,sí,Morelos,8949b331453ffff,479,7.5,11.3,13.5,16.4,16.5,34.8,2.73,no aplica · AltScore solo en la ZM Mérida,no aplica · AltScore solo en la ZM Mérida,2.73,2.86,solo INEGI; H si ≥ media INEGI de nuestros PDV Tradicional (06),L,sí,L,sí
BODEGA AURRERA - JOYAS DE COACALCO,19.65728,-99.07291,LAS GARZAS,55718,Tultitlán (MEX),L,H,no,México,894995a9e8bffff,1175,7.7,13,16.5,18.7,17.2,26.9,2.95,no aplica · AltScore solo en la ZM Mérida,no aplica · AltScore solo en la ZM Mérida,2.95,2.86,solo INEGI; H si ≥ media INEGI de nuestros PDV Tradicional (06),L,sí,L,sí
BODEGA AURRERA - JUAN PABLO II,20.95966,-89.67767,FRACCIONAMIENTO JUAN PABLO II,97246,Mérida (YUC),L,H,no,Yucatán,894509b05bbffff,651,12.7,16.7,18.9,17,15.1,19.6,3.36,46,3.75,3.49,2.88,(1 − 0.25) · INEGI + 0.25 · AltScore; H si ≥ media de nuestros PDV Tradicional (06),H,no,H,no
BODEGA AURRERA - LA PALMA,19.65618,-99.17165,EL INFIERNILLO,54878,Cuautitlán (MEX),L,H,no,México,894995a8dcbffff,97,9,14.7,17.1,18.1,15.9,25.1,3.07,no aplica · AltScore solo en la ZM Mérida,no aplica · AltScore solo en la ZM Mérida,3.07,2.86,solo INEGI; H si ≥ media INEGI de nuestros PDV Tradicional (06),L,sí,H,no
BODEGA AURRERA - LA PRESA,19.5365,-99.11419,INDUSTRIAL LA PRESA,54187,Tlalnepantla de Baz (MEX),L,L,sí,México,894995b9b17ffff,364,7.3,11.7,13.5,15.3,15.7,36.5,2.7,no aplica · AltScore solo en la ZM Mérida,no aplica · AltScore solo en la ZM Mérida,2.7,2.86,solo INEGI; H si ≥ media INEGI de nuestros PDV Tradicional (06),L,sí,L,sí
BODEGA AURRERA - LAS PLAZAS AMALUCAN,19.04359,-98.13416,AMALUCAN,72310,Puebla (PUE),L,L,sí,Puebla,894994322c7ffff,226,9.4,12.4,12.8,13.4,13.2,38.7,2.75,no aplica · AltScore solo en la ZM Mérida,no aplica · AltScore solo en la ZM Mérida,2.75,2.86,solo INEGI; H si ≥ media INEGI de nuestros PDV Tradicional (06),L,sí,L,sí
BODEGA AURRERA - LOMA FLORIDA APIZACO,19.4044,-98.13378,LOMA FLORIDA,90350,Apizaco (TLAX),L,L,sí,Tlaxcala,8949942ee17ffff,476,7.5,10.5,12.5,13.8,14.7,41,2.59,no aplica · AltScore solo en la ZM Mérida,no aplica · AltScore solo en la ZM Mérida,2.59,2.86,solo INEGI; H si ≥ media INEGI de nuestros PDV Tradicional (06),L,sí,L,sí
BODEGA AURRERA - MEXIQUENSE,19.63551,-99.03795,LOS HEROES TECAMAC,55764,Tecámac (MEX),L,L,sí,México,894995a92abffff,1487,4.1,7.7,11,16.2,19.8,41.3,2.36,no aplica · AltScore solo en la ZM Mérida,no aplica · AltScore solo en la ZM Mérida,2.36,2.86,solo INEGI; H si ≥ media INEGI de nuestros PDV Tradicional (06),L,sí,L,sí
BODEGA AURRERA - MINATITLAN,17.99304,-94.57279,NUEVA MINA NORTE,96734,Minatitlán (VER),L,L,sí,Veracruz de Ignacio de la Llave,896d35aa63bffff,186,6.2,11,12.8,15.9,16.5,37.6,2.62,no aplica · AltScore solo en la ZM Mérida,no aplica · AltScore solo en la ZM Mérida,2.62,2.86,solo INEGI; H si ≥ media INEGI de nuestros PDV Tradicional (06),L,sí,L,sí
BODEGA AURRERA - NICOLAS BRAVO,19.32385,-98.87852,LOS HEROES,56530,Ixtapaluca (MEX),L,H,no,México,89499588a0fffff,2276,8.2,13.9,17.7,20,18.1,22.1,3.08,no aplica · AltScore solo en la ZM Mérida,no aplica · AltScore solo en la ZM Mérida,3.08,2.86,solo INEGI; H si ≥ media INEGI de nuestros PDV Tradicional (06),L,sí,H,no
BODEGA AURRERA - NICOLAS ROMERO,19.62762,-99.32225,ZARAGOZA,54457,Nicolás Romero (MEX),L,L,sí,México,894995a0bbbffff,434,6.7,12.2,15.7,17.3,16.4,31.7,2.8,no aplica · AltScore solo en la ZM Mérida,no aplica · AltScore solo en la ZM Mérida,2.8,2.86,solo INEGI; H si ≥ media INEGI de nuestros PDV Tradicional (06),L,sí,L,sí
BODEGA AURRERA - NUEVA KUKULCAN,20.94143,-89.59193,MERIDA,97203,Mérida (YUC),L,L,sí,Yucatán,894509b148bffff,292,9.2,12.7,15.3,16,15.8,31,2.9,32,2.38,2.79,2.88,(1 − 0.25) · INEGI + 0.25 · AltScore; H si ≥ media de nuestros PDV Tradicional (06),L,sí,L,sí
BODEGA AURRERA - OUTLET PUEBLA,19.14501,-98.26447,MISIONES DE SAN RANCISCO,72760,Cuautlancingo (PUE),L,H,no,Puebla,89499436253ffff,873,25.2,28.5,14.8,10.2,7.5,13.7,4.13,no aplica · AltScore solo en la ZM Mérida,no aplica · AltScore solo en la ZM Mérida,4.13,2.86,solo INEGI; H si ≥ media INEGI de nuestros PDV Tradicional (06),H,no,H,no
BODEGA AURRERA - PACHUQUILLA,20.0698,-98.71698,LA PROVIDENCIA,42180,Mineral de la Reforma (HGO),L,H,no,Hidalgo,89499565583ffff,255,11.1,16.1,18.1,17.9,13.9,22.9,3.24,no aplica · AltScore solo en la ZM Mérida,no aplica · AltScore solo en la ZM Mérida,3.24,2.86,solo INEGI; H si ≥ media INEGI de nuestros PDV Tradicional (06),H,no,H,no
BODEGA AURRERA - PIEDRA DE AGUA,20.90672,-89.68829,PIEDRA DE AGUA,97392,Umán (YUC),L,L,sí,Yucatán,894509b242fffff,601,4.6,7.8,10.5,15.2,18.5,43.3,2.35,no aplica · AltScore solo en la ZM Mérida,no aplica · AltScore solo en la ZM Mérida,2.35,2.86,solo INEGI; H si ≥ media INEGI de nuestros PDV Tradicional (06),L,sí,L,sí
BODEGA AURRERA - PLAZA ECATEPEC,19.58205,-99.04046,LAURELES,55090,Ecatepec de Morelos (MEX),L,H,no,México,8949951498bffff,761,11.8,18.9,20.2,19.3,13.8,16,3.48,no aplica · AltScore solo en la ZM Mérida,no aplica · AltScore solo en la ZM Mérida,3.48,2.86,solo INEGI; H si ≥ media INEGI de nuestros PDV Tradicional (06),H,no,H,no
BODEGA AURRERA - PLAZA FLORES,16.22493,-93.2739,ALMACENES,30479,Villaflores (CHIS),L,L,sí,Chiapas,896d236043bffff,526,7.1,9.9,9.3,10.3,10.9,52.5,2.35,no aplica · AltScore solo en la ZM Mérida,no aplica · AltScore solo en la ZM Mérida,2.35,2.86,solo INEGI; H si ≥ media INEGI de nuestros PDV Tradicional (06),L,sí,L,sí
BODEGA AURRERA - PORTAL,19.25294,-98.90602,BARRIO DE SAN SEBASTIAN,56600,Chalco (MEX),L,H,no,México,8949958ae6fffff,786,11.9,18.1,18.5,17.5,14,19.9,3.37,no aplica · AltScore solo en la ZM Mérida,no aplica · AltScore solo en la ZM Mérida,3.37,2.86,solo INEGI; H si ≥ media INEGI de nuestros PDV Tradicional (06),H,no,H,no
BODEGA AURRERA - PROGRESO,21.27705,-89.66014,sin colonia en Nielsen,97320,Progreso (YUC),L,H,no,Yucatán,894509aed53ffff,52,15.5,17.3,18.6,18,15,15.6,3.54,no aplica · AltScore solo en la ZM Mérida,no aplica · AltScore solo en la ZM Mérida,3.54,2.86,solo INEGI; H si ≥ media INEGI de nuestros PDV Tradicional (06),H,no,H,no
BODEGA AURRERA - REAL DE COSTITLAN,19.40971,-98.89687,REAL DE COSTITLAN,56370,Chicoloapan (MEX),L,L,sí,México,89499512eafffff,388,5.3,9.7,13.1,16.3,17.4,38.2,2.54,no aplica · AltScore solo en la ZM Mérida,no aplica · AltScore solo en la ZM Mérida,2.54,2.86,solo INEGI; H si ≥ media INEGI de nuestros PDV Tradicional (06),L,sí,L,sí
BODEGA AURRERA - REAL DEL BOSQUE CHP,16.71052,-93.17834,TIERRA NEGRA,29000,Tuxtla Gutiérrez (CHIS),L,L,sí,Chiapas,896d231a37bffff,8,5.6,8.1,7.4,8.6,10.1,60.3,2.1,no aplica · AltScore solo en la ZM Mérida,no aplica · AltScore solo en la ZM Mérida,2.1,2.86,solo INEGI; H si ≥ media INEGI de nuestros PDV Tradicional (06),L,sí,L,sí
BODEGA AURRERA - REFORMA MIXQUIAHUALA,20.22091,-99.21698,SEXTA DEMARCACION,42700,Mixquiahuala de Juárez (HGO),L,L,sí,Hidalgo,8949825818bffff,85,6.8,11,13.9,15.1,14.4,38.7,2.65,no aplica · AltScore solo en la ZM Mérida,no aplica · AltScore solo en la ZM Mérida,2.65,2.86,solo INEGI; H si ≥ media INEGI de nuestros PDV Tradicional (06),L,sí,L,sí
BODEGA AURRERA - REFORMA SUR,18.45116,-97.39479,sin colonia en Nielsen,75730,Tehuacán (PUE),L,L,sí,Puebla,894994d904fffff,397,6.9,10.5,12.5,14.4,13.8,42,2.57,no aplica · AltScore solo en la ZM Mérida,no aplica · AltScore solo en la ZM Mérida,2.57,2.86,solo INEGI; H si ≥ media INEGI de nuestros PDV Tradicional (06),L,sí,L,sí
BODEGA AURRERA - REFORMA TAB,17.75701,-92.59026,CENTRO,86700,Macuspana (TAB),L,L,sí,Tabasco,896d20b995bffff,571,6.8,10,10.1,12.3,13.7,47.1,2.43,no aplica · AltScore solo en la ZM Mérida,no aplica · AltScore solo en la ZM Mérida,2.43,2.86,solo INEGI; H si ≥ media INEGI de nuestros PDV Tradicional (06),L,sí,L,sí
BODEGA AURRERA - RIO BLANCO,18.8359,-97.14592,LOS PINOS,94732,Río Blanco (VER),L,L,sí,Veracruz de Ignacio de la Llave,8949969654fffff,364,5.8,10.2,12,15.4,16.5,40.2,2.53,no aplica · AltScore solo en la ZM Mérida,no aplica · AltScore solo en la ZM Mérida,2.53,2.86,solo INEGI; H si ≥ media INEGI de nuestros PDV Tradicional (06),L,sí,L,sí
BODEGA AURRERA - SAN ANDRES TUXTLA,18.45414,-95.2117,CAMPECHE,95720,San Andrés Tuxtla (VER),L,L,sí,Veracruz de Ignacio de la Llave,896d35da307ffff,587,6,10,11.3,13.8,14.8,44.1,2.47,no aplica · AltScore solo en la ZM Mérida,no aplica · AltScore solo en la ZM Mérida,2.47,2.86,solo INEGI; H si ≥ media INEGI de nuestros PDV Tradicional (06),L,sí,L,sí
BODEGA AURRERA - SAN BUENAVENTURA,19.30981,-98.86076,SAN BUENAVENTURA,56536,Ixtapaluca (MEX),L,H,no,México,89499589d07ffff,2053,10,16.3,19.1,19.7,16.4,18.5,3.28,no aplica · AltScore solo en la ZM Mérida,no aplica · AltScore solo en la ZM Mérida,3.28,2.86,solo INEGI; H si ≥ media INEGI de nuestros PDV Tradicional (06),H,no,H,no
BODEGA AURRERA - SAN JERONIMO,19.09763,-98.22047,DEL VALLE,72100,Puebla (PUE),L,H,no,Puebla,89499432983ffff,606,13.8,19.2,19,17.2,13.5,17.2,3.51,no aplica · AltScore solo en la ZM Mérida,no aplica · AltScore solo en la ZM Mérida,3.51,2.86,solo INEGI; H si ≥ media INEGI de nuestros PDV Tradicional (06),H,no,H,no
BODEGA AURRERA - SAN JUANICO,19.51666,-99.09954,LA LAGUNA,55190,Tlalnepantla de Baz (MEX),L,L,sí,México,894995b984bffff,719,4.8,8.7,12,15.7,17.5,41.3,2.44,no aplica · AltScore solo en la ZM Mérida,no aplica · AltScore solo en la ZM Mérida,2.44,2.86,solo INEGI; H si ≥ media INEGI de nuestros PDV Tradicional (06),L,sí,L,sí
BODEGA AURRERA - SAN MATEO ATENCO,19.26083,-99.53042,BARRIO DE SANTIAGO,52100,San Mateo Atenco (MEX),L,L,sí,México,894986452d3ffff,677,5.4,9.7,12.3,14.7,15.4,42.5,2.47,no aplica · AltScore solo en la ZM Mérida,no aplica · AltScore solo en la ZM Mérida,2.47,2.86,solo INEGI; H si ≥ media INEGI de nuestros PDV Tradicional (06),L,sí,L,sí
BODEGA AURRERA - SAN PABLO TULTITLAN,19.6806,-99.10575,SAN PABLO DE LAS SALINAS,54930,Tultitlán (MEX),L,H,no,México,894995a99d3ffff,997,8.3,14.1,18,19.8,17.6,22.2,3.09,no aplica · AltScore solo en la ZM Mérida,no aplica · AltScore solo en la ZM Mérida,3.09,2.86,solo INEGI; H si ≥ media INEGI de nuestros PDV Tradicional (06),L,sí,H,no
BODEGA AURRERA - SANTA ANITA,17.04537,-96.7302,SANTA ANITA,68150,Oaxaca de Juárez (OAX),L,sin estimar · falta procesar los insumos INEGI del estado,sin estimar · falta procesar los insumos INEGI del estado,Oaxaca,896d32aa84bffff,sin estimar · falta procesar los insumos INEGI del estado,sin estimar · falta procesar los insumos INEGI del estado,sin estimar · falta procesar los insumos INEGI del estado,sin estimar · falta procesar los insumos INEGI del estado,sin estimar · falta procesar los insumos INEGI del estado,sin estimar · falta procesar los insumos INEGI del estado,sin estimar · falta procesar los insumos INEGI del estado,sin estimar · falta procesar los insumos INEGI del estado,no aplica · AltScore solo en la ZM Mérida,no aplica · AltScore solo en la ZM Mérida,sin estimar · falta procesar los insumos INEGI del estado,sin estimar · falta procesar los insumos INEGI del estado,sin estimar · falta procesar los insumos INEGI del estado,sin estimar · falta procesar los insumos INEGI del estado,sin estimar · falta procesar los insumos INEGI del estado,sin estimar · falta procesar los insumos INEGI del estado,sin estimar · falta procesar los insumos INEGI del estado
BODEGA AURRERA - SANTA CLARA,19.5559,-99.04959,TULPETLAC,55400,Ecatepec de Morelos (MEX),L,L,sí,México,89499514d97ffff,4,6.1,11,14.6,17.2,17.1,34.1,2.7,no aplica · AltScore solo en la ZM Mérida,no aplica · AltScore solo en la ZM Mérida,2.7,2.86,solo INEGI; H si ≥ media INEGI de nuestros PDV Tradicional (06),L,sí,L,sí
BODEGA AURRERA - SANTA INES,19.72108,-99.13842,VISITACION,54880,Melchor Ocampo (MEX),L,L,sí,México,8949953254bffff,330,5.2,10.3,15.4,21.1,19.2,28.9,2.75,no aplica · AltScore solo en la ZM Mérida,no aplica · AltScore solo en la ZM Mérida,2.75,2.86,solo INEGI; H si ≥ media INEGI de nuestros PDV Tradicional (06),L,sí,L,sí
BODEGA AURRERA - SANTIAGO TULANTEPEC,20.06996,-98.365,PLAN DE AYALA,43670,Tulancingo de Bravo (HGO),L,H,no,Hidalgo,89499569277ffff,78,9.1,13.5,15.7,15.2,12.2,34.4,2.89,no aplica · AltScore solo en la ZM Mérida,no aplica · AltScore solo en la ZM Mérida,2.89,2.86,solo INEGI; H si ≥ media INEGI de nuestros PDV Tradicional (06),L,sí,L,sí
BODEGA AURRERA - SOCONUSCO,14.89876,-92.24761,sin colonia en Nielsen,30700,Tapachula (CHIS),L,H,no,Chiapas,896d2a171afffff,295,13.8,16.8,13.2,11.7,10.8,33.8,3.1,no aplica · AltScore solo en la ZM Mérida,no aplica · AltScore solo en la ZM Mérida,3.1,2.86,solo INEGI; H si ≥ media INEGI de nuestros PDV Tradicional (06),L,sí,H,no
BODEGA AURRERA - STA CRUZ,19.3193,-99.66557,SANTIAGO TLAXOMULCO CENTRO,50280,Toluca (MEX),L,L,sí,México,8949864482fffff,102,5.4,9.6,12.5,14.9,16.3,41.4,2.49,no aplica · AltScore solo en la ZM Mérida,no aplica · AltScore solo en la ZM Mérida,2.49,2.86,solo INEGI; H si ≥ media INEGI de nuestros PDV Tradicional (06),L,sí,L,sí
BODEGA AURRERA - TALLER,21.15501,-86.88889,RESERVA NORTE,77538,Benito Juárez (QROO),L,L,sí,Quintana Roo,89450a6a28fffff,750,5.9,10.1,13.8,17.7,18.5,34.2,2.65,no aplica · AltScore solo en la ZM Mérida,no aplica · AltScore solo en la ZM Mérida,2.65,2.86,solo INEGI; H si ≥ media INEGI de nuestros PDV Tradicional (06),L,sí,L,sí
BODEGA AURRERA - TAPACHULA BUENOS AIRES,14.87737,-92.2972,TAPACHULA,30700,Tapachula (CHIS),L,H,no,Chiapas,896d2a1543bffff,186,11.6,15.8,13.1,12.5,12.1,35,2.97,no aplica · AltScore solo en la ZM Mérida,no aplica · AltScore solo en la ZM Mérida,2.97,2.86,solo INEGI; H si ≥ media INEGI de nuestros PDV Tradicional (06),L,sí,L,sí
BODEGA AURRERA - TAPACHULA NTE,14.91854,-92.26697,CENTRO,30700,Tapachula (CHIS),L,L,sí,Chiapas,896d2a17087ffff,216,5.8,8.5,7.9,8.7,10,59.1,2.14,no aplica · AltScore solo en la ZM Mérida,no aplica · AltScore solo en la ZM Mérida,2.14,2.86,solo INEGI; H si ≥ media INEGI de nuestros PDV Tradicional (06),L,sí,L,sí
BODEGA AURRERA - TAXCO LIBRAMIENTO,18.54671,-99.6059,CAPILINTLA,40290,Taxco de Alarcón (GRO),L,L,sí,Guerrero,8949b3a488bffff,136,5.5,9.1,10.7,12.3,13.6,48.8,2.34,no aplica · AltScore solo en la ZM Mérida,no aplica · AltScore solo en la ZM Mérida,2.34,2.86,solo INEGI; H si ≥ media INEGI de nuestros PDV Tradicional (06),L,sí,L,sí
BODEGA AURRERA - TECALCO,19.68079,-98.97637,sin colonia en Nielsen,55741,Tecámac (MEX),L,H,no,México,89499504547ffff,936,8.5,14.4,16.9,17.4,15.5,27.3,3.01,no aplica · AltScore solo en la ZM Mérida,no aplica · AltScore solo en la ZM Mérida,3.01,2.86,solo INEGI; H si ≥ media INEGI de nuestros PDV Tradicional (06),L,sí,L,sí
BODEGA AURRERA - TECAMAC,19.65986,-99.00351,ESMERALDA,55765,Tecámac (MEX),L,L,sí,México,89499506ed7ffff,99,5.2,9.2,12.6,15.1,16.2,41.7,2.47,no aplica · AltScore solo en la ZM Mérida,no aplica · AltScore solo en la ZM Mérida,2.47,2.86,solo INEGI; H si ≥ media INEGI de nuestros PDV Tradicional (06),L,sí,L,sí
BODEGA AURRERA - TEHUACAN PUEBLA,18.46215,-97.40296,ARCADIA,75750,Tehuacán (PUE),L,H,no,Puebla,894994d938bffff,425,11.8,15.1,15.1,14.6,12.3,31.1,3.06,no aplica · AltScore solo en la ZM Mérida,no aplica · AltScore solo en la ZM Mérida,3.06,2.86,solo INEGI; H si ≥ media INEGI de nuestros PDV Tradicional (06),L,sí,H,no
BODEGA AURRERA - TENANCINGO,18.96138,-99.58841,CENTRO,52420,Tenancingo (MEX),L,L,sí,México,894986cd34fffff,402,7,12.1,15.2,17.4,16.2,32,2.8,no aplica · AltScore solo en la ZM Mérida,no aplica · AltScore solo en la ZM Mérida,2.8,2.86,solo INEGI; H si ≥ media INEGI de nuestros PDV Tradicional (06),L,sí,L,sí
BODEGA AURRERA - TEPOJACO,19.65034,-99.26133,LOMAS DE SAN FRANCISCO,54720,Cuautitlán Izcalli (MEX),L,H,no,México,894995ae643ffff,1716,9.8,16.1,18.1,18.3,15.7,22,3.2,no aplica · AltScore solo en la ZM Mérida,no aplica · AltScore solo en la ZM Mérida,3.2,2.86,solo INEGI; H si ≥ media INEGI de nuestros PDV Tradicional (06),H,no,H,no
BODEGA AURRERA - TEPOTZOTLAN,19.71343,-99.21388,BARRIO CAPULA,54605,Tepotzotlán (MEX),L,H,no,México,894995ad51bffff,236,9.8,15.9,17.2,16.9,13.8,26.4,3.12,no aplica · AltScore solo en la ZM Mérida,no aplica · AltScore solo en la ZM Mérida,3.12,2.86,solo INEGI; H si ≥ media INEGI de nuestros PDV Tradicional (06),L,sí,H,no
BODEGA AURRERA - TERRANOVA,19.607,-98.97439,GEOVILLAS DE TERRANOVA,55883,Acolman (MEX),L,H,no,México,89499506693ffff,1514,9.4,15.6,17.8,18.4,16,22.8,3.16,no aplica · AltScore solo en la ZM Mérida,no aplica · AltScore solo en la ZM Mérida,3.16,2.86,solo INEGI; H si ≥ media INEGI de nuestros PDV Tradicional (06),L,sí,H,no
BODEGA AURRERA - TEZUITLAN,19.82697,-97.35912,BARRIO DE AHUATENO,73815,Teziutlán (PUE),L,L,sí,Puebla,894990cd417ffff,382,10,12.9,13.5,13.9,12.3,37.4,2.82,no aplica · AltScore solo en la ZM Mérida,no aplica · AltScore solo en la ZM Mérida,2.82,2.86,solo INEGI; H si ≥ media INEGI de nuestros PDV Tradicional (06),L,sí,L,sí
BODEGA AURRERA - TIANGUISTENCO,19.17667,-99.46997,sin colonia en Nielsen,52600,Tianguistenco (MEX),L,L,sí,México,89498640227ffff,350,7.5,12.3,14.6,15.9,15.2,34.5,2.77,no aplica · AltScore solo en la ZM Mérida,no aplica · AltScore solo en la ZM Mérida,2.77,2.86,solo INEGI; H si ≥ media INEGI de nuestros PDV Tradicional (06),L,sí,L,sí
BODEGA AURRERA - TRANSISTMICA,18.13098,-94.43552,LAS AMERICAS,96480,Coatzacoalcos (VER),L,L,sí,Veracruz de Ignacio de la Llave,896d35b1cdbffff,195,5.8,9.8,11.4,14.4,15.5,43.1,2.47,no aplica · AltScore solo en la ZM Mérida,no aplica · AltScore solo en la ZM Mérida,2.47,2.86,solo INEGI; H si ≥ media INEGI de nuestros PDV Tradicional (06),L,sí,L,sí
BODEGA AURRERA - TULANCINGO,20.0952,-98.36413,NUEVA MORELOS,43610,Tulancingo de Bravo (HGO),L,H,no,Hidalgo,894990a6c2bffff,181,17.1,22.2,21.1,16.6,10.6,12.3,3.82,no aplica · AltScore solo en la ZM Mérida,no aplica · AltScore solo en la ZM Mérida,3.82,2.86,solo INEGI; H si ≥ media INEGI de nuestros PDV Tradicional (06),H,no,H,no
BODEGA AURRERA - TUXTEPEC,18.08937,-96.13265,LOS ANGELES,68300,San Juan Bautista Tuxtepec (OAX),L,sin estimar · falta procesar los insumos INEGI del estado,sin estimar · falta procesar los insumos INEGI del estado,Oaxaca,896d30d21bbffff,sin estimar · falta procesar los insumos INEGI del estado,sin estimar · falta procesar los insumos INEGI del estado,sin estimar · falta procesar los insumos INEGI del estado,sin estimar · falta procesar los insumos INEGI del estado,sin estimar · falta procesar los insumos INEGI del estado,sin estimar · falta procesar los insumos INEGI del estado,sin estimar · falta procesar los insumos INEGI del estado,sin estimar · falta procesar los insumos INEGI del estado,no aplica · AltScore solo en la ZM Mérida,no aplica · AltScore solo en la ZM Mérida,sin estimar · falta procesar los insumos INEGI del estado,sin estimar · falta procesar los insumos INEGI del estado,sin estimar · falta procesar los insumos INEGI del estado,sin estimar · falta procesar los insumos INEGI del estado,sin estimar · falta procesar los insumos INEGI del estado,sin estimar · falta procesar los insumos INEGI del estado,sin estimar · falta procesar los insumos INEGI del estado
BODEGA AURRERA - TUXTLA ORIENTE,16.7474,-93.08759,FRACCIONAMIENTO LA SALLE,29040,Tuxtla Gutiérrez (CHIS),L,H,no,Chiapas,896d2311573ffff,251,25,28.1,17.4,11,7.1,11.5,4.18,no aplica · AltScore solo en la ZM Mérida,no aplica · AltScore solo en la ZM Mérida,4.18,2.86,solo INEGI; H si ≥ media INEGI de nuestros PDV Tradicional (06),H,no,H,no
BODEGA AURRERA - VALLE DE CHALCO,19.30075,-98.95012,MARIA ISABEL,56615,Valle de Chalco Solidaridad (MEX),L,L,sí,México,8949958f62bffff,750,2.7,5.4,8.4,12.4,16.5,54.7,2.01,no aplica · AltScore solo en la ZM Mérida,no aplica · AltScore solo en la ZM Mérida,2.01,2.86,solo INEGI; H si ≥ media INEGI de nuestros PDV Tradicional (06),L,sí,L,sí
BODEGA AURRERA - VERACRUZ NORTE,19.20381,-96.16058,LOS PINOS,91870,Veracruz (VER),L,H,no,Veracruz de Ignacio de la Llave,8949965a68bffff,719,8.3,13.4,14.3,17,16.4,30.6,2.88,no aplica · AltScore solo en la ZM Mérida,no aplica · AltScore solo en la ZM Mérida,2.88,2.86,solo INEGI; H si ≥ media INEGI de nuestros PDV Tradicional (06),L,sí,L,sí
BODEGA AURRERA - VIA MORELOS,19.59761,-99.03587,ALCAHUACAN JAJALPA,55090,Ecatepec de Morelos (MEX),L,H,no,México,89499514967ffff,556,7.3,13,16.3,18.2,16.5,28.7,2.9,no aplica · AltScore solo en la ZM Mérida,no aplica · AltScore solo en la ZM Mérida,2.9,2.86,solo INEGI; H si ≥ media INEGI de nuestros PDV Tradicional (06),L,sí,L,sí
BODEGA AURRERA - VIENTO NUEVO,19.61221,-99.00711,CIENTO NUEVO,55066,Ecatepec de Morelos (MEX),L,H,no,México,894995065d3ffff,1139,8.8,14.9,17.3,17.7,15.9,25.4,3.07,no aplica · AltScore solo en la ZM Mérida,no aplica · AltScore solo en la ZM Mérida,3.07,2.86,solo INEGI; H si ≥ media INEGI de nuestros PDV Tradicional (06),L,sí,H,no
BODEGA AURRERA - VILLAS DE AYOTLA,19.31048,-98.92382,sin colonia en Nielsen,56530,Ixtapaluca (MEX),L,L,sí,México,89499588d77ffff,801,4,7.6,11.2,15.1,17.7,44.4,2.32,no aplica · AltScore solo en la ZM Mérida,no aplica · AltScore solo en la ZM Mérida,2.32,2.86,solo INEGI; H si ≥ media INEGI de nuestros PDV Tradicional (06),L,sí,L,sí
BODEGA AURRERA - VILLAS DEL SOL,20.635591,-87.061081,LUIS DONALDO COLOSIO,77720,Solidaridad (QROO),L,L,sí,Quintana Roo,89450accd67ffff,20,4.7,8.1,9.8,15.3,14.2,47.9,2.3,no aplica · AltScore solo en la ZM Mérida,no aplica · AltScore solo en la ZM Mérida,2.3,2.86,solo INEGI; H si ≥ media INEGI de nuestros PDV Tradicional (06),L,sí,L,sí
BODEGA AURRERA - VINEDOS PACHUCA,19.9788,-98.783919,Jaguey de Tellez,43840,Zempoala (HGO),L,L,sí,Hidalgo,89499574a57ffff,288,4.8,9.2,13.6,16.3,17.3,38.8,2.51,no aplica · AltScore solo en la ZM Mérida,no aplica · AltScore solo en la ZM Mérida,2.51,2.86,solo INEGI; H si ≥ media INEGI de nuestros PDV Tradicional (06),L,sí,L,sí
BODEGA AURRERA - XONACATLAN,19.40511,-99.52416,CENTRO,52060,Xonacatlán (MEX),L,L,sí,México,89498679687ffff,750,5.7,10.4,13.6,16.1,16.4,37.9,2.59,no aplica · AltScore solo en la ZM Mérida,no aplica · AltScore solo en la ZM Mérida,2.59,2.86,solo INEGI; H si ≥ media INEGI de nuestros PDV Tradicional (06),L,sí,L,sí
BODEGA AURRERA - YAUTEPEC,18.87456,-99.07531,sin colonia en Nielsen,62738,Yautepec (MOR),L,L,sí,Morelos,8949b328027ffff,462,9.3,12.3,13.4,14.3,13.7,37,2.78,no aplica · AltScore solo en la ZM Mérida,no aplica · AltScore solo en la ZM Mérida,2.78,2.86,solo INEGI; H si ≥ media INEGI de nuestros PDV Tradicional (06),L,sí,L,sí
BODEGA AURRERA - ZARAGOZA HUAMANTLA,19.31632,-97.93617,Ignacio Zaragoza,90505,Huamantla (TLAX),L,L,sí,Tlaxcala,894994286afffff,329,6.3,9.2,11.3,13.8,15.6,43.9,2.45,no aplica · AltScore solo en la ZM Mérida,no aplica · AltScore solo en la ZM Mérida,2.45,2.86,solo INEGI; H si ≥ media INEGI de nuestros PDV Tradicional (06),L,sí,L,sí
BODEGA AURRERA - ZINACANTEPEC,19.29174,-99.73497,BARRIO DE SAN MIGUEL,51354,Zinacantepec (MEX),L,H,no,México,89498673097ffff,247,10.5,16.3,17.9,16.9,14,24.5,3.19,no aplica · AltScore solo en la ZM Mérida,no aplica · AltScore solo en la ZM Mérida,3.19,2.86,solo INEGI; H si ≥ media INEGI de nuestros PDV Tradicional (06),H,no,H,no
BODEGA AURRERA - ZUMPANGO,19.80496,-99.1072,BARRIO DE SANTIAGO,55600,Zumpango (MEX),L,L,sí,México,894995303b3ffff,287,7.1,12.3,15.2,16.8,15.8,32.8,2.8,no aplica · AltScore solo en la ZM Mérida,no aplica · AltScore solo en la ZM Mérida,2.8,2.86,solo INEGI; H si ≥ media INEGI de nuestros PDV Tradicional (06),L,sí,L,sí
CHEDRAUI CAMPECHE VILLA TURQUESA,19.8488,-90.49554,BARRIO SANTA LUCIA,24020,Campeche (CAMP),L,L,sí,Campeche,8945760c817ffff,507,8,11,12.7,14.7,15.4,38.2,2.67,no aplica · AltScore solo en la ZM Mérida,no aplica · AltScore solo en la ZM Mérida,2.67,2.86,solo INEGI; H si ≥ media INEGI de nuestros PDV Tradicional (06),L,sí,L,sí
CHEDRAUI CHETUMAL MULTIPLAZA,18.53755,-88.29751,EL ENCANTO,77086,Othón P. Blanco (QROO),L,H,no,Quintana Roo,894501b409bffff,717,9.8,16,17.8,16.5,14.9,25,3.14,no aplica · AltScore solo en la ZM Mérida,no aplica · AltScore solo en la ZM Mérida,3.14,2.86,solo INEGI; H si ≥ media INEGI de nuestros PDV Tradicional (06),L,sí,H,no
CHEDRAUI COMITAN,16.24235,-92.13694,LA PILETA,30029,Comitán de Domínguez (CHIS),L,L,sí,Chiapas,896d2e8840bffff,248,11.3,13.8,10.9,9.9,9.1,45,2.73,no aplica · AltScore solo en la ZM Mérida,no aplica · AltScore solo en la ZM Mérida,2.73,2.86,solo INEGI; H si ≥ media INEGI de nuestros PDV Tradicional (06),L,sí,L,sí
CHEDRAUI CORDOBA CENTRO,18.894,-96.9291,CENTRO,94500,Córdoba (VER),L,L,sí,Veracruz de Ignacio de la Llave,894996835c3ffff,1308,3.6,6.6,8.5,12.1,15.1,54.1,2.09,no aplica · AltScore solo en la ZM Mérida,no aplica · AltScore solo en la ZM Mérida,2.09,2.86,solo INEGI; H si ≥ media INEGI de nuestros PDV Tradicional (06),L,sí,L,sí
CHEDRAUI CUAUTLA MORELOS,18.815134,-98.949605,CENTRO,62740,Cuautla (MOR),L,L,sí,Morelos,8949b374e2fffff,409,7.6,11.3,13.5,16.2,16.5,35,2.72,no aplica · AltScore solo en la ZM Mérida,no aplica · AltScore solo en la ZM Mérida,2.72,2.86,solo INEGI; H si ≥ media INEGI de nuestros PDV Tradicional (06),L,sí,L,sí
CHEDRAUI CUNDUACAN TABASCO 12-23,18.069322,-93.173691,CENTRO,86690,Cunduacán (TAB),L,L,sí,Tabasco,896d20c16afffff,241,8.4,12.8,13.1,14.2,13.9,37.7,2.74,no aplica · AltScore solo en la ZM Mérida,no aplica · AltScore solo en la ZM Mérida,2.74,2.86,solo INEGI; H si ≥ media INEGI de nuestros PDV Tradicional (06),L,sí,L,sí
CHEDRAUI MACUSPANA CENTRO,17.76255,-92.58829,CENTRO,86706,Macuspana (TAB),L,L,sí,Tabasco,896d20b9837ffff,744,6.4,9.6,9.8,11.5,12.9,49.7,2.36,no aplica · AltScore solo en la ZM Mérida,no aplica · AltScore solo en la ZM Mérida,2.36,2.86,solo INEGI; H si ≥ media INEGI de nuestros PDV Tradicional (06),L,sí,L,sí
CHEDRAUI MEX TECAMAC,19.68945,-98.98943,CENTRO,55740,Tecámac (MEX),L,L,sí,México,89499506a5bffff,703,6.1,11.1,15,18,18.2,31.6,2.74,no aplica · AltScore solo en la ZM Mérida,no aplica · AltScore solo en la ZM Mérida,2.74,2.86,solo INEGI; H si ≥ media INEGI de nuestros PDV Tradicional (06),L,sí,L,sí
CHEDRAUI POZA RICA PALMAS,20.54819,-97.45105,LAZARO CARDENAS,93300,Poza Rica de Hidalgo (VER),L,H,no,Veracruz de Ignacio de la Llave,8949906f53bffff,433,10.2,16.4,16.5,17.5,14.9,24.5,3.16,no aplica · AltScore solo en la ZM Mérida,no aplica · AltScore solo en la ZM Mérida,3.16,2.86,solo INEGI; H si ≥ media INEGI de nuestros PDV Tradicional (06),L,sí,H,no
CHEDRAUI SAN MARTIN TEXMELUCAN,19.28944,-98.42321,SAN DAMIAN,74000,San Martín Texmelucan (PUE),L,L,sí,Puebla,894995c8573ffff,464,7.4,10.7,12.3,13.9,14.1,41.7,2.58,no aplica · AltScore solo en la ZM Mérida,no aplica · AltScore solo en la ZM Mérida,2.58,2.86,solo INEGI; H si ≥ media INEGI de nuestros PDV Tradicional (06),L,sí,L,sí
CHEDRAUI SANTA ANA CHIAUTEMPAN,19.31621,-98.20038,CENTRO,90802,Chiautempan (TLAX),L,H,no,Tlaxcala,8949942706bffff,312,10.4,13.5,14.4,15,14.1,32.6,2.93,no aplica · AltScore solo en la ZM Mérida,no aplica · AltScore solo en la ZM Mérida,2.93,2.86,solo INEGI; H si ≥ media INEGI de nuestros PDV Tradicional (06),L,sí,L,sí
CHEDRAUI TEHUACAN CENTRO,18.46408,-97.38648,CENTRO,75700,Tehuacán (PUE),L,L,sí,Puebla,894994d922bffff,925,7,10.2,11.8,13.3,13,44.7,2.51,no aplica · AltScore solo en la ZM Mérida,no aplica · AltScore solo en la ZM Mérida,2.51,2.86,solo INEGI; H si ≥ media INEGI de nuestros PDV Tradicional (06),L,sí,L,sí
CHEDRAUI TLAXCALA APIZACO,19.41243,-98.13355,LA CIENEGA,90347,Apizaco (TLAX),L,H,no,Tlaxcala,8949942ee3bffff,220,10.6,13.6,14.9,16.2,15.4,29.3,3,no aplica · AltScore solo en la ZM Mérida,no aplica · AltScore solo en la ZM Mérida,3,2.86,solo INEGI; H si ≥ media INEGI de nuestros PDV Tradicional (06),L,sí,L,sí
CHEDRAUI TUXTEPEC LOS ANGELES,18.09173,-96.1306,FRACC LOS ANGELES,68300,San Juan Bautista Tuxtepec (OAX),L,sin estimar · falta procesar los insumos INEGI del estado,sin estimar · falta procesar los insumos INEGI del estado,Oaxaca,896d30d21b3ffff,sin estimar · falta procesar los insumos INEGI del estado,sin estimar · falta procesar los insumos INEGI del estado,sin estimar · falta procesar los insumos INEGI del estado,sin estimar · falta procesar los insumos INEGI del estado,sin estimar · falta procesar los insumos INEGI del estado,sin estimar · falta procesar los insumos INEGI del estado,sin estimar · falta procesar los insumos INEGI del estado,sin estimar · falta procesar los insumos INEGI del estado,no aplica · AltScore solo en la ZM Mérida,no aplica · AltScore solo en la ZM Mérida,sin estimar · falta procesar los insumos INEGI del estado,sin estimar · falta procesar los insumos INEGI del estado,sin estimar · falta procesar los insumos INEGI del estado,sin estimar · falta procesar los insumos INEGI del estado,sin estimar · falta procesar los insumos INEGI del estado,sin estimar · falta procesar los insumos INEGI del estado,sin estimar · falta procesar los insumos INEGI del estado
CHEDRAUI VERACRUZ  PONTI,19.20902,-96.22338,COL  PONTI,91725,Veracruz (VER),L,L,sí,Veracruz de Ignacio de la Llave,89499651603ffff,544,3.2,6.1,8.4,12.1,15.9,54.4,2.06,no aplica · AltScore solo en la ZM Mérida,no aplica · AltScore solo en la ZM Mérida,2.06,2.86,solo INEGI; H si ≥ media INEGI de nuestros PDV Tradicional (06),L,sí,L,sí
CHEDRAUIÃ¿Â MERIDA CAUCEL NORTE 11-23,20.999109,-89.708813,Caucel,97314,Mérida (YUC),L,L,sí,Yucatán,894509b2b23ffff,507,7.8,13.8,14,17.8,15.4,31.1,2.88,23,2.29,2.75,2.88,(1 − 0.25) · INEGI + 0.25 · AltScore; H si ≥ media de nuestros PDV Tradicional (06),L,sí,L,sí
LA COMER BOSQUE REAL,19.422302,-99.297064,BOSQUE REAL,52774,Huixquilucan (MEX),L,H,no,México,894995b0363ffff,41,21.7,27.9,22.6,15.1,6.6,6,4.25,no aplica · AltScore solo en la ZM Mérida,no aplica · AltScore solo en la ZM Mérida,4.25,2.86,solo INEGI; H si ≥ media INEGI de nuestros PDV Tradicional (06),H,no,H,no
MB TOLIMAN,20.906466,-99.93198,GRANJENO,76600,Tolimán (QRO),L,L,sí,Querétaro,89499c90ddbffff,137,4.2,7.9,10.7,13.4,16.1,47.8,2.27,no aplica · AltScore solo en la ZM Mérida,no aplica · AltScore solo en la ZM Mérida,2.27,2.86,solo INEGI; H si ≥ media INEGI de nuestros PDV Tradicional (06),L,sí,L,sí
MI BODEGA - 16 D SEPTIEMBRE,18.844302,-99.679586,BARRIO DE SAN GASPAR,51900,Ixtapan de la Sal (MEX),L,L,sí,México,894986ce693ffff,483,6.6,11.6,14.4,16.5,15.8,35.1,2.71,no aplica · AltScore solo en la ZM Mérida,no aplica · AltScore solo en la ZM Mérida,2.71,2.86,solo INEGI; H si ≥ media INEGI de nuestros PDV Tradicional (06),L,sí,L,sí
MI BODEGA - 5 DE MAYO,19.008836,-98.322187,CENTRO CHIPILO,73005,San Gregorio Atzompa (PUE),L,H,no,Puebla,894994ae32fffff,86,24.1,23.6,12.9,9.4,10.3,19.8,3.82,no aplica · AltScore solo en la ZM Mérida,no aplica · AltScore solo en la ZM Mérida,3.82,2.86,solo INEGI; H si ≥ media INEGI de nuestros PDV Tradicional (06),H,no,H,no
MI BODEGA - ACALA,16.553163,-92.811411,CENTRO,29370,Acala (CHIS),L,L,sí,Chiapas,896d23a829bffff,181,2.5,4.4,5.3,6.9,9.3,71.7,1.69,no aplica · AltScore solo en la ZM Mérida,no aplica · AltScore solo en la ZM Mérida,1.69,2.86,solo INEGI; H si ≥ media INEGI de nuestros PDV Tradicional (06),L,sí,L,sí
MI BODEGA - ACAMBAY,19.950638,-99.845395,sin colonia en Nielsen,50300,Acambay de Ruíz Castañeda (MEX),L,H,no,México,89498288007ffff,237,8.4,13.6,15.3,16,15.2,31.6,2.89,no aplica · AltScore solo en la ZM Mérida,no aplica · AltScore solo en la ZM Mérida,2.89,2.86,solo INEGI; H si ≥ media INEGI de nuestros PDV Tradicional (06),L,sí,L,sí
MI BODEGA - ACATZINGO,18.979888,-97.790052,BARRIO SAN JOSE,75150,Acatzingo (PUE),L,L,sí,Puebla,8949940a937ffff,431,7,9.9,11.4,12.9,14,44.7,2.49,no aplica · AltScore solo en la ZM Mérida,no aplica · AltScore solo en la ZM Mérida,2.49,2.86,solo INEGI; H si ≥ media INEGI de nuestros PDV Tradicional (06),L,sí,L,sí
MI BODEGA - ACTOPAN,20.268651,-98.949884,EL CERRITO,42505,Actopan (HGO),L,H,no,Hidalgo,89499195617ffff,344,8.9,13.7,16.1,15.8,12.8,32.7,2.92,no aplica · AltScore solo en la ZM Mérida,no aplica · AltScore solo en la ZM Mérida,2.92,2.86,solo INEGI; H si ≥ media INEGI de nuestros PDV Tradicional (06),L,sí,L,sí
MI BODEGA - AGUA DULCE,18.135174,-94.152758,CUATRO CAMINOS,96660,Agua Dulce (VER),L,H,no,Veracruz de Ignacio de la Llave,896d267b377ffff,315,8.5,14.3,14.9,16,14.6,31.8,2.91,no aplica · AltScore solo en la ZM Mérida,no aplica · AltScore solo en la ZM Mérida,2.91,2.86,solo INEGI; H si ≥ media INEGI de nuestros PDV Tradicional (06),L,sí,L,sí
MI BODEGA - AJALPA,18.377882,-97.265922,BARRIO COCULCO,75910,Ajalpan (PUE),L,L,sí,Puebla,896d3652c8bffff,340,2.9,5.2,8,10.5,12.4,61,1.93,no aplica · AltScore solo en la ZM Mérida,no aplica · AltScore solo en la ZM Mérida,1.93,2.86,solo INEGI; H si ≥ media INEGI de nuestros PDV Tradicional (06),L,sí,L,sí
MI BODEGA - ALTOTONGA,19.760663,-97.243856,CENTRO,93700,Altotonga (VER),L,L,sí,Veracruz de Ignacio de la Llave,894990c9187ffff,685,4.5,7.3,8.3,10.2,11.4,58.4,2.08,no aplica · AltScore solo en la ZM Mérida,no aplica · AltScore solo en la ZM Mérida,2.08,2.86,solo INEGI; H si ≥ media INEGI de nuestros PDV Tradicional (06),L,sí,L,sí
MI BODEGA - AMECAMECA MX,19.129501,-98.769267,CENTRO,56900,Amecameca (MEX),L,L,sí,México,894995d616bffff,520,6.3,11.3,14.9,17.9,17.8,31.8,2.75,no aplica · AltScore solo en la ZM Mérida,no aplica · AltScore solo en la ZM Mérida,2.75,2.86,solo INEGI; H si ≥ media INEGI de nuestros PDV Tradicional (06),L,sí,L,sí
MI BODEGA - AMOZOC,19.043954,-98.054205,BARRIO DE SANTIAGO,72980,Amozoc (PUE),L,L,sí,Puebla,89499404d07ffff,216,6.5,9.4,10.8,13,15,45.4,2.43,no aplica · AltScore solo en la ZM Mérida,no aplica · AltScore solo en la ZM Mérida,2.43,2.86,solo INEGI; H si ≥ media INEGI de nuestros PDV Tradicional (06),L,sí,L,sí
MI BODEGA - ANDRES CUEXCONTITLAN,19.349908,-99.629541,SAN ANDRES CUEXCONTITLAN,50200,Toluca (MEX),L,L,sí,México,8949867a46bffff,318,2.1,4.5,7.3,10.9,15.5,59.8,1.87,no aplica · AltScore solo en la ZM Mérida,no aplica · AltScore solo en la ZM Mérida,1.87,2.86,solo INEGI; H si ≥ media INEGI de nuestros PDV Tradicional (06),L,sí,L,sí
MI BODEGA - APAN ALDAMA,19.705851,-98.456125,NINOS HEROES,43907,Apan (HGO),L,H,no,Hidalgo,8949954559bffff,396,10.2,14.7,17.1,17.4,14.2,26.4,3.1,no aplica · AltScore solo en la ZM Mérida,no aplica · AltScore solo en la ZM Mérida,3.1,2.86,solo INEGI; H si ≥ media INEGI de nuestros PDV Tradicional (06),L,sí,H,no
MI BODEGA - APAXCO CENTRO,19.981451,-99.176519,CENTRO,55660,Apaxco (MEX),L,L,sí,México,8949952747bffff,350,4.3,8.5,12.3,15.6,17.6,41.7,2.41,no aplica · AltScore solo en la ZM Mérida,no aplica · AltScore solo en la ZM Mérida,2.41,2.86,solo INEGI; H si ≥ media INEGI de nuestros PDV Tradicional (06),L,sí,L,sí
MI BODEGA - ARCOS TLACHICHUCA,19.116492,-97.423697,BARRIO TERCERO,75050,Tlachichuca (PUE),L,L,sí,Puebla,8949944cc87ffff,197,5,7.5,9.3,11.5,14,52.6,2.2,no aplica · AltScore solo en la ZM Mérida,no aplica · AltScore solo en la ZM Mérida,2.2,2.86,solo INEGI; H si ≥ media INEGI de nuestros PDV Tradicional (06),L,sí,L,sí
MI BODEGA - ATITALAQUIA,20.062049,-99.220682,ATITALAQUIA,42070,Atitalaquia (HGO),L,H,no,Hidalgo,89499524397ffff,144,12.6,17.1,18,16.3,12.6,23.3,3.31,no aplica · AltScore solo en la ZM Mérida,no aplica · AltScore solo en la ZM Mérida,3.31,2.86,solo INEGI; H si ≥ media INEGI de nuestros PDV Tradicional (06),H,no,H,no
MI BODEGA - ATOTONILCO SUR,20.283837,-98.662987,CENTRO,43300,Atotonilco el Grande (HGO),L,L,sí,Hidalgo,89499199377ffff,218,9,12.7,14.6,14.4,13.2,36.2,2.81,no aplica · AltScore solo en la ZM Mérida,no aplica · AltScore solo en la ZM Mérida,2.81,2.86,solo INEGI; H si ≥ media INEGI de nuestros PDV Tradicional (06),L,sí,L,sí
MI BODEGA - AURORA,19.672378,-99.234401,SAN JOSE HUILANGO,54710,Cuautitlán Izcalli (MEX),L,H,no,México,894995af1dbffff,893,8.1,13.6,15.8,16.7,15.3,30.5,2.91,no aplica · AltScore solo en la ZM Mérida,no aplica · AltScore solo en la ZM Mérida,2.91,2.86,solo INEGI; H si ≥ media INEGI de nuestros PDV Tradicional (06),L,sí,L,sí
MI BODEGA - AXOCHIAPAN,18.50443,-98.760153,INDUSTRIAL,62950,Axochiapan (MOR),L,L,sí,Morelos,8949b30954fffff,252,3.1,5.6,8.3,11.8,14.7,56.6,2.01,no aplica · AltScore solo en la ZM Mérida,no aplica · AltScore solo en la ZM Mérida,2.01,2.86,solo INEGI; H si ≥ media INEGI de nuestros PDV Tradicional (06),L,sí,L,sí
MI BODEGA - AYUTLA,16.960992,-99.099774,SAN JOSE,39200,Ayutla de los Libres (GRO),L,L,sí,Guerrero,8949b08946fffff,327,4.8,7.9,8.7,9.8,11.2,57.6,2.13,no aplica · AltScore solo en la ZM Mérida,no aplica · AltScore solo en la ZM Mérida,2.13,2.86,solo INEGI; H si ≥ media INEGI de nuestros PDV Tradicional (06),L,sí,L,sí
MI BODEGA - BALANCAN,17.798278,-91.534788,EL CENTRO,86935,Balancán (TAB),L,L,sí,Tabasco,896d25223b3ffff,273,5.1,8.1,8.7,10.5,12.3,55.3,2.17,no aplica · AltScore solo en la ZM Mérida,no aplica · AltScore solo en la ZM Mérida,2.17,2.86,solo INEGI; H si ≥ media INEGI de nuestros PDV Tradicional (06),L,sí,L,sí
MI BODEGA - BANDERILLA,19.583605,-96.93556,CENTRO,91300,Banderilla (VER),L,L,sí,Veracruz de Ignacio de la Llave,89499631373ffff,823,6.3,10.1,11.2,13.5,14.4,44.5,2.47,no aplica · AltScore solo en la ZM Mérida,no aplica · AltScore solo en la ZM Mérida,2.47,2.86,solo INEGI; H si ≥ media INEGI de nuestros PDV Tradicional (06),L,sí,L,sí
MI BODEGA - BENITO JUAREZ,17.844406,-92.528534,LA ESCALERA DE LA VILLA BENITO JUAREZ,86726,Macuspana (TAB),L,L,sí,Tabasco,896d20bae53ffff,197,0.8,1.8,3,5.2,9.4,79.9,1.4,no aplica · AltScore solo en la ZM Mérida,no aplica · AltScore solo en la ZM Mérida,1.4,2.86,solo INEGI; H si ≥ media INEGI de nuestros PDV Tradicional (06),L,sí,L,sí
MI BODEGA - BERRIOZABAL SUR,16.796254,-93.270065,CENTRO,29130,Berriozábal (CHIS),L,L,sí,Chiapas,896d23ce8dbffff,388,7.1,10.5,10.3,11.3,11.9,49,2.43,no aplica · AltScore solo en la ZM Mérida,no aplica · AltScore solo en la ZM Mérida,2.43,2.86,solo INEGI; H si ≥ media INEGI de nuestros PDV Tradicional (06),L,sí,L,sí
MI BODEGA - BOCHIL RIO,16.996227,-92.888408,BARRIO CENTRO,29770,Bochil (CHIS),L,L,sí,Chiapas,896d23833a3ffff,541,4.5,6.4,6.4,7.3,8.8,66.6,1.91,no aplica · AltScore solo en la ZM Mérida,no aplica · AltScore solo en la ZM Mérida,1.91,2.86,solo INEGI; H si ≥ media INEGI de nuestros PDV Tradicional (06),L,sí,L,sí
MI BODEGA - BOULEVARD JUAREZ,21.190119,-97.736872,DEPORTIVA,92514,Cerro Azul (VER),L,L,sí,Veracruz de Ignacio de la Llave,89499314837ffff,214,7,11.5,12.1,13.5,13.6,42.3,2.58,no aplica · AltScore solo en la ZM Mérida,no aplica · AltScore solo en la ZM Mérida,2.58,2.86,solo INEGI; H si ≥ media INEGI de nuestros PDV Tradicional (06),L,sí,L,sí
MI BODEGA - CACAHOATAN,14.998029,-92.164003,BARRIO GUADALUPE,30890,Cacahoatán (CHIS),L,L,sí,Chiapas,896d2a8eb4fffff,369,3.1,4.9,5.8,7.6,10.7,67.8,1.79,no aplica · AltScore solo en la ZM Mérida,no aplica · AltScore solo en la ZM Mérida,1.79,2.86,solo INEGI; H si ≥ media INEGI de nuestros PDV Tradicional (06),L,sí,L,sí
MI BODEGA - CADEREYTA DE MONTES,20.698877,-99.819237,CENTRO,76500,Cadereyta de Montes (QRO),L,H,no,Querétaro,894982296abffff,396,9.2,14.3,15.2,15.3,13.9,32.1,2.93,no aplica · AltScore solo en la ZM Mérida,no aplica · AltScore solo en la ZM Mérida,2.93,2.86,solo INEGI; H si ≥ media INEGI de nuestros PDV Tradicional (06),L,sí,L,sí
MI BODEGA - CALKIN,20.361913,-90.051592,SAN LUISITO,24900,Calkiní (CAMP),L,L,sí,Campeche,894572c0443ffff,177,6.5,9.3,11,13.4,15.6,44.1,2.45,no aplica · AltScore solo en la ZM Mérida,no aplica · AltScore solo en la ZM Mérida,2.45,2.86,solo INEGI; H si ≥ media INEGI de nuestros PDV Tradicional (06),L,sí,L,sí
MI BODEGA - CALLE 50,20.924808,-89.620864,CINCO COLONIAS,97280,Mérida (YUC),L,L,sí,Yucatán,894509b3023ffff,676,8.3,11,13.7,14.9,15.9,36.2,2.72,50,3.2,2.86,2.88,(1 − 0.25) · INEGI + 0.25 · AltScore; H si ≥ media de nuestros PDV Tradicional (06),L,sí,L,sí
MI BODEGA - CALLE OCHENTA Y SEIS,20.916022,-89.645169,Emiliano Zapata Sur II,97297,Mérida (YUC),L,L,sí,Yucatán,894509b3533ffff,400,2.5,4.8,7.3,11.1,14.9,59.3,1.91,18,2.56,2.1,2.88,(1 − 0.25) · INEGI + 0.25 · AltScore; H si ≥ media de nuestros PDV Tradicional (06),L,sí,L,sí
MI BODEGA - CALPAN,19.103779,-98.452803,PRIMERA SECC,74180,Calpan (PUE),L,L,sí,Puebla,894995da377ffff,182,3.3,5.9,8.6,10.6,11.9,59.7,1.99,no aplica · AltScore solo en la ZM Mérida,no aplica · AltScore solo en la ZM Mérida,1.99,2.86,solo INEGI; H si ≥ media INEGI de nuestros PDV Tradicional (06),L,sí,L,sí
MI BODEGA - CALPULALPAN,19.584443,-98.566798,BARRIO EL CALVARIO,90205,Calpulalpan (TLAX),L,L,sí,Tlaxcala,89499554cabffff,856,6.3,8.8,11,13.3,15.2,45.5,2.41,no aplica · AltScore solo en la ZM Mérida,no aplica · AltScore solo en la ZM Mérida,2.41,2.86,solo INEGI; H si ≥ media INEGI de nuestros PDV Tradicional (06),L,sí,L,sí
MI BODEGA - CAMINO A RECURSOS HIDR,19.623482,-99.047969,SAN CRISTOBAL,55024,Ecatepec de Morelos (MEX),L,L,sí,México,894995a90cfffff,812,6,10.8,13.8,16,17,36.4,2.64,no aplica · AltScore solo en la ZM Mérida,no aplica · AltScore solo en la ZM Mérida,2.64,2.86,solo INEGI; H si ≥ media INEGI de nuestros PDV Tradicional (06),L,sí,L,sí
MI BODEGA - CAPULTITLAN,19.246007,-99.663345,CAPULTITLAN,50121,Toluca (MEX),L,L,sí,México,89498646e6bffff,683,7.1,11.9,14.5,16.2,16.1,34.2,2.75,no aplica · AltScore solo en la ZM Mérida,no aplica · AltScore solo en la ZM Mérida,2.75,2.86,solo INEGI; H si ≥ media INEGI de nuestros PDV Tradicional (06),L,sí,L,sí
MI BODEGA - CATEMACO,18.42594,-95.119069,PICTEPEC,95870,Catemaco (VER),L,L,sí,Veracruz de Ignacio de la Llave,896d35d187bffff,210,2.7,5.3,7.3,10.5,13.5,60.7,1.91,no aplica · AltScore solo en la ZM Mérida,no aplica · AltScore solo en la ZM Mérida,1.91,2.86,solo INEGI; H si ≥ media INEGI de nuestros PDV Tradicional (06),L,sí,L,sí
MI BODEGA - CD HIDALGO,14.680042,-92.151534,CIUDAD HIDALGO,30842,Suchiate (CHIS),L,L,sí,Chiapas,896d2a33593ffff,373,5.9,9.3,10,12.4,13.7,48.8,2.35,no aplica · AltScore solo en la ZM Mérida,no aplica · AltScore solo en la ZM Mérida,2.35,2.86,solo INEGI; H si ≥ media INEGI de nuestros PDV Tradicional (06),L,sí,L,sí
MI BODEGA - CD SAHAGUN MX,19.778685,-98.57044,MIGUEL HIDALGO,43999,Tepeapulco (HGO),L,H,no,Hidalgo,89499573247ffff,536,9.3,13.7,16.2,15.9,12.9,31.9,2.95,no aplica · AltScore solo en la ZM Mérida,no aplica · AltScore solo en la ZM Mérida,2.95,2.86,solo INEGI; H si ≥ media INEGI de nuestros PDV Tradicional (06),L,sí,L,sí
MI BODEGA - CD SERDAN,18.990682,-97.448746,CENTRO,75520,Chalchicomula de Sesma (PUE),L,L,sí,Puebla,894994409c3ffff,434,7.1,10,11.4,13.1,14.5,44,2.5,no aplica · AltScore solo en la ZM Mérida,no aplica · AltScore solo en la ZM Mérida,2.5,2.86,solo INEGI; H si ≥ media INEGI de nuestros PDV Tradicional (06),L,sí,L,sí
MI BODEGA - CENTRAL SUR,16.232329,-93.902574,CENTRO,30450,Arriaga (CHIS),L,L,sí,Chiapas,896d0416da3ffff,411,7.5,11,10.6,11.3,12.2,47.5,2.48,no aplica · AltScore solo en la ZM Mérida,no aplica · AltScore solo en la ZM Mérida,2.48,2.86,solo INEGI; H si ≥ media INEGI de nuestros PDV Tradicional (06),L,sí,L,sí
MI BODEGA - CHILAPA DE ALVAREZ,17.601772,-99.175054,AMPLIACION VALLE DORADO,41100,Chilapa de Álvarez (GRO),L,L,sí,Guerrero,8949b076dbbffff,271,4.9,7.7,8.6,9.3,10.2,59.4,2.1,no aplica · AltScore solo en la ZM Mérida,no aplica · AltScore solo en la ZM Mérida,2.1,2.86,solo INEGI; H si ≥ media INEGI de nuestros PDV Tradicional (06),L,sí,L,sí
MI BODEGA - CHOLULA,19.069055,-98.315649,BARRIO DE SAN UAN CALVARIO,72764,San Pedro Cholula (PUE),L,H,no,Puebla,894994acea3ffff,566,12.6,15.7,14.7,14.1,12.2,30.6,3.1,no aplica · AltScore solo en la ZM Mérida,no aplica · AltScore solo en la ZM Mérida,3.1,2.86,solo INEGI; H si ≥ media INEGI de nuestros PDV Tradicional (06),L,sí,H,no
MI BODEGA - CINTALAPA,16.696302,-93.719358,CENTRO,30400,Cintalapa (CHIS),L,L,sí,Chiapas,896d222c953ffff,474,6.5,9.9,10.2,11.2,12.5,49.7,2.38,no aplica · AltScore solo en la ZM Mérida,no aplica · AltScore solo en la ZM Mérida,2.38,2.86,solo INEGI; H si ≥ media INEGI de nuestros PDV Tradicional (06),L,sí,L,sí
MI BODEGA - CIUDAD DE HUITZUCO,18.300708,-99.334315,CENTRO,40130,Huitzuco de los Figueroa (GRO),L,L,sí,Guerrero,8949b3baad7ffff,303,7.6,11.4,12.7,13.4,13.3,41.6,2.62,no aplica · AltScore solo en la ZM Mérida,no aplica · AltScore solo en la ZM Mérida,2.62,2.86,solo INEGI; H si ≥ media INEGI de nuestros PDV Tradicional (06),L,sí,L,sí
MI BODEGA - COATEPEC HARINAS,18.923602,-99.765739,SEGUNDA DE SAN MIGUEL,51700,Coatepec Harinas (MEX),L,L,sí,México,894986c5a53ffff,347,5.2,9.2,12,14.3,15.6,43.7,2.43,no aplica · AltScore solo en la ZM Mérida,no aplica · AltScore solo en la ZM Mérida,2.43,2.86,solo INEGI; H si ≥ media INEGI de nuestros PDV Tradicional (06),L,sí,L,sí
MI BODEGA - CONTLA,19.337215,-98.174962,CENTRO,90670,Contla de Juan Cuamatzi (TLAX),L,L,sí,Tlaxcala,89499425453ffff,320,6.5,10.5,13.5,15,15.2,39.4,2.6,no aplica · AltScore solo en la ZM Mérida,no aplica · AltScore solo en la ZM Mérida,2.6,2.86,solo INEGI; H si ≥ media INEGI de nuestros PDV Tradicional (06),L,sí,L,sí
MI BODEGA - COSCOMATEPEC DE BRAVO,19.074299,-97.040668,CENTRO,94110,Coscomatepec (VER),L,L,sí,Veracruz de Ignacio de la Llave,8949968518fffff,241,4.5,7.2,8,9.3,10.4,60.5,2.04,no aplica · AltScore solo en la ZM Mérida,no aplica · AltScore solo en la ZM Mérida,2.04,2.86,solo INEGI; H si ≥ media INEGI de nuestros PDV Tradicional (06),L,sí,L,sí
MI BODEGA - CUACNOPALAN,18.819193,-97.516204,CENTRO,75515,Palmar de Bravo (PUE),L,L,sí,Puebla,8949945704fffff,400,1.6,3.2,5,7.7,11.5,71.1,1.63,no aplica · AltScore solo en la ZM Mérida,no aplica · AltScore solo en la ZM Mérida,1.63,2.86,solo INEGI; H si ≥ media INEGI de nuestros PDV Tradicional (06),L,sí,L,sí
MI BODEGA - CUAUHTEMOC CHALCO,19.267504,-98.894674,EJIDAL,56604,Chalco (MEX),L,L,sí,México,8949958aa4bffff,744,5.9,10.9,14.6,17.5,17.5,33.7,2.69,no aplica · AltScore solo en la ZM Mérida,no aplica · AltScore solo en la ZM Mérida,2.69,2.86,solo INEGI; H si ≥ media INEGI de nuestros PDV Tradicional (06),L,sí,L,sí
MI BODEGA - CUAUTEPEC DE HINOJOSA,20.039794,-98.3177,JUAREZ,43740,Cuautepec de Hinojosa (HGO),L,L,sí,Hidalgo,894990a6447ffff,204,8.1,12.1,14.7,15.2,13.2,36.7,2.77,no aplica · AltScore solo en la ZM Mérida,no aplica · AltScore solo en la ZM Mérida,2.77,2.86,solo INEGI; H si ≥ media INEGI de nuestros PDV Tradicional (06),L,sí,L,sí
MI BODEGA - CUITLAHUAC,18.81133,-96.716231,CENTRO,94915,Cuitláhuac (VER),L,L,sí,Veracruz de Ignacio de la Llave,896d369307bffff,419,5.3,8.5,10,12.2,13.4,50.7,2.28,no aplica · AltScore solo en la ZM Mérida,no aplica · AltScore solo en la ZM Mérida,2.28,2.86,solo INEGI; H si ≥ media INEGI de nuestros PDV Tradicional (06),L,sí,L,sí
MI BODEGA - CUNDUACAN,18.067242,-93.175889,CENTRO,86690,Cunduacán (TAB),L,L,sí,Tabasco,896d20c1637ffff,655,7.4,11.4,12,13.5,14,41.6,2.6,no aplica · AltScore solo en la ZM Mérida,no aplica · AltScore solo en la ZM Mérida,2.6,2.86,solo INEGI; H si ≥ media INEGI de nuestros PDV Tradicional (06),L,sí,L,sí
MI BODEGA - DEL CERRILLO,16.74305,-92.636953,BARRIO DEL CERILLO,29220,San Cristóbal de las Casas (CHIS),L,L,sí,Chiapas,896d23b1cc7ffff,564,7.1,10.1,9.1,8.9,8.9,55.9,2.3,no aplica · AltScore solo en la ZM Mérida,no aplica · AltScore solo en la ZM Mérida,2.3,2.86,solo INEGI; H si ≥ media INEGI de nuestros PDV Tradicional (06),L,sí,L,sí
MI BODEGA - EJUTLA DE CRESPO,16.560666,-96.732715,CENTRO,71500,Heroica Ciudad de Ejutla de Crespo (OAX),L,sin estimar · falta procesar los insumos INEGI del estado,sin estimar · falta procesar los insumos INEGI del estado,Oaxaca,896d322587bffff,sin estimar · falta procesar los insumos INEGI del estado,sin estimar · falta procesar los insumos INEGI del estado,sin estimar · falta procesar los insumos INEGI del estado,sin estimar · falta procesar los insumos INEGI del estado,sin estimar · falta procesar los insumos INEGI del estado,sin estimar · falta procesar los insumos INEGI del estado,sin estimar · falta procesar los insumos INEGI del estado,sin estimar · falta procesar los insumos INEGI del estado,no aplica · AltScore solo en la ZM Mérida,no aplica · AltScore solo en la ZM Mérida,sin estimar · falta procesar los insumos INEGI del estado,sin estimar · falta procesar los insumos INEGI del estado,sin estimar · falta procesar los insumos INEGI del estado,sin estimar · falta procesar los insumos INEGI del estado,sin estimar · falta procesar los insumos INEGI del estado,sin estimar · falta procesar los insumos INEGI del estado,sin estimar · falta procesar los insumos INEGI del estado
MI BODEGA - EL CARMEN TEQUEXQUITLA,19.322944,-97.648878,El Carmen Tequexquitla,90570,El Carmen Tequexquitla (TLAX),L,L,sí,Tlaxcala,8949946033bffff,144,2.1,4,6.9,10.8,16.2,60.1,1.85,no aplica · AltScore solo en la ZM Mérida,no aplica · AltScore solo en la ZM Mérida,1.85,2.86,solo INEGI; H si ≥ media INEGI de nuestros PDV Tradicional (06),L,sí,L,sí
MI BODEGA - EL HIGO SUR,21.776295,-98.450012,CENTRO,92400,El Higo (VER),L,L,sí,Veracruz de Ignacio de la Llave,89499e1adc3ffff,310,5,8.9,11.1,14.2,16.2,44.6,2.38,no aplica · AltScore solo en la ZM Mérida,no aplica · AltScore solo en la ZM Mérida,2.38,2.86,solo INEGI; H si ≥ media INEGI de nuestros PDV Tradicional (06),L,sí,L,sí
MI BODEGA - EL ORO DE HIDALGO,19.804514,-100.132669,LA ESPERANZA,50600,El Oro (MEX),L,L,sí,México,894982955b3ffff,234,7.5,12.7,15.1,15.9,14.2,34.6,2.8,no aplica · AltScore solo en la ZM Mérida,no aplica · AltScore solo en la ZM Mérida,2.8,2.86,solo INEGI; H si ≥ media INEGI de nuestros PDV Tradicional (06),L,sí,L,sí
MI BODEGA - EL SECO,19.134814,-97.646355,JILOTEPEC,75160,San Salvador el Seco (PUE),L,L,sí,Puebla,8949947021bffff,447,3.5,5.6,7.5,9.8,12.1,61.5,1.94,no aplica · AltScore solo en la ZM Mérida,no aplica · AltScore solo en la ZM Mérida,1.94,2.86,solo INEGI; H si ≥ media INEGI de nuestros PDV Tradicional (06),L,sí,L,sí
MI BODEGA - ESCARCEGA JUSTO SIERRA,18.606895,-90.740485,ESCARCEGA,24350,Escárcega (CAMP),L,L,sí,Campeche,89452900b33ffff,428,6.4,9,10.1,11.8,13.4,49.3,2.35,no aplica · AltScore solo en la ZM Mérida,no aplica · AltScore solo en la ZM Mérida,2.35,2.86,solo INEGI; H si ≥ media INEGI de nuestros PDV Tradicional (06),L,sí,L,sí
MI BODEGA - ESCUINTLA,15.318066,-92.660354,CENTRO,30600,Escuintla (CHIS),L,L,sí,Chiapas,896d2ad1607ffff,418,3.4,5.7,6.8,9,11.4,63.7,1.9,no aplica · AltScore solo en la ZM Mérida,no aplica · AltScore solo en la ZM Mérida,1.9,2.86,solo INEGI; H si ≥ media INEGI de nuestros PDV Tradicional (06),L,sí,L,sí
MI BODEGA - ESPERANZA INDEPENDENCIA,18.861054,-97.382139,EL MAESTRO,75560,Esperanza (PUE),L,L,sí,Puebla,894994435d3ffff,84,4.9,8,10.3,12.6,15.1,49.2,2.27,no aplica · AltScore solo en la ZM Mérida,no aplica · AltScore solo en la ZM Mérida,2.27,2.86,solo INEGI; H si ≥ media INEGI de nuestros PDV Tradicional (06),L,sí,L,sí
MI BODEGA - ESPITA,21.00886,-88.3061,ESPITA,97730,Espita (YUC),L,L,sí,Yucatán,89450b91133ffff,194,2.7,4.8,7.3,11.7,13.3,60.2,1.91,no aplica · AltScore solo en la ZM Mérida,no aplica · AltScore solo en la ZM Mérida,1.91,2.86,solo INEGI; H si ≥ media INEGI de nuestros PDV Tradicional (06),L,sí,L,sí
MI BODEGA - EZEQUIEL MONTES,20.658571,-99.901449,LA LAGUNA,76651,Ezequiel Montes (QRO),L,L,sí,Querétaro,8949822a257ffff,290,7.6,12.2,14,15.7,13.9,36.6,2.74,no aplica · AltScore solo en la ZM Mérida,no aplica · AltScore solo en la ZM Mérida,2.74,2.86,solo INEGI; H si ≥ media INEGI de nuestros PDV Tradicional (06),L,sí,L,sí
MI BODEGA - EZEQUIEL MONTES,20.666844,-99.902067,CENTRO,76650,Ezequiel Montes (QRO),L,H,no,Querétaro,8949822a263ffff,327,9.3,14.5,15.3,15.3,13.2,32.3,2.94,no aplica · AltScore solo en la ZM Mérida,no aplica · AltScore solo en la ZM Mérida,2.94,2.86,solo INEGI; H si ≥ media INEGI de nuestros PDV Tradicional (06),L,sí,L,sí
MI BODEGA - FELI CARRI PTO,19.575097,-88.046772,CENTRO,77200,Felipe Carrillo Puerto (QROO),L,L,sí,Quintana Roo,89450eb7427ffff,385,6.3,11,13.5,16.8,17.4,35,2.67,no aplica · AltScore solo en la ZM Mérida,no aplica · AltScore solo en la ZM Mérida,2.67,2.86,solo INEGI; H si ≥ media INEGI de nuestros PDV Tradicional (06),L,sí,L,sí
MI BODEGA - FRONTERA COMALAPA,15.665333,-92.137621,EL PARAISO,30140,Frontera Comalapa (CHIS),L,L,sí,Chiapas,896d2e3959bffff,308,3,4.8,5.7,7.4,10.3,68.8,1.77,no aplica · AltScore solo en la ZM Mérida,no aplica · AltScore solo en la ZM Mérida,1.77,2.86,solo INEGI; H si ≥ media INEGI de nuestros PDV Tradicional (06),L,sí,L,sí
MI BODEGA - GENERAL MIGUEL,18.894363,-96.801119,General Miguel Aleman,94964,Atoyac (VER),L,L,sí,Veracruz de Ignacio de la Llave,89499698363ffff,354,2.7,5.1,7,10.6,14.2,60.4,1.9,no aplica · AltScore solo en la ZM Mérida,no aplica · AltScore solo en la ZM Mérida,1.9,2.86,solo INEGI; H si ≥ media INEGI de nuestros PDV Tradicional (06),L,sí,L,sí
MI BODEGA - GLORIETA PEDRO ESCOBED,20.508486,-100.154619,LA ESTRELLA,76700,Pedro Escobedo (QRO),L,H,no,Querétaro,8949823764bffff,82,10.4,15,15.3,15,13.7,30.7,3.01,no aplica · AltScore solo en la ZM Mérida,no aplica · AltScore solo en la ZM Mérida,3.01,2.86,solo INEGI; H si ≥ media INEGI de nuestros PDV Tradicional (06),L,sí,H,no
MI BODEGA - HECELCHAKAN,20.179687,-90.132262,BARRIO DE LA CONQUISTA,24800,Hecelchakán (CAMP),L,L,sí,Campeche,894572d21c3ffff,315,3.8,6.5,9.1,12.9,17.2,50.4,2.16,no aplica · AltScore solo en la ZM Mérida,no aplica · AltScore solo en la ZM Mérida,2.16,2.86,solo INEGI; H si ≥ media INEGI de nuestros PDV Tradicional (06),L,sí,L,sí
MI BODEGA - HUATUSCO,19.147531,-96.968582,CENTRO,94100,Huatusco (VER),L,L,sí,Veracruz de Ignacio de la Llave,8949968cc87ffff,1018,6.5,10.1,10.4,11.4,11.4,50.2,2.38,no aplica · AltScore solo en la ZM Mérida,no aplica · AltScore solo en la ZM Mérida,2.38,2.86,solo INEGI; H si ≥ media INEGI de nuestros PDV Tradicional (06),L,sí,L,sí
MI BODEGA - HUEJOTZINGO,19.160906,-98.404578,CENTRO,74160,Huejotzingo (PUE),L,L,sí,Puebla,894995d9c17ffff,419,7.9,10.6,11.4,12.5,13.4,44.2,2.55,no aplica · AltScore solo en la ZM Mérida,no aplica · AltScore solo en la ZM Mérida,2.55,2.86,solo INEGI; H si ≥ media INEGI de nuestros PDV Tradicional (06),L,sí,L,sí
MI BODEGA - HUIMANGUILLO,17.832685,-93.396612,CENTRO,86400,Huimanguillo (TAB),L,L,sí,Tabasco,896d205a56bffff,283,6.1,9.1,9.3,10.8,12,52.7,2.28,no aplica · AltScore solo en la ZM Mérida,no aplica · AltScore solo en la ZM Mérida,2.28,2.86,solo INEGI; H si ≥ media INEGI de nuestros PDV Tradicional (06),L,sí,L,sí
MI BODEGA - HUNUCMA,21.018566,-89.875474,CENTRO,97350,Hunucmá (YUC),L,L,sí,Yucatán,894572790a3ffff,310,4.5,7.3,9.4,12.6,15.8,50.4,2.21,no aplica · AltScore solo en la ZM Mérida,no aplica · AltScore solo en la ZM Mérida,2.21,2.86,solo INEGI; H si ≥ media INEGI de nuestros PDV Tradicional (06),L,sí,L,sí
MI BODEGA - IXMIQUILPAN MX,20.483854,-99.217807,CENTRO,42300,Ixmiquilpan (HGO),L,H,no,Hidalgo,8949824d2dbffff,295,9.7,13.9,15.1,14.8,10.7,35.8,2.9,no aplica · AltScore solo en la ZM Mérida,no aplica · AltScore solo en la ZM Mérida,2.9,2.86,solo INEGI; H si ≥ media INEGI de nuestros PDV Tradicional (06),L,sí,L,sí
MI BODEGA - IXTACZOQUITLAN,18.8566,-97.062493,BARRIO LA SANTISIMA,94460,Ixtaczoquitlán (VER),L,L,sí,Veracruz de Ignacio de la Llave,8949969706bffff,645,7,11.1,12,14.2,14.8,40.9,2.59,no aplica · AltScore solo en la ZM Mérida,no aplica · AltScore solo en la ZM Mérida,2.59,2.86,solo INEGI; H si ≥ media INEGI de nuestros PDV Tradicional (06),L,sí,L,sí
MI BODEGA - IXTLAHUACA,19.568154,-99.763892,IXTLAHUACA,50740,Ixtlahuaca (MEX),L,H,no,México,89498660a93ffff,265,9.2,15.4,17.1,17,14.4,26.9,3.07,no aplica · AltScore solo en la ZM Mérida,no aplica · AltScore solo en la ZM Mérida,3.07,2.86,solo INEGI; H si ≥ media INEGI de nuestros PDV Tradicional (06),L,sí,H,no
MI BODEGA - IZAMAL,20.934184,-89.02091,CENTRO,97540,Izamal (YUC),L,L,sí,Yucatán,894509ce997ffff,236,5,7.4,9.3,12.1,14.8,51.4,2.21,no aplica · AltScore solo en la ZM Mérida,no aplica · AltScore solo en la ZM Mérida,2.21,2.86,solo INEGI; H si ≥ media INEGI de nuestros PDV Tradicional (06),L,sí,L,sí
MI BODEGA - JALPAN CENTRO,21.220157,-99.477515,EL MERCADO,76340,Jalpan de Serra (QRO),L,L,sí,Querétaro,89499cc5e73ffff,261,8.1,12.5,13.9,14.7,13.8,37,2.75,no aplica · AltScore solo en la ZM Mérida,no aplica · AltScore solo en la ZM Mérida,2.75,2.86,solo INEGI; H si ≥ media INEGI de nuestros PDV Tradicional (06),L,sí,L,sí
MI BODEGA - JALTENANGO,15.873575,-92.723505,LA PILA,30370,Angel Albino Corzo (CHIS),L,L,sí,Chiapas,896d2e4a52bffff,344,3.8,6.2,7.3,9.8,11.4,61.5,1.97,no aplica · AltScore solo en la ZM Mérida,no aplica · AltScore solo en la ZM Mérida,1.97,2.86,solo INEGI; H si ≥ media INEGI de nuestros PDV Tradicional (06),L,sí,L,sí
MI BODEGA - JESUS CHAPARRO,19.915329,-100.007547,TEMASCALCINGO,50400,Temascalcingo (MEX),L,L,sí,México,89498280e5bffff,236,5.9,11.2,14.5,16.4,16.2,35.8,2.67,no aplica · AltScore solo en la ZM Mérida,no aplica · AltScore solo en la ZM Mérida,2.67,2.86,solo INEGI; H si ≥ media INEGI de nuestros PDV Tradicional (06),L,sí,L,sí
MI BODEGA - JILOTEPEC,19.95823,-99.532723,CENTRO,54240,Jilotepec (MEX),L,H,no,México,894982c1dc7ffff,244,9.7,16.7,19.1,18.8,14.9,20.7,3.25,no aplica · AltScore solo en la ZM Mérida,no aplica · AltScore solo en la ZM Mérida,3.25,2.86,solo INEGI; H si ≥ media INEGI de nuestros PDV Tradicional (06),H,no,H,no
MI BODEGA - JOCOTITLAN,19.702624,-99.790941,SAN JUAN,50700,Jocotitlán (MEX),L,H,no,México,8949866ebabffff,228,8.4,14.6,17.4,17.8,15.4,26.3,3.04,no aplica · AltScore solo en la ZM Mérida,no aplica · AltScore solo en la ZM Mérida,3.04,2.86,solo INEGI; H si ≥ media INEGI de nuestros PDV Tradicional (06),L,sí,H,no
MI BODEGA - JUAN RODRIGUEZ CLARA,18.004376,-95.401584,ALFONSO ROMAN,95697,Juan Rodríguez Clara (VER),L,L,sí,Veracruz de Ignacio de la Llave,896d3558ddbffff,187,1.7,3.7,5.7,9,13.4,66.6,1.71,no aplica · AltScore solo en la ZM Mérida,no aplica · AltScore solo en la ZM Mérida,1.71,2.86,solo INEGI; H si ≥ media INEGI de nuestros PDV Tradicional (06),L,sí,L,sí
MI BODEGA - JUAREZ TEPATEPEC,20.246023,-99.09815,LOS CHAVARRIAS,42660,Francisco I. Madero (HGO),L,L,sí,Hidalgo,89499196cc3ffff,130,7.3,12.1,15.8,17.1,16,31.7,2.82,no aplica · AltScore solo en la ZM Mérida,no aplica · AltScore solo en la ZM Mérida,2.82,2.86,solo INEGI; H si ≥ media INEGI de nuestros PDV Tradicional (06),L,sí,L,sí
MI BODEGA - JUCHITEPEC,19.105279,-98.883443,CUAUTZOZONGO,56860,Juchitepec (MEX),L,L,sí,México,89499598063ffff,532,3.8,7.1,10.2,13.7,16.3,48.9,2.21,no aplica · AltScore solo en la ZM Mérida,no aplica · AltScore solo en la ZM Mérida,2.21,2.86,solo INEGI; H si ≥ media INEGI de nuestros PDV Tradicional (06),L,sí,L,sí
MI BODEGA - KANASI,20.936385,-89.563695,KANASIN,97370,Kanasín (YUC),L,L,sí,Yucatán,89450984943ffff,682,5.5,7.9,11.5,15.3,17,42.7,2.41,36,3.19,2.64,2.88,(1 − 0.25) · INEGI + 0.25 · AltScore; H si ≥ media de nuestros PDV Tradicional (06),L,sí,L,sí
MI BODEGA - LA UNO,20.46439,-97.70662,CENTRO,73049,Venustiano Carranza (PUE),L,L,sí,Puebla,894990296a3ffff,70,4.2,6.1,7.5,8.8,10.2,63.2,1.96,no aplica · AltScore solo en la ZM Mérida,no aplica · AltScore solo en la ZM Mérida,1.96,2.86,solo INEGI; H si ≥ media INEGI de nuestros PDV Tradicional (06),L,sí,L,sí
MI BODEGA - LACANDONA,16.318229,-91.98391,BARRIO LA PILA,30180,Las Margaritas (CHIS),L,L,sí,Chiapas,896d2e8227bffff,302,6.3,8.6,8.2,8.7,10.1,58.2,2.18,no aplica · AltScore solo en la ZM Mérida,no aplica · AltScore solo en la ZM Mérida,2.18,2.86,solo INEGI; H si ≥ media INEGI de nuestros PDV Tradicional (06),L,sí,L,sí
MI BODEGA - LAS CHOAPAS,17.930309,-94.097107,LAS CHOAPAS,96980,Las Choapas (VER),L,L,sí,Veracruz de Ignacio de la Llave,896d2668c87ffff,114,4.2,7.1,8.5,11,13.4,55.8,2.1,no aplica · AltScore solo en la ZM Mérida,no aplica · AltScore solo en la ZM Mérida,2.1,2.86,solo INEGI; H si ≥ media INEGI de nuestros PDV Tradicional (06),L,sí,L,sí
MI BODEGA - LAS ROSAS,16.358674,-92.366712,CENTRO,30400,Las Rosas (CHIS),L,L,sí,Chiapas,896d2ed0ab7ffff,183,1.9,2.8,3.2,4.4,6.3,81.4,1.45,no aplica · AltScore solo en la ZM Mérida,no aplica · AltScore solo en la ZM Mérida,1.45,2.86,solo INEGI; H si ≥ media INEGI de nuestros PDV Tradicional (06),L,sí,L,sí
MI BODEGA - LERDO DE TEJADA,18.63051,-95.523079,sin colonia en Nielsen,95282,Lerdo de Tejada (VER),L,L,sí,Veracruz de Ignacio de la Llave,896d34a863bffff,423,3.2,6.4,8.8,13,16.2,52.3,2.1,no aplica · AltScore solo en la ZM Mérida,no aplica · AltScore solo en la ZM Mérida,2.1,2.86,solo INEGI; H si ≥ media INEGI de nuestros PDV Tradicional (06),L,sí,L,sí
MI BODEGA - LIBRES,19.465994,-97.690068,CENTRO,73780,Libres (PUE),L,L,sí,Puebla,8949946eb9bffff,504,5.3,8.2,9.7,11.4,13.1,52.2,2.24,no aplica · AltScore solo en la ZM Mérida,no aplica · AltScore solo en la ZM Mérida,2.24,2.86,solo INEGI; H si ≥ media INEGI de nuestros PDV Tradicional (06),L,sí,L,sí
MI BODEGA - LOS ENCINOS EL MARQUES,20.62214,-100.260824,LOS ENCINOS,76243,El Marqués (QRO),L,L,sí,Querétaro,8949823481bffff,341,6.3,10.8,13.7,17,16,36.1,2.66,no aplica · AltScore solo en la ZM Mérida,no aplica · AltScore solo en la ZM Mérida,2.66,2.86,solo INEGI; H si ≥ media INEGI de nuestros PDV Tradicional (06),L,sí,L,sí
MI BODEGA - MAPASTEPEC,15.437591,-92.8992,BARRIO EL POTRERILLO,30561,Mapastepec (CHIS),L,L,sí,Chiapas,896d05aa987ffff,324,4.8,6.7,6.6,7.7,9.4,64.7,1.96,no aplica · AltScore solo en la ZM Mérida,no aplica · AltScore solo en la ZM Mérida,1.96,2.86,solo INEGI; H si ≥ media INEGI de nuestros PDV Tradicional (06),L,sí,L,sí
MI BODEGA - MATIAS ROMERO,16.879501,-95.037028,sin colonia en Nielsen,70300,Matías Romero Avendaño (OAX),L,sin estimar · falta procesar los insumos INEGI del estado,sin estimar · falta procesar los insumos INEGI del estado,Oaxaca,896d3102237ffff,sin estimar · falta procesar los insumos INEGI del estado,sin estimar · falta procesar los insumos INEGI del estado,sin estimar · falta procesar los insumos INEGI del estado,sin estimar · falta procesar los insumos INEGI del estado,sin estimar · falta procesar los insumos INEGI del estado,sin estimar · falta procesar los insumos INEGI del estado,sin estimar · falta procesar los insumos INEGI del estado,sin estimar · falta procesar los insumos INEGI del estado,no aplica · AltScore solo en la ZM Mérida,no aplica · AltScore solo en la ZM Mérida,sin estimar · falta procesar los insumos INEGI del estado,sin estimar · falta procesar los insumos INEGI del estado,sin estimar · falta procesar los insumos INEGI del estado,sin estimar · falta procesar los insumos INEGI del estado,sin estimar · falta procesar los insumos INEGI del estado,sin estimar · falta procesar los insumos INEGI del estado,sin estimar · falta procesar los insumos INEGI del estado
MI BODEGA - MAXCANU NORTE,20.588154,-90.002323,CENTRO,97830,Maxcanú (YUC),L,L,sí,Yucatán,894572cdd4bffff,288,1.5,3.3,5.9,10.6,16.2,62.5,1.76,no aplica · AltScore solo en la ZM Mérida,no aplica · AltScore solo en la ZM Mérida,1.76,2.86,solo INEGI; H si ≥ media INEGI de nuestros PDV Tradicional (06),L,sí,L,sí
MI BODEGA - MAZATAN,14.862362,-92.447323,MARGARITA CONCEPCIOM,30650,Mazatán (CHIS),L,L,sí,Chiapas,896d2a0367bffff,418,3.9,7.1,8.3,10.6,13,57.1,2.07,no aplica · AltScore solo en la ZM Mérida,no aplica · AltScore solo en la ZM Mérida,2.07,2.86,solo INEGI; H si ≥ media INEGI de nuestros PDV Tradicional (06),L,sí,L,sí
MI BODEGA - MEGA HALACHO,20.480887,-90.07887,HALACHO,97830,Halachó (YUC),L,L,sí,Yucatán,894572ce503ffff,234,2.1,3.8,5.7,8.8,13.2,66.4,1.73,no aplica · AltScore solo en la ZM Mérida,no aplica · AltScore solo en la ZM Mérida,1.73,2.86,solo INEGI; H si ≥ media INEGI de nuestros PDV Tradicional (06),L,sí,L,sí
MI BODEGA - MIAHUATLAN,16.327685,-96.60066,BARRIO CHICO,70805,Miahuatlán de Porfirio Díaz (OAX),L,sin estimar · falta procesar los insumos INEGI del estado,sin estimar · falta procesar los insumos INEGI del estado,Oaxaca,896d3341dd3ffff,sin estimar · falta procesar los insumos INEGI del estado,sin estimar · falta procesar los insumos INEGI del estado,sin estimar · falta procesar los insumos INEGI del estado,sin estimar · falta procesar los insumos INEGI del estado,sin estimar · falta procesar los insumos INEGI del estado,sin estimar · falta procesar los insumos INEGI del estado,sin estimar · falta procesar los insumos INEGI del estado,sin estimar · falta procesar los insumos INEGI del estado,no aplica · AltScore solo en la ZM Mérida,no aplica · AltScore solo en la ZM Mérida,sin estimar · falta procesar los insumos INEGI del estado,sin estimar · falta procesar los insumos INEGI del estado,sin estimar · falta procesar los insumos INEGI del estado,sin estimar · falta procesar los insumos INEGI del estado,sin estimar · falta procesar los insumos INEGI del estado,sin estimar · falta procesar los insumos INEGI del estado,sin estimar · falta procesar los insumos INEGI del estado
MI BODEGA - MISANTLA,19.93228,-96.848959,CENTRO,93320,Misantla (VER),L,L,sí,Veracruz de Ignacio de la Llave,89499292e2bffff,155,4.8,8.3,9.9,12.8,14.3,49.9,2.27,no aplica · AltScore solo en la ZM Mérida,no aplica · AltScore solo en la ZM Mérida,2.27,2.86,solo INEGI; H si ≥ media INEGI de nuestros PDV Tradicional (06),L,sí,L,sí
MI BODEGA - MOLINA ENRIQUEZ,19.953281,-99.547875,ANDRES MOLINA ENRIQUEZ,54240,Jilotepec (MEX),L,L,sí,México,894982c0e43ffff,86,6.6,11.4,13.9,15.3,15.5,37.4,2.66,no aplica · AltScore solo en la ZM Mérida,no aplica · AltScore solo en la ZM Mérida,2.66,2.86,solo INEGI; H si ≥ media INEGI de nuestros PDV Tradicional (06),L,sí,L,sí
MI BODEGA - MORELOS HUAMANTLA,19.314389,-97.918285,SAN SEBASTIAN,90500,Huamantla (TLAX),L,L,sí,Tlaxcala,89499428643ffff,687,8.9,12.1,13.6,14.7,14.2,36.6,2.77,no aplica · AltScore solo en la ZM Mérida,no aplica · AltScore solo en la ZM Mérida,2.77,2.86,solo INEGI; H si ≥ media INEGI de nuestros PDV Tradicional (06),L,sí,L,sí
MI BODEGA - MOTOZINTLA ACCESO,15.356674,-92.247541,CANOAS,30900,Motozintla (CHIS),L,L,sí,Chiapas,896d2e64b33ffff,372,3.1,5.3,6.5,8.6,11.7,64.9,1.85,no aplica · AltScore solo en la ZM Mérida,no aplica · AltScore solo en la ZM Mérida,1.85,2.86,solo INEGI; H si ≥ media INEGI de nuestros PDV Tradicional (06),L,sí,L,sí
MI BODEGA - MOTUL,21.091512,-89.2857,CENTRO,97430,Motul (YUC),L,L,sí,Yucatán,894509151cfffff,270,5,7.7,10.2,13.2,16,47.8,2.29,no aplica · AltScore solo en la ZM Mérida,no aplica · AltScore solo en la ZM Mérida,2.29,2.86,solo INEGI; H si ≥ media INEGI de nuestros PDV Tradicional (06),L,sí,L,sí
MI BODEGA - NANACAMILPA,19.48967,-98.540334,DOMINO ARENAS,90280,Nanacamilpa de Mariano Arista (TLAX),L,L,sí,Tlaxcala,894995566afffff,641,5,7.3,9.8,12.8,16,49.1,2.25,no aplica · AltScore solo en la ZM Mérida,no aplica · AltScore solo en la ZM Mérida,2.25,2.86,solo INEGI; H si ≥ media INEGI de nuestros PDV Tradicional (06),L,sí,L,sí
MI BODEGA - Naolinco,19.650295,-96.872916,Naolinco de Victori,91400,Naolinco (VER),L,L,sí,Veracruz de Ignacio de la Llave,89499638ebbffff,307,3.7,6.1,7.3,9.5,11.6,61.8,1.95,no aplica · AltScore solo en la ZM Mérida,no aplica · AltScore solo en la ZM Mérida,1.95,2.86,solo INEGI; H si ≥ media INEGI de nuestros PDV Tradicional (06),L,sí,L,sí
MI BODEGA - NARANJOS,21.353548,-97.689684,CONSTITUCION,92340,Naranjos Amatlán (VER),L,L,sí,Veracruz de Ignacio de la Llave,89499304ab3ffff,378,7.8,12.7,14,16.2,15.2,34.1,2.79,no aplica · AltScore solo en la ZM Mérida,no aplica · AltScore solo en la ZM Mérida,2.79,2.86,solo INEGI; H si ≥ media INEGI de nuestros PDV Tradicional (06),L,sí,L,sí
MI BODEGA - NATIVITAS CENTRO,19.23196,-98.314312,TLAXCALA CENTRO,90710,Natívitas (TLAX),L,L,sí,Tlaxcala,89499434c27ffff,268,7,10.9,13.7,14.8,14.3,39.3,2.64,no aplica · AltScore solo en la ZM Mérida,no aplica · AltScore solo en la ZM Mérida,2.64,2.86,solo INEGI; H si ≥ media INEGI de nuestros PDV Tradicional (06),L,sí,L,sí
MI BODEGA - NEXTLALPAN,19.740946,-99.085905,SANTIAGO ATOCAN,56790,Nextlalpan (MEX),L,L,sí,México,89499533183ffff,156,4.3,8.2,11.1,13.6,15.3,47.5,2.3,no aplica · AltScore solo en la ZM Mérida,no aplica · AltScore solo en la ZM Mérida,2.3,2.86,solo INEGI; H si ≥ media INEGI de nuestros PDV Tradicional (06),L,sí,L,sí
MI BODEGA - NOCHIXTLAN PLAZA,17.461392,-97.239838,SANTA TERESA,69600,Asunción Nochixtlán (OAX),L,sin estimar · falta procesar los insumos INEGI del estado,sin estimar · falta procesar los insumos INEGI del estado,Oaxaca,896d32c2ca3ffff,sin estimar · falta procesar los insumos INEGI del estado,sin estimar · falta procesar los insumos INEGI del estado,sin estimar · falta procesar los insumos INEGI del estado,sin estimar · falta procesar los insumos INEGI del estado,sin estimar · falta procesar los insumos INEGI del estado,sin estimar · falta procesar los insumos INEGI del estado,sin estimar · falta procesar los insumos INEGI del estado,sin estimar · falta procesar los insumos INEGI del estado,no aplica · AltScore solo en la ZM Mérida,no aplica · AltScore solo en la ZM Mérida,sin estimar · falta procesar los insumos INEGI del estado,sin estimar · falta procesar los insumos INEGI del estado,sin estimar · falta procesar los insumos INEGI del estado,sin estimar · falta procesar los insumos INEGI del estado,sin estimar · falta procesar los insumos INEGI del estado,sin estimar · falta procesar los insumos INEGI del estado,sin estimar · falta procesar los insumos INEGI del estado
MI BODEGA - NORTE CHIGNAHUAPAN,19.844153,-98.031044,CENTRO,73300,Chignahuapan (PUE),L,L,sí,Puebla,894990ba6bbffff,502,8.2,10.6,11.2,11.9,12.5,45.6,2.53,no aplica · AltScore solo en la ZM Mérida,no aplica · AltScore solo en la ZM Mérida,2.53,2.86,solo INEGI; H si ≥ media INEGI de nuestros PDV Tradicional (06),L,sí,L,sí
MI BODEGA - OCOSINGO,16.914986,-92.093049,SAUZAL,29950,Ocosingo (CHIS),L,L,sí,Chiapas,896d2108d8bffff,601,3.7,6.1,6.5,7.8,10.4,65.5,1.88,no aplica · AltScore solo en la ZM Mérida,no aplica · AltScore solo en la ZM Mérida,1.88,2.86,solo INEGI; H si ≥ media INEGI de nuestros PDV Tradicional (06),L,sí,L,sí
MI BODEGA - OCOYOACAC,19.272554,-99.466199,sin colonia en Nielsen,23083,Ocoyoacac (MEX),L,L,sí,México,8949864e2cfffff,594,6.9,12.1,15.5,17.6,16.6,31.3,2.81,no aplica · AltScore solo en la ZM Mérida,no aplica · AltScore solo en la ZM Mérida,2.81,2.86,solo INEGI; H si ≥ media INEGI de nuestros PDV Tradicional (06),L,sí,L,sí
MI BODEGA - OCOZOCUAUTLA SUR,16.75592,-93.377205,SAN ANTONIO,29140,Ocozocoautla de Espinosa (CHIS),L,L,sí,Chiapas,896d23cded3ffff,580,5.4,7.9,8.1,9.1,10.5,59,2.11,no aplica · AltScore solo en la ZM Mérida,no aplica · AltScore solo en la ZM Mérida,2.11,2.86,solo INEGI; H si ≥ media INEGI de nuestros PDV Tradicional (06),L,sí,L,sí
MI BODEGA - OTUMBA,19.70019,-98.761186,CENTRO,55900,Otumba (MEX),L,L,sí,México,8949950f01bffff,283,4.5,9,12.7,15.9,17.3,40.7,2.45,no aplica · AltScore solo en la ZM Mérida,no aplica · AltScore solo en la ZM Mérida,2.45,2.86,solo INEGI; H si ≥ media INEGI de nuestros PDV Tradicional (06),L,sí,L,sí
MI BODEGA - OXKUTZCAB,20.303793,-89.415735,CENTRO,97880,Oxkutzcab (YUC),L,L,sí,Yucatán,89450d39207ffff,251,8.3,11.7,14.3,15.1,14.4,36.2,2.76,no aplica · AltScore solo en la ZM Mérida,no aplica · AltScore solo en la ZM Mérida,2.76,2.86,solo INEGI; H si ≥ media INEGI de nuestros PDV Tradicional (06),L,sí,L,sí
MI BODEGA - OZUMBA,19.03506,-98.797536,CENTRO,56800,Ozumba (MEX),L,L,sí,México,8949b36cdcbffff,427,3.6,7.1,10.2,13.5,16.1,49.5,2.2,no aplica · AltScore solo en la ZM Mérida,no aplica · AltScore solo en la ZM Mérida,2.2,2.86,solo INEGI; H si ≥ media INEGI de nuestros PDV Tradicional (06),L,sí,L,sí
MI BODEGA - PAPALOTLA,19.149306,-98.224487,sin colonia en Nielsen,90790,Papalotla de Xicohténcatl (TLAX),L,sin estimar · sin hogares INEGI a 300 m de la tienda,sin estimar · sin hogares INEGI a 300 m de la tienda,Tlaxcala,8949943707bffff,0,sin estimar · sin hogares INEGI a 300 m de la tienda,sin estimar · sin hogares INEGI a 300 m de la tienda,sin estimar · sin hogares INEGI a 300 m de la tienda,sin estimar · sin hogares INEGI a 300 m de la tienda,sin estimar · sin hogares INEGI a 300 m de la tienda,sin estimar · sin hogares INEGI a 300 m de la tienda,sin estimar · sin hogares INEGI a 300 m de la tienda,no aplica · AltScore solo en la ZM Mérida,no aplica · AltScore solo en la ZM Mérida,sin estimar · sin hogares INEGI a 300 m de la tienda,sin estimar · sin hogares INEGI a 300 m de la tienda,sin estimar · sin hogares INEGI a 300 m de la tienda,sin estimar · sin hogares INEGI a 300 m de la tienda,sin estimar · sin hogares INEGI a 300 m de la tienda,sin estimar · sin hogares INEGI a 300 m de la tienda,sin estimar · sin hogares INEGI a 300 m de la tienda
MI BODEGA - PASO DEL MACHO,18.972626,-96.719566,CENTRO,94970,Paso del Macho (VER),L,L,sí,Veracruz de Ignacio de la Llave,8949968b2dbffff,397,4.1,7,8.4,10.9,13.2,56.5,2.08,no aplica · AltScore solo en la ZM Mérida,no aplica · AltScore solo en la ZM Mérida,2.08,2.86,solo INEGI; H si ≥ media INEGI de nuestros PDV Tradicional (06),L,sí,L,sí
MI BODEGA - PEDRO ESCOBEDO,20.500097,-100.141255,CENTRO,76700,Pedro Escobedo (QRO),L,H,no,Querétaro,89498232b7bffff,435,10.5,14.7,14.4,14.2,13.1,33,2.96,no aplica · AltScore solo en la ZM Mérida,no aplica · AltScore solo en la ZM Mérida,2.96,2.86,solo INEGI; H si ≥ media INEGI de nuestros PDV Tradicional (06),L,sí,L,sí
MI BODEGA - PENSADOR MEXICANO,19.688795,-99.11767,San Antonio Xahuento,54976,Tultepec (MEX),L,L,sí,México,894995a99bbffff,405,4.5,8.6,11.9,14.7,16.3,44,2.38,no aplica · AltScore solo en la ZM Mérida,no aplica · AltScore solo en la ZM Mérida,2.38,2.86,solo INEGI; H si ≥ media INEGI de nuestros PDV Tradicional (06),L,sí,L,sí
MI BODEGA - PEROTE,19.565217,-97.242597,CENTRO,91270,Perote (VER),L,L,sí,Veracruz de Ignacio de la Llave,894990d941bffff,681,7.3,11.5,12.2,13.7,13.1,42.2,2.59,no aplica · AltScore solo en la ZM Mérida,no aplica · AltScore solo en la ZM Mérida,2.59,2.86,solo INEGI; H si ≥ media INEGI de nuestros PDV Tradicional (06),L,sí,L,sí
MI BODEGA - PICHUCALCO,17.515616,-93.114337,LAS RANAS,29520,Pichucalco (CHIS),L,L,sí,Chiapas,896d2073267ffff,148,6.3,9.6,9.6,11,12.4,51.1,2.33,no aplica · AltScore solo en la ZM Mérida,no aplica · AltScore solo en la ZM Mérida,2.33,2.86,solo INEGI; H si ≥ media INEGI de nuestros PDV Tradicional (06),L,sí,L,sí
MI BODEGA - PIJIJIAPAN RINCON,15.690205,-93.205567,BARRIO EL CERRITO,30540,Pijijiapan (CHIS),L,L,sí,Chiapas,896d0512003ffff,259,2.9,5,6,8.1,10.6,67.4,1.79,no aplica · AltScore solo en la ZM Mérida,no aplica · AltScore solo en la ZM Mérida,1.79,2.86,solo INEGI; H si ≥ media INEGI de nuestros PDV Tradicional (06),L,sí,L,sí
MI BODEGA - PLAYAS,17.854286,-92.933398,PLAYAS DEL ROSARIO,86288,Centro (TAB),L,L,sí,Tabasco,896d2011213ffff,550,4.5,7.2,8,9.9,12.6,57.9,2.07,no aplica · AltScore solo en la ZM Mérida,no aplica · AltScore solo en la ZM Mérida,2.07,2.86,solo INEGI; H si ≥ media INEGI de nuestros PDV Tradicional (06),L,sí,L,sí
MI BODEGA - PLAZA CALPULALPAN,19.56643,-98.4659,GUSTAVO DÍAS ORDAZ,90226,Sanctórum de Lázaro Cárdenas (TLAX),L,L,sí,Tlaxcala,894995551dbffff,106,2.9,4.8,12.3,16.2,21.3,42.4,2.24,no aplica · AltScore solo en la ZM Mérida,no aplica · AltScore solo en la ZM Mérida,2.24,2.86,solo INEGI; H si ≥ media INEGI de nuestros PDV Tradicional (06),L,sí,L,sí
MI BODEGA - PUENTE DE IXTLA,18.621307,-99.320382,SAN MATEO,62665,Puente de Ixtla (MOR),L,L,sí,Morelos,8949b332883ffff,507,6.4,9.7,12.1,15.5,16.4,39.9,2.55,no aplica · AltScore solo en la ZM Mérida,no aplica · AltScore solo en la ZM Mérida,2.55,2.86,solo INEGI; H si ≥ media INEGI de nuestros PDV Tradicional (06),L,sí,L,sí
MI BODEGA - PUERTO ESCONDID,15.867538,-97.07428,GRANJAS DEL PESCADOR,71980,San Pedro Mixtepec (OAX),L,sin estimar · falta procesar los insumos INEGI del estado,sin estimar · falta procesar los insumos INEGI del estado,Oaxaca,896d140632fffff,sin estimar · falta procesar los insumos INEGI del estado,sin estimar · falta procesar los insumos INEGI del estado,sin estimar · falta procesar los insumos INEGI del estado,sin estimar · falta procesar los insumos INEGI del estado,sin estimar · falta procesar los insumos INEGI del estado,sin estimar · falta procesar los insumos INEGI del estado,sin estimar · falta procesar los insumos INEGI del estado,sin estimar · falta procesar los insumos INEGI del estado,no aplica · AltScore solo en la ZM Mérida,no aplica · AltScore solo en la ZM Mérida,sin estimar · falta procesar los insumos INEGI del estado,sin estimar · falta procesar los insumos INEGI del estado,sin estimar · falta procesar los insumos INEGI del estado,sin estimar · falta procesar los insumos INEGI del estado,sin estimar · falta procesar los insumos INEGI del estado,sin estimar · falta procesar los insumos INEGI del estado,sin estimar · falta procesar los insumos INEGI del estado
MI BODEGA - PUTLA,17.026759,-97.931396,LA ASUNCION,71000,Putla Villa de Guerrero (OAX),L,sin estimar · falta procesar los insumos INEGI del estado,sin estimar · falta procesar los insumos INEGI del estado,Oaxaca,8949b6611abffff,sin estimar · falta procesar los insumos INEGI del estado,sin estimar · falta procesar los insumos INEGI del estado,sin estimar · falta procesar los insumos INEGI del estado,sin estimar · falta procesar los insumos INEGI del estado,sin estimar · falta procesar los insumos INEGI del estado,sin estimar · falta procesar los insumos INEGI del estado,sin estimar · falta procesar los insumos INEGI del estado,sin estimar · falta procesar los insumos INEGI del estado,no aplica · AltScore solo en la ZM Mérida,no aplica · AltScore solo en la ZM Mérida,sin estimar · falta procesar los insumos INEGI del estado,sin estimar · falta procesar los insumos INEGI del estado,sin estimar · falta procesar los insumos INEGI del estado,sin estimar · falta procesar los insumos INEGI del estado,sin estimar · falta procesar los insumos INEGI del estado,sin estimar · falta procesar los insumos INEGI del estado,sin estimar · falta procesar los insumos INEGI del estado
MI BODEGA - RANCHO SAN JUAN,19.437127,-99.738377,SANTA JUANA 1 SECCION,50900,Almoloya de Juárez (MEX),L,L,sí,México,89498671b33ffff,321,6.3,10.6,12.5,14.9,15.9,39.9,2.57,no aplica · AltScore solo en la ZM Mérida,no aplica · AltScore solo en la ZM Mérida,2.57,2.86,solo INEGI; H si ≥ media INEGI de nuestros PDV Tradicional (06),L,sí,L,sí
MI BODEGA - REAL DEL MONTE,20.136035,-98.678301,STA AGUEDA,42136,Mineral del Monte (HGO),L,L,sí,Hidalgo,8949956ed0bffff,387,6.1,9.5,12.7,15.1,15.1,41.6,2.51,no aplica · AltScore solo en la ZM Mérida,no aplica · AltScore solo en la ZM Mérida,2.51,2.86,solo INEGI; H si ≥ media INEGI de nuestros PDV Tradicional (06),L,sí,L,sí
MI BODEGA - REFORMA,17.860949,-93.152329,ADOLFO LOPEZ MATEOS,29500,Reforma (CHIS),L,L,sí,Chiapas,896d20cdc23ffff,439,8.3,11.3,10,10.7,11.6,48.1,2.5,no aplica · AltScore solo en la ZM Mérida,no aplica · AltScore solo en la ZM Mérida,2.5,2.86,solo INEGI; H si ≥ media INEGI de nuestros PDV Tradicional (06),L,sí,L,sí
MI BODEGA - RIO GRANDE CENTRO,16.008988,-97.432247,RIO GRANDE,71830,Villa de Tututepec (OAX),L,sin estimar · falta procesar los insumos INEGI del estado,sin estimar · falta procesar los insumos INEGI del estado,Oaxaca,896d1419307ffff,sin estimar · falta procesar los insumos INEGI del estado,sin estimar · falta procesar los insumos INEGI del estado,sin estimar · falta procesar los insumos INEGI del estado,sin estimar · falta procesar los insumos INEGI del estado,sin estimar · falta procesar los insumos INEGI del estado,sin estimar · falta procesar los insumos INEGI del estado,sin estimar · falta procesar los insumos INEGI del estado,sin estimar · falta procesar los insumos INEGI del estado,no aplica · AltScore solo en la ZM Mérida,no aplica · AltScore solo en la ZM Mérida,sin estimar · falta procesar los insumos INEGI del estado,sin estimar · falta procesar los insumos INEGI del estado,sin estimar · falta procesar los insumos INEGI del estado,sin estimar · falta procesar los insumos INEGI del estado,sin estimar · falta procesar los insumos INEGI del estado,sin estimar · falta procesar los insumos INEGI del estado,sin estimar · falta procesar los insumos INEGI del estado
MI BODEGA - SAN ANTONINO,16.800321,-96.674375,CENTRO,71520,San Antonino Castillo Velasco (OAX),L,sin estimar · falta procesar los insumos INEGI del estado,sin estimar · falta procesar los insumos INEGI del estado,Oaxaca,896d3234473ffff,sin estimar · falta procesar los insumos INEGI del estado,sin estimar · falta procesar los insumos INEGI del estado,sin estimar · falta procesar los insumos INEGI del estado,sin estimar · falta procesar los insumos INEGI del estado,sin estimar · falta procesar los insumos INEGI del estado,sin estimar · falta procesar los insumos INEGI del estado,sin estimar · falta procesar los insumos INEGI del estado,sin estimar · falta procesar los insumos INEGI del estado,no aplica · AltScore solo en la ZM Mérida,no aplica · AltScore solo en la ZM Mérida,sin estimar · falta procesar los insumos INEGI del estado,sin estimar · falta procesar los insumos INEGI del estado,sin estimar · falta procesar los insumos INEGI del estado,sin estimar · falta procesar los insumos INEGI del estado,sin estimar · falta procesar los insumos INEGI del estado,sin estimar · falta procesar los insumos INEGI del estado,sin estimar · falta procesar los insumos INEGI del estado
MI BODEGA - SAN FELIPE ORIZATLAN,21.169207,-98.613263,CENTRO,43020,San Felipe Orizatlán (HGO),L,L,sí,Hidalgo,89499166633ffff,224,2.6,4.8,7.6,10.6,13.7,60.8,1.89,no aplica · AltScore solo en la ZM Mérida,no aplica · AltScore solo en la ZM Mérida,1.89,2.86,solo INEGI; H si ≥ media INEGI de nuestros PDV Tradicional (06),L,sí,L,sí
MI BODEGA - SAN FERNANDO CHIAPAS,16.873652,-93.212384,RIBERA EL PROGRESO,29120,San Fernando (CHIS),L,L,sí,Chiapas,896d23c7357ffff,528,2.5,4.2,5.1,7.2,9.4,71.5,1.69,no aplica · AltScore solo en la ZM Mérida,no aplica · AltScore solo en la ZM Mérida,1.69,2.86,solo INEGI; H si ≥ media INEGI de nuestros PDV Tradicional (06),L,sí,L,sí
MI BODEGA - SAN LUIS ACATLAN,16.811833,-98.732521,PLAYA LARGA,41603,San Luis Acatlán (GRO),L,L,sí,Guerrero,8949b0d84cfffff,283,3.5,6.2,7.6,9.5,11.7,61.5,1.96,no aplica · AltScore solo en la ZM Mérida,no aplica · AltScore solo en la ZM Mérida,1.96,2.86,solo INEGI; H si ≥ media INEGI de nuestros PDV Tradicional (06),L,sí,L,sí
MI BODEGA - SAN MARCOS GRO,16.797257,-99.384482,STA CRUZ,39960,San Marcos (GRO),L,L,sí,Guerrero,8949b09082fffff,357,2.5,4.5,6.1,8.1,10.8,68,1.76,no aplica · AltScore solo en la ZM Mérida,no aplica · AltScore solo en la ZM Mérida,1.76,2.86,solo INEGI; H si ≥ media INEGI de nuestros PDV Tradicional (06),L,sí,L,sí
MI BODEGA - SAN MATEO ATARASQUILLO,19.314754,-99.465616,sin colonia en Nielsen,52000,Lerma (MEX),L,H,no,México,8949864c09bffff,108,13.4,11.5,11.6,14.7,14.8,34.1,2.92,no aplica · AltScore solo en la ZM Mérida,no aplica · AltScore solo en la ZM Mérida,2.92,2.86,solo INEGI; H si ≥ media INEGI de nuestros PDV Tradicional (06),L,sí,L,sí
MI BODEGA - SAN PABLO AUTOPAN,19.353708,-99.646412,SAN PABLO AUTOPAN,50290,Toluca (MEX),L,L,sí,México,8949867a553ffff,404,2.5,5.1,8,11.5,15.6,57.3,1.95,no aplica · AltScore solo en la ZM Mérida,no aplica · AltScore solo en la ZM Mérida,1.95,2.86,solo INEGI; H si ≥ media INEGI de nuestros PDV Tradicional (06),L,sí,L,sí
MI BODEGA - SAN PABLO DEL MONTE,19.112764,-98.175494,SAN BARTOLOME,90970,San Pablo del Monte (TLAX),L,L,sí,Tlaxcala,89499432a2fffff,120,5.5,8.9,11.8,13.4,14,46.5,2.39,no aplica · AltScore solo en la ZM Mérida,no aplica · AltScore solo en la ZM Mérida,2.39,2.86,solo INEGI; H si ≥ media INEGI de nuestros PDV Tradicional (06),L,sí,L,sí
MI BODEGA - SAN RAFAEL VERACRUZ,20.186711,-96.874722,EL NARANJITO,96346,San Rafael (VER),L,L,sí,Veracruz de Ignacio de la Llave,8949928732bffff,201,5,8.4,9.7,11.8,12.6,52.5,2.24,no aplica · AltScore solo en la ZM Mérida,no aplica · AltScore solo en la ZM Mérida,2.24,2.86,solo INEGI; H si ≥ media INEGI de nuestros PDV Tradicional (06),L,sí,L,sí
MI BODEGA - SANTA CRUZ ATIZAPAN,19.170344,-99.487205,SANTA CRUZ ATIZAPAN,52500,Atizapán (MEX),L,L,sí,México,89498640393ffff,258,4.2,8.2,10.8,13.4,14.8,48.7,2.28,no aplica · AltScore solo en la ZM Mérida,no aplica · AltScore solo en la ZM Mérida,2.28,2.86,solo INEGI; H si ≥ media INEGI de nuestros PDV Tradicional (06),L,sí,L,sí
MI BODEGA - SANTIAGO TUXTLA,18.462205,-95.308049,EL PALENQUE,95833,Santiago Tuxtla (VER),L,L,sí,Veracruz de Ignacio de la Llave,896d35db24fffff,195,3.5,7.1,9.7,14.4,17,48.3,2.21,no aplica · AltScore solo en la ZM Mérida,no aplica · AltScore solo en la ZM Mérida,2.21,2.86,solo INEGI; H si ≥ media INEGI de nuestros PDV Tradicional (06),L,sí,L,sí
MI BODEGA - SEYBAPLAYA,19.644196,-90.691984,SANTA CRUZ,24460,Seybaplaya (CAMP),L,L,sí,Campeche,894576149cfffff,162,3.3,5.2,7.2,10.3,14.6,59.5,1.94,no aplica · AltScore solo en la ZM Mérida,no aplica · AltScore solo en la ZM Mérida,1.94,2.86,solo INEGI; H si ≥ media INEGI de nuestros PDV Tradicional (06),L,sí,L,sí
MI BODEGA - SOLEDAD DE DOBLADO,19.046765,-96.425735,CENTRO,94240,Soledad de Doblado (VER),L,L,sí,Veracruz de Ignacio de la Llave,894996cad33ffff,513,3.8,6.7,8.2,10.9,13,57.4,2.05,no aplica · AltScore solo en la ZM Mérida,no aplica · AltScore solo en la ZM Mérida,2.05,2.86,solo INEGI; H si ≥ media INEGI de nuestros PDV Tradicional (06),L,sí,L,sí
MI BODEGA - STA ROSA DE JAUREGUI,20.745996,-100.449384,CENTRO,76222,Querétaro (QRO),L,H,no,Querétaro,894983cd48fffff,533,11,16.6,18.3,18.8,14,21.3,3.28,no aplica · AltScore solo en la ZM Mérida,no aplica · AltScore solo en la ZM Mérida,3.28,2.86,solo INEGI; H si ≥ media INEGI de nuestros PDV Tradicional (06),H,no,H,no
MI BODEGA - SUCHIAPA SUR,16.619128,-93.098113,SUCHIAPA,29000,Suchiapa (CHIS),L,L,sí,Chiapas,896d23033b3ffff,399,3.4,6,7.3,9.5,12.6,61.2,1.94,no aplica · AltScore solo en la ZM Mérida,no aplica · AltScore solo en la ZM Mérida,1.94,2.86,solo INEGI; H si ≥ media INEGI de nuestros PDV Tradicional (06),L,sí,L,sí
MI BODEGA - TANTOYUCA,21.361301,-98.224348,10 DE MAYO,92100,Tantoyuca (VER),L,L,sí,Veracruz de Ignacio de la Llave,89499ed151bffff,248,4,7.2,9.2,12.4,15.3,51.9,2.16,no aplica · AltScore solo en la ZM Mérida,no aplica · AltScore solo en la ZM Mérida,2.16,2.86,solo INEGI; H si ≥ media INEGI de nuestros PDV Tradicional (06),L,sí,L,sí
MI BODEGA - TASQUILLO,20.551677,-99.318761,Barrio de San Isidro,42380,Tasquillo (HGO),L,L,sí,Hidalgo,894991b64d3ffff,169,6.3,10.6,14.1,16.9,17.8,34.5,2.67,no aplica · AltScore solo en la ZM Mérida,no aplica · AltScore solo en la ZM Mérida,2.67,2.86,solo INEGI; H si ≥ media INEGI de nuestros PDV Tradicional (06),L,sí,L,sí
MI BODEGA - TEAPA,17.553925,-92.947268,CENTRO,86800,Teapa (TAB),L,L,sí,Tabasco,896d200d5c7ffff,93,6.9,9.7,9.7,11,12.1,50.6,2.36,no aplica · AltScore solo en la ZM Mérida,no aplica · AltScore solo en la ZM Mérida,2.36,2.86,solo INEGI; H si ≥ media INEGI de nuestros PDV Tradicional (06),L,sí,L,sí
MI BODEGA - TECAMACHALCO UNIVERSID,18.870327,-97.714998,LA VILLA,75480,Tecamachalco (PUE),L,L,sí,Puebla,894994199bbffff,191,6.4,10.7,13.2,15,16,38.7,2.6,no aplica · AltScore solo en la ZM Mérida,no aplica · AltScore solo en la ZM Mérida,2.6,2.86,solo INEGI; H si ≥ media INEGI de nuestros PDV Tradicional (06),L,sí,L,sí
MI BODEGA - TECOLUTILLA,18.281671,-93.328072,TECOLUTILLA,86640,Comalcalco (TAB),L,L,sí,Tabasco,896d26ae32fffff,481,3.4,5.7,7.1,10,13.2,60.6,1.94,no aplica · AltScore solo en la ZM Mérida,no aplica · AltScore solo en la ZM Mérida,1.94,2.86,solo INEGI; H si ≥ media INEGI de nuestros PDV Tradicional (06),L,sí,L,sí
MI BODEGA - TECOZAUTLA SUR,20.534207,-99.637627,MORELOS,42440,Tecozautla (HGO),L,L,sí,Hidalgo,89498270167ffff,193,5.5,8.5,11,12.6,13.4,48.9,2.34,no aplica · AltScore solo en la ZM Mérida,no aplica · AltScore solo en la ZM Mérida,2.34,2.86,solo INEGI; H si ≥ media INEGI de nuestros PDV Tradicional (06),L,sí,L,sí
MI BODEGA - TECPAN,17.229475,-100.623077,TECPAN DE GALEANA,40900,Técpan de Galeana (GRO),L,L,sí,Guerrero,8949b526247ffff,223,4.2,7,8.8,10.9,13.1,56,2.1,no aplica · AltScore solo en la ZM Mérida,no aplica · AltScore solo en la ZM Mérida,2.1,2.86,solo INEGI; H si ≥ media INEGI de nuestros PDV Tradicional (06),L,sí,L,sí
MI BODEGA - TEHUIXTLA,18.61442,-99.178118,EL LLANO,62910,Jojutla (MOR),L,L,sí,Morelos,8949b331453ffff,479,7.5,11.3,13.5,16.4,16.5,34.8,2.73,no aplica · AltScore solo en la ZM Mérida,no aplica · AltScore solo en la ZM Mérida,2.73,2.86,solo INEGI; H si ≥ media INEGI de nuestros PDV Tradicional (06),L,sí,L,sí
MI BODEGA - TEJUPILCO CRISTOBAL,18.892697,-100.142138,LAS MAERICAS,51400,Tejupilco (MEX),L,L,sí,México,8949868c1d3ffff,569,7.1,12.5,15.2,16.5,15.8,32.9,2.8,no aplica · AltScore solo en la ZM Mérida,no aplica · AltScore solo en la ZM Mérida,2.8,2.86,solo INEGI; H si ≥ media INEGI de nuestros PDV Tradicional (06),L,sí,L,sí
MI BODEGA - TEKAX CENTRO,20.20153,-89.28432,TEKAX DE ALVARO OBREGON,97970,Tekax (YUC),L,L,sí,Yucatán,89450d0d247ffff,366,5.8,9.4,12.5,15.6,17.3,39.4,2.53,no aplica · AltScore solo en la ZM Mérida,no aplica · AltScore solo en la ZM Mérida,2.53,2.86,solo INEGI; H si ≥ media INEGI de nuestros PDV Tradicional (06),L,sí,L,sí
MI BODEGA - TEMOAYA,19.472491,-99.590938,TEMOAYA,50850,Temoaya (MEX),L,L,sí,México,89498679d47ffff,303,4.2,8.1,11.3,14.4,16.4,45.6,2.32,no aplica · AltScore solo en la ZM Mérida,no aplica · AltScore solo en la ZM Mérida,2.32,2.86,solo INEGI; H si ≥ media INEGI de nuestros PDV Tradicional (06),L,sí,L,sí
MI BODEGA - TENANGO CENTRO,19.104745,-99.581966,TENANGO DE ARISTA,52300,Tenango del Valle (MEX),L,L,sí,México,8949865502bffff,320,6.8,11.4,14.2,15.9,15.4,36.3,2.7,no aplica · AltScore solo en la ZM Mérida,no aplica · AltScore solo en la ZM Mérida,2.7,2.86,solo INEGI; H si ≥ media INEGI de nuestros PDV Tradicional (06),L,sí,L,sí
MI BODEGA - TENERIA,19.710769,-99.948625,TENERIA,50640,San Felipe del Progreso (MEX),L,L,sí,México,894982910dbffff,384,5.7,11.2,14.5,16.5,16.1,36,2.66,no aplica · AltScore solo en la ZM Mérida,no aplica · AltScore solo en la ZM Mérida,2.66,2.86,solo INEGI; H si ≥ media INEGI de nuestros PDV Tradicional (06),L,sí,L,sí
MI BODEGA - TENOSIQUE,17.472854,-91.426057,CENTRO,86900,Tenosique (TAB),L,L,sí,Tabasco,89452da722fffff,551,5.6,9.2,9.9,11.8,12.7,50.7,2.31,no aplica · AltScore solo en la ZM Mérida,no aplica · AltScore solo en la ZM Mérida,2.31,2.86,solo INEGI; H si ≥ media INEGI de nuestros PDV Tradicional (06),L,sí,L,sí
MI BODEGA - TEOLOCHOLCO,19.245803,-98.187856,TEOLOCHOLCO,90850,Teolocholco (TLAX),L,L,sí,Tlaxcala,89499422d57ffff,366,5.7,9,11.7,13.3,14.8,45.5,2.41,no aplica · AltScore solo en la ZM Mérida,no aplica · AltScore solo en la ZM Mérida,2.41,2.86,solo INEGI; H si ≥ media INEGI de nuestros PDV Tradicional (06),L,sí,L,sí
MI BODEGA - TEOPISCA,16.533509,-92.470132,sin colonia en Nielsen,29410,Teopisca (CHIS),L,L,sí,Chiapas,896d23a6e1bffff,476,1.3,2.1,2.8,4.1,6.4,83.4,1.38,no aplica · AltScore solo en la ZM Mérida,no aplica · AltScore solo en la ZM Mérida,1.38,2.86,solo INEGI; H si ≥ media INEGI de nuestros PDV Tradicional (06),L,sí,L,sí
MI BODEGA - TEPEACA AVENIDA HIDALG,18.972346,-97.903415, Barrio Calvario,75200,Tepeaca (PUE),L,L,sí,Puebla,8949940097bffff,466,6.9,9.8,11,12.1,13.1,47.1,2.44,no aplica · AltScore solo en la ZM Mérida,no aplica · AltScore solo en la ZM Mérida,2.44,2.86,solo INEGI; H si ≥ media INEGI de nuestros PDV Tradicional (06),L,sí,L,sí
MI BODEGA - TEPEACA CENTRO,18.963311,-97.902685,CENTRO,75200,Tepeaca (PUE),L,L,sí,Puebla,89499400953ffff,395,9.1,12.9,13.6,13.7,13.1,37.7,2.78,no aplica · AltScore solo en la ZM Mérida,no aplica · AltScore solo en la ZM Mérida,2.78,2.86,solo INEGI; H si ≥ media INEGI de nuestros PDV Tradicional (06),L,sí,L,sí
MI BODEGA - TEPEAPULCO,19.789587,-98.555156,18 DE MARZO,43973,Tepeapulco (HGO),L,L,sí,Hidalgo,8949954490fffff,619,4.9,8.4,11.9,14.3,15.5,45,2.38,no aplica · AltScore solo en la ZM Mérida,no aplica · AltScore solo en la ZM Mérida,2.38,2.86,solo INEGI; H si ≥ media INEGI de nuestros PDV Tradicional (06),L,sí,L,sí
MI BODEGA - TEQUISQUIAPAN,20.528246,-99.898841,CENTRO,76750,Tequisquiapan (QRO),L,H,no,Querétaro,8949823860bffff,290,8.8,13.7,15.3,16.1,13.6,32.6,2.9,no aplica · AltScore solo en la ZM Mérida,no aplica · AltScore solo en la ZM Mérida,2.9,2.86,solo INEGI; H si ≥ media INEGI de nuestros PDV Tradicional (06),L,sí,L,sí
MI BODEGA - TEQUIXQUIAC,19.911426,-99.147588,CENTRO,55650,Tequixquiac (MEX),L,L,sí,México,89499522c9bffff,132,6.9,12.2,14.7,16.4,15.2,34.7,2.75,no aplica · AltScore solo en la ZM Mérida,no aplica · AltScore solo en la ZM Mérida,2.75,2.86,solo INEGI; H si ≥ media INEGI de nuestros PDV Tradicional (06),L,sí,L,sí
MI BODEGA - TETELA DE OCAMPO,19.818491,-97.810821,Barrio de Zoyatitla,73646,Tetela de Ocampo (PUE),L,L,sí,Puebla,8949908d0c7ffff,325,6.9,10,10.7,11.7,12.8,47.9,2.43,no aplica · AltScore solo en la ZM Mérida,no aplica · AltScore solo en la ZM Mérida,2.43,2.86,solo INEGI; H si ≥ media INEGI de nuestros PDV Tradicional (06),L,sí,L,sí
MI BODEGA - TEZONTEPEC DE ALDAMA,20.192364,-99.268676,PANUAYA,42760,Tezontepec de Aldama (HGO),L,L,sí,Hidalgo,8949825ac3bffff,116,5.6,9.8,13,13.8,12.9,44.8,2.47,no aplica · AltScore solo en la ZM Mérida,no aplica · AltScore solo en la ZM Mérida,2.47,2.86,solo INEGI; H si ≥ media INEGI de nuestros PDV Tradicional (06),L,sí,L,sí
MI BODEGA - TICUL,20.400795,-89.536132,CENTRO,97860,Ticul (YUC),L,L,sí,Yucatán,89450d21213ffff,329,7,9.9,12,14.9,17.2,39,2.58,no aplica · AltScore solo en la ZM Mérida,no aplica · AltScore solo en la ZM Mérida,2.58,2.86,solo INEGI; H si ≥ media INEGI de nuestros PDV Tradicional (06),L,sí,L,sí
MI BODEGA - TIHUATLAN SUR,20.156169,-98.335291,Carretera Mexico,43710,Tulancingo de Bravo (HGO),L,sin estimar · sin hogares INEGI a 300 m de la tienda,sin estimar · sin hogares INEGI a 300 m de la tienda,Hidalgo,894990a4893ffff,0,sin estimar · sin hogares INEGI a 300 m de la tienda,sin estimar · sin hogares INEGI a 300 m de la tienda,sin estimar · sin hogares INEGI a 300 m de la tienda,sin estimar · sin hogares INEGI a 300 m de la tienda,sin estimar · sin hogares INEGI a 300 m de la tienda,sin estimar · sin hogares INEGI a 300 m de la tienda,sin estimar · sin hogares INEGI a 300 m de la tienda,no aplica · AltScore solo en la ZM Mérida,no aplica · AltScore solo en la ZM Mérida,sin estimar · sin hogares INEGI a 300 m de la tienda,sin estimar · sin hogares INEGI a 300 m de la tienda,sin estimar · sin hogares INEGI a 300 m de la tienda,sin estimar · sin hogares INEGI a 300 m de la tienda,sin estimar · sin hogares INEGI a 300 m de la tienda,sin estimar · sin hogares INEGI a 300 m de la tienda,sin estimar · sin hogares INEGI a 300 m de la tienda
MI BODEGA - TIXKOKOB,21.00009,-89.401435,TIXKOKOB,97470,Tixkokob (YUC),L,L,sí,Yucatán,8945098cbafffff,218,7.6,10.3,11.3,13.3,14.9,42.7,2.54,no aplica · AltScore solo en la ZM Mérida,no aplica · AltScore solo en la ZM Mérida,2.54,2.86,solo INEGI; H si ≥ media INEGI de nuestros PDV Tradicional (06),L,sí,L,sí
MI BODEGA - TIXTLA GUERRERO,17.561264,-99.406992,BARRIO DEL SANTUARIO,39170,Tixtla de Guerrero (GRO),L,L,sí,Guerrero,8949b0224d7ffff,268,6.3,10.1,11,12,13,47.7,2.42,no aplica · AltScore solo en la ZM Mérida,no aplica · AltScore solo en la ZM Mérida,2.42,2.86,solo INEGI; H si ≥ media INEGI de nuestros PDV Tradicional (06),L,sí,L,sí
MI BODEGA - TIZIMIN,21.14514,-88.15077,CENTRO,97700,Tizimín (YUC),L,L,sí,Yucatán,89450b8b53bffff,202,5.6,8.5,11.1,13.8,15.5,45.5,2.38,no aplica · AltScore solo en la ZM Mérida,no aplica · AltScore solo en la ZM Mérida,2.38,2.86,solo INEGI; H si ≥ media INEGI de nuestros PDV Tradicional (06),L,sí,L,sí
MI BODEGA - TLAHUELILPAN,20.129686,-99.236376,LA RANCHERIA,42780,Tlahuelilpan (HGO),L,L,sí,Hidalgo,8949825a4b3ffff,59,2.9,5.8,10,14,19.1,48.1,2.15,no aplica · AltScore solo en la ZM Mérida,no aplica · AltScore solo en la ZM Mérida,2.15,2.86,solo INEGI; H si ≥ media INEGI de nuestros PDV Tradicional (06),L,sí,L,sí
MI BODEGA - TLALCILALCALPAN,19.297387,-99.76942,sin colonia en Nielsen,50940,Almoloya de Juárez (MEX),L,L,sí,México,894986722d7ffff,313,5.6,10,13,15.1,15.7,40.6,2.53,no aplica · AltScore solo en la ZM Mérida,no aplica · AltScore solo en la ZM Mérida,2.53,2.86,solo INEGI; H si ≥ media INEGI de nuestros PDV Tradicional (06),L,sí,L,sí
MI BODEGA - TLALIXCOYAN PIEDRAS NE,18.767506,-96.171159,PIEDRAS NEGRAS,95222,Tlalixcoyan (VER),L,L,sí,Veracruz de Ignacio de la Llave,896d3450cb7ffff,326,3.9,7.1,8.9,12,13.6,54.5,2.12,no aplica · AltScore solo en la ZM Mérida,no aplica · AltScore solo en la ZM Mérida,2.12,2.86,solo INEGI; H si ≥ media INEGI de nuestros PDV Tradicional (06),L,sí,L,sí
MI BODEGA - TLALMANALCO,19.203534,-98.800594,TLALMANALCO,56700,Tlalmanalco (MEX),L,L,sí,México,8949958b66bffff,503,6.2,11,14.3,16.9,16.7,34.9,2.68,no aplica · AltScore solo en la ZM Mérida,no aplica · AltScore solo en la ZM Mérida,2.68,2.86,solo INEGI; H si ≥ media INEGI de nuestros PDV Tradicional (06),L,sí,L,sí
MI BODEGA - TLAPACOYAN,19.964845,-97.208132,FRANCISCO GONZALEZ BOCANEGRA,93650,Tlapacoyan (VER),L,L,sí,Veracruz de Ignacio de la Llave,89499051e67ffff,957,2.4,4.7,6.6,10.2,13.5,62.6,1.85,no aplica · AltScore solo en la ZM Mérida,no aplica · AltScore solo en la ZM Mérida,1.85,2.86,solo INEGI; H si ≥ media INEGI de nuestros PDV Tradicional (06),L,sí,L,sí
MI BODEGA - TLATLAUQUITEPEC,19.852572,-97.498391,CENTRO,73900,Tlatlauquitepec (PUE),L,L,sí,Puebla,894990ce9c3ffff,301,8.2,11.2,11.9,13.3,14,41.3,2.62,no aplica · AltScore solo en la ZM Mérida,no aplica · AltScore solo en la ZM Mérida,2.62,2.86,solo INEGI; H si ≥ media INEGI de nuestros PDV Tradicional (06),L,sí,L,sí
MI BODEGA - TLAXCO,19.610421,-98.120063,EJIDAL,90250,Tlaxco (TLAX),L,L,sí,Tlaxcala,89499096b0bffff,427,4.9,7.1,9.4,12.1,15.1,51.3,2.21,no aplica · AltScore solo en la ZM Mérida,no aplica · AltScore solo en la ZM Mérida,2.21,2.86,solo INEGI; H si ≥ media INEGI de nuestros PDV Tradicional (06),L,sí,L,sí
MI BODEGA - TLAXCOAPAN,20.092943,-99.220712,CENTRO,42950,Tlaxcoapan (HGO),L,L,sí,Hidalgo,89499525db3ffff,374,6.8,10.9,14.2,15.5,14.4,38.2,2.66,no aplica · AltScore solo en la ZM Mérida,no aplica · AltScore solo en la ZM Mérida,2.66,2.86,solo INEGI; H si ≥ media INEGI de nuestros PDV Tradicional (06),L,sí,L,sí
MI BODEGA - TONALA,16.088056,-93.748244,BARRIO NICATAN,30500,Tonalá (CHIS),L,L,sí,Chiapas,896d04af58fffff,582,5,8,8.6,10.2,11.7,56.5,2.15,no aplica · AltScore solo en la ZM Mérida,no aplica · AltScore solo en la ZM Mérida,2.15,2.86,solo INEGI; H si ≥ media INEGI de nuestros PDV Tradicional (06),L,sí,L,sí
MI BODEGA - TUXTLA CHICO,14.938162,-92.162598,SANTA ELENA,30870,Tuxtla Chico (CHIS),L,L,sí,Chiapas,896d2ab96bbffff,177,5.7,8.6,9,10.5,12.7,53.5,2.23,no aplica · AltScore solo en la ZM Mérida,no aplica · AltScore solo en la ZM Mérida,2.23,2.86,solo INEGI; H si ≥ media INEGI de nuestros PDV Tradicional (06),L,sí,L,sí
MI BODEGA - UMAN,20.883413,-89.749147,SAN LAZARO,97393,Umán (YUC),L,L,sí,Yucatán,8945724d49bffff,402,6.3,9.3,12,14.6,16.2,41.6,2.5,56,2,2.41,2.88,(1 − 0.25) · INEGI + 0.25 · AltScore; H si ≥ media de nuestros PDV Tradicional (06),L,sí,L,sí
MI BODEGA - V DEL MEZQUITAL,20.240453,-99.193486,CENTRO,42730,Progreso de Obregón (HGO),L,L,sí,Hidalgo,8949825830fffff,332,7.3,11.5,14.2,15,13.8,38.2,2.69,no aplica · AltScore solo en la ZM Mérida,no aplica · AltScore solo en la ZM Mérida,2.69,2.86,solo INEGI; H si ≥ media INEGI de nuestros PDV Tradicional (06),L,sí,L,sí
MI BODEGA - VEGA DE ALATORRE,20.02982,-96.651974, Centro,93960,Vega de Alatorre (VER),L,L,sí,Veracruz de Ignacio de la Llave,8949929816bffff,283,5.2,8.9,10.3,13,14.6,48.1,2.33,no aplica · AltScore solo en la ZM Mérida,no aplica · AltScore solo en la ZM Mérida,2.33,2.86,solo INEGI; H si ≥ media INEGI de nuestros PDV Tradicional (06),L,sí,L,sí
MI BODEGA - VILLA DEL CARBON CENTR,19.726642,-99.46178,sin colonia en Nielsen,54300,Villa del Carbón (MEX),L,L,sí,México,894995a4bbbffff,178,5.6,10,12.7,14.6,15.2,42,2.5,no aplica · AltScore solo en la ZM Mérida,no aplica · AltScore solo en la ZM Mérida,2.5,2.86,solo INEGI; H si ≥ media INEGI de nuestros PDV Tradicional (06),L,sí,L,sí
MI BODEGA - VILLA GUERRERO,18.956423,-99.642624,CENTRO,51760,Villa Guerrero (MEX),L,L,sí,México,894986cdc13ffff,418,5,8.6,10.7,13.2,14.9,47.7,2.33,no aplica · AltScore solo en la ZM Mérida,no aplica · AltScore solo en la ZM Mérida,2.33,2.86,solo INEGI; H si ≥ media INEGI de nuestros PDV Tradicional (06),L,sí,L,sí
MI BODEGA - VILLA VICTORIA,19.432498,-99.995304,JESUS MARIA,50963,Villa Victoria (MEX),L,L,sí,México,89498676d13ffff,189,4.3,7.3,9.3,11.5,14.1,53.4,2.16,no aplica · AltScore solo en la ZM Mérida,no aplica · AltScore solo en la ZM Mérida,2.16,2.86,solo INEGI; H si ≥ media INEGI de nuestros PDV Tradicional (06),L,sí,L,sí
MI BODEGA - VILLA VICTORIA SUR,19.432526,-99.995297, Jesus Maria,50974,Villa Victoria (MEX),L,L,sí,México,89498676d13ffff,189,4.3,7.3,9.3,11.5,14.1,53.4,2.16,no aplica · AltScore solo en la ZM Mérida,no aplica · AltScore solo en la ZM Mérida,2.16,2.86,solo INEGI; H si ≥ media INEGI de nuestros PDV Tradicional (06),L,sí,L,sí
MI BODEGA - XICO,19.422062,-97.005958,CENTRO,91240,Xico (VER),L,L,sí,Veracruz de Ignacio de la Llave,894996a9c0fffff,578,5.9,9.4,10.2,11.9,12.4,50.3,2.34,no aplica · AltScore solo en la ZM Mérida,no aplica · AltScore solo en la ZM Mérida,2.34,2.86,solo INEGI; H si ≥ media INEGI de nuestros PDV Tradicional (06),L,sí,L,sí
MI BODEGA - XICOTEPEC,20.267044,-97.959889,CENTRO,73080,Xicotepec (PUE),L,L,sí,Puebla,894990303cfffff,280,5.2,7.9,9.6,11.8,13.6,51.9,2.23,no aplica · AltScore solo en la ZM Mérida,no aplica · AltScore solo en la ZM Mérida,2.23,2.86,solo INEGI; H si ≥ media INEGI de nuestros PDV Tradicional (06),L,sí,L,sí
MI BODEGA - YAJALON,17.177816,-92.3362,YAJALON,29930,Yajalón (CHIS),L,L,sí,Chiapas,896d2152ccfffff,506,3.1,5.1,6.1,7.9,10.6,67.1,1.81,no aplica · AltScore solo en la ZM Mérida,no aplica · AltScore solo en la ZM Mérida,1.81,2.86,solo INEGI; H si ≥ media INEGI de nuestros PDV Tradicional (06),L,sí,L,sí
MI BODEGA - ZACAPOAXTLA,19.878053,-97.588683,CENTRO,73680,Zacapoaxtla (PUE),L,L,sí,Puebla,8949901a467ffff,356,7.4,10.8,12.1,13.7,14,42,2.58,no aplica · AltScore solo en la ZM Mérida,no aplica · AltScore solo en la ZM Mérida,2.58,2.86,solo INEGI; H si ≥ media INEGI de nuestros PDV Tradicional (06),L,sí,L,sí
MI BODEGA - ZACATELCO,19.199524,-98.238046,ZACATELCO,90740,Zacatelco (TLAX),L,L,sí,Tlaxcala,894994342cfffff,473,5.9,9.8,12.9,15.4,16.7,39.3,2.55,no aplica · AltScore solo en la ZM Mérida,no aplica · AltScore solo en la ZM Mérida,2.55,2.86,solo INEGI; H si ≥ media INEGI de nuestros PDV Tradicional (06),L,sí,L,sí
MI BODEGA - ZACATLAN,19.931855,-97.958896,CENTRO,73310,Zacatlán (PUE),L,H,no,Puebla,894990b9027ffff,240,11.8,14.8,13.8,13.3,11.7,34.7,2.98,no aplica · AltScore solo en la ZM Mérida,no aplica · AltScore solo en la ZM Mérida,2.98,2.86,solo INEGI; H si ≥ media INEGI de nuestros PDV Tradicional (06),L,sí,L,sí
MI BODEGA - ZACATLAN NORTE,19.941271,-97.964403,EL FRESNO,73310,Zacatlán (PUE),L,L,sí,Puebla,894990b9173ffff,293,8.7,12,12.5,13.2,13.3,40.4,2.69,no aplica · AltScore solo en la ZM Mérida,no aplica · AltScore solo en la ZM Mérida,2.69,2.86,solo INEGI; H si ≥ media INEGI de nuestros PDV Tradicional (06),L,sí,L,sí
MI BODEGA - ZACUALTIPAN,20.64763,-98.655908,CENTRO,43200,Zacualtipán de Ángeles (HGO),L,L,sí,Hidalgo,89499111b9bffff,521,6.4,9.5,11.8,13,12.3,46.9,2.44,no aplica · AltScore solo en la ZM Mérida,no aplica · AltScore solo en la ZM Mérida,2.44,2.86,solo INEGI; H si ≥ media INEGI de nuestros PDV Tradicional (06),L,sí,L,sí
MI BODEGA - ZAPATA MONTECRISTO,17.738984,-91.769239,GANADERA,86992,Emiliano Zapata (TAB),L,L,sí,Tabasco,896d252b237ffff,675,4.7,7.1,7.7,10.1,12.3,58.1,2.07,no aplica · AltScore solo en la ZM Mérida,no aplica · AltScore solo en la ZM Mérida,2.07,2.86,solo INEGI; H si ≥ media INEGI de nuestros PDV Tradicional (06),L,sí,L,sí
MI BODEGA - ZARAGOZA,18.532396,-92.643591,CENTRO,61830,Centla (TAB),L,L,sí,Tabasco,896d2439307ffff,511,4.8,7.5,8.3,10.8,13.8,54.8,2.14,no aplica · AltScore solo en la ZM Mérida,no aplica · AltScore solo en la ZM Mérida,2.14,2.86,solo INEGI; H si ≥ media INEGI de nuestros PDV Tradicional (06),L,sí,L,sí
MI BODEGA - ZIMATLAN,16.865911,-96.787505,SAN ANTONIO,71200,Zimatlán de Álvarez (OAX),L,sin estimar · falta procesar los insumos INEGI del estado,sin estimar · falta procesar los insumos INEGI del estado,Oaxaca,896d3230103ffff,sin estimar · falta procesar los insumos INEGI del estado,sin estimar · falta procesar los insumos INEGI del estado,sin estimar · falta procesar los insumos INEGI del estado,sin estimar · falta procesar los insumos INEGI del estado,sin estimar · falta procesar los insumos INEGI del estado,sin estimar · falta procesar los insumos INEGI del estado,sin estimar · falta procesar los insumos INEGI del estado,sin estimar · falta procesar los insumos INEGI del estado,no aplica · AltScore solo en la ZM Mérida,no aplica · AltScore solo en la ZM Mérida,sin estimar · falta procesar los insumos INEGI del estado,sin estimar · falta procesar los insumos INEGI del estado,sin estimar · falta procesar los insumos INEGI del estado,sin estimar · falta procesar los insumos INEGI del estado,sin estimar · falta procesar los insumos INEGI del estado,sin estimar · falta procesar los insumos INEGI del estado,sin estimar · falta procesar los insumos INEGI del estado
MI BODEGA - ZUMPANGO DEL RIO,17.647605,-99.531201,UNIVERSAL,40188,Eduardo Neri (GRO),L,H,no,Guerrero,8949b03598fffff,215,9.3,13.9,14.2,14.1,13.1,35.4,2.86,no aplica · AltScore solo en la ZM Mérida,no aplica · AltScore solo en la ZM Mérida,2.86,2.86,solo INEGI; H si ≥ media INEGI de nuestros PDV Tradicional (06),L,sí,L,sí
SAN FCO. AKI CENTENARIO,21.187778,-86.854826,sin colonia en Nielsen,77516,Benito Juárez (QROO),L,L,sí,Quintana Roo,89450a6861bffff,797,4.5,8.4,12.2,16.7,17.8,40.4,2.44,no aplica · AltScore solo en la ZM Mérida,no aplica · AltScore solo en la ZM Mérida,2.44,2.86,solo INEGI; H si ≥ media INEGI de nuestros PDV Tradicional (06),L,sí,L,sí
SAN FCO. AKI GM CENTENARIO,20.970711,-89.63848,CENTRO,97000,Mérida (YUC),L,H,no,Yucatán,894509b0043ffff,125,11.6,14.1,15.6,16.3,15.9,26.6,3.1,22,3.98,3.32,2.88,(1 − 0.25) · INEGI + 0.25 · AltScore; H si ≥ media de nuestros PDV Tradicional (06),H,no,H,no
SAN FCO. AKI GM COZUMEL I,20.489552,-86.951261,SAN MIGUEL,77665,Cozumel (QROO),L,L,sí,Quintana Roo,89450aca86fffff,482,7.2,11.2,13.5,17.2,17.7,33.1,2.74,no aplica · AltScore solo en la ZM Mérida,no aplica · AltScore solo en la ZM Mérida,2.74,2.86,solo INEGI; H si ≥ media INEGI de nuestros PDV Tradicional (06),L,sí,L,sí
SAN FcO. AKI GM RUTA 5,21.175082,-86.840679,SUPERMANZANA 73,77510,Benito Juárez (QROO),L,L,sí,Quintana Roo,89450a6b303ffff,804,4.1,7.6,10.5,14.4,16.6,46.8,2.28,no aplica · AltScore solo en la ZM Mérida,no aplica · AltScore solo en la ZM Mérida,2.28,2.86,solo INEGI; H si ≥ media INEGI de nuestros PDV Tradicional (06),L,sí,L,sí
SAN FCO. AKI GM SANTA ROSA,20.938711,-89.617907,SANTA ROSA,97279,Mérida (YUC),L,L,sí,Yucatán,894509b33bbffff,507,8.6,11.2,13.7,15,15.9,35.7,2.75,34,2.63,2.73,2.88,(1 − 0.25) · INEGI + 0.25 · AltScore; H si ≥ media de nuestros PDV Tradicional (06),L,sí,L,sí
SAN FCO. AKI GM VILLA DEL RIO,19.846103,-90.518766,SANTA LUCIA,24020,Campeche (CAMP),L,H,no,Campeche,8945760cd23ffff,556,11.9,14.5,15.8,15.7,14,28.1,3.1,no aplica · AltScore solo en la ZM Mérida,no aplica · AltScore solo en la ZM Mérida,3.1,2.86,solo INEGI; H si ≥ media INEGI de nuestros PDV Tradicional (06),L,sí,H,no
SAN FCO. AKI MOTUL,21.098126,-89.282928,CENTRO,97430,Motul (YUC),L,L,sí,Yucatán,89450915147ffff,256,7.6,10.6,12.7,13.5,14.4,41.2,2.6,no aplica · AltScore solo en la ZM Mérida,no aplica · AltScore solo en la ZM Mérida,2.6,2.86,solo INEGI; H si ≥ media INEGI de nuestros PDV Tradicional (06),L,sí,L,sí
SAN FCO. AKI PLAYA DEL CARMEN,20.63498,-87.095479,EJIDAL,77712,Solidaridad (QROO),L,L,sí,Quintana Roo,89450a1b047ffff,655,2.9,5.3,8.7,14.1,17.6,51.4,2.08,no aplica · AltScore solo en la ZM Mérida,no aplica · AltScore solo en la ZM Mérida,2.08,2.86,solo INEGI; H si ≥ media INEGI de nuestros PDV Tradicional (06),L,sí,L,sí
SAN FCO. BODEGA MERCADO,20.96277,-89.619273,CENTRO,97000,Mérida (YUC),L,H,no,Yucatán,894509b15b7ffff,20,9.6,13.4,16.1,18.4,17.8,24.8,3.04,230,3.37,3.15,2.88,(1 − 0.25) · INEGI + 0.25 · AltScore; H si ≥ media de nuestros PDV Tradicional (06),L,sí,H,no
SAN FCO. ISLA MUJERES II,21.223038,-86.726674,LA GLORIA,77400,Isla Mujeres (QROO),L,L,sí,Quintana Roo,894519a449bffff,1479,3.6,6.2,8.9,16.6,24.1,40.6,2.27,no aplica · AltScore solo en la ZM Mérida,no aplica · AltScore solo en la ZM Mérida,2.27,2.86,solo INEGI; H si ≥ media INEGI de nuestros PDV Tradicional (06),L,sí,L,sí
SAN FCO. SUPER AKI COLONIA,21.181128,-86.821034,PUERTO JUAREZ,77500,Benito Juárez (QROO),L,L,sí,Quintana Roo,89450a69417ffff,1274,3.5,5.2,7.9,11.4,14.9,57.1,2,no aplica · AltScore solo en la ZM Mérida,no aplica · AltScore solo en la ZM Mérida,2,2.86,solo INEGI; H si ≥ media INEGI de nuestros PDV Tradicional (06),L,sí,L,sí
SAN FCO. SUPER AKI UMAN,20.882199,-89.74697,CENTRO,97390,Umán (YUC),L,L,sí,Yucatán,8945724f26fffff,368,6.2,9.3,12.1,14.8,16.4,41.2,2.51,71,2.06,2.43,2.88,(1 − 0.25) · INEGI + 0.25 · AltScore; H si ≥ media de nuestros PDV Tradicional (06),L,sí,L,sí
SAN FCO. SUPER COZUMEL II,20.507511,-86.944668,CENTRO,77600,Cozumel (QROO),L,L,sí,Quintana Roo,89450acab63ffff,368,7.2,12.2,14.4,17.6,17.3,31.3,2.81,no aplica · AltScore solo en la ZM Mérida,no aplica · AltScore solo en la ZM Mérida,2.81,2.86,solo INEGI; H si ≥ media INEGI de nuestros PDV Tradicional (06),L,sí,L,sí
SAN FCO. SUPER PROGRESO,21.283727,-89.663665,CENTRO,97230,Progreso (YUC),L,L,sí,Yucatán,894509aed73ffff,528,8.5,10.9,13.2,17.2,18.5,31.8,2.78,no aplica · AltScore solo en la ZM Mérida,no aplica · AltScore solo en la ZM Mérida,2.78,2.86,solo INEGI; H si ≥ media INEGI de nuestros PDV Tradicional (06),L,sí,L,sí
SAN FCO. SUPER TIZIMIN,21.143099,-88.153133,CENTRO,97700,Tizimín (YUC),L,L,sí,Yucatán,89450b8b53bffff,202,5.6,8.5,11.1,13.8,15.5,45.5,2.38,no aplica · AltScore solo en la ZM Mérida,no aplica · AltScore solo en la ZM Mérida,2.38,2.86,solo INEGI; H si ≥ media INEGI de nuestros PDV Tradicional (06),L,sí,L,sí
SORIANA ComitÄ¿Ä¿n,16.252707,-92.143356,sin colonia en Nielsen,sin CP en Nielsen,Comitán de Domínguez (CHIS),L,L,sí,Chiapas,896d2e8b1afffff,606,7.4,9.4,8.1,8.3,8.8,58,2.24,no aplica · AltScore solo en la ZM Mérida,no aplica · AltScore solo en la ZM Mérida,2.24,2.86,solo INEGI; H si ≥ media INEGI de nuestros PDV Tradicional (06),L,sí,L,sí
SORIANA HIPERMERCADO APIZACO,19.409796,-98.146106,SAN MARTIN CENTRO,54720,Apizaco (TLAX),L,H,no,Tlaxcala,8949942e8d3ffff,511,11.3,14.8,15.7,16,14.1,27.9,3.09,no aplica · AltScore solo en la ZM Mérida,no aplica · AltScore solo en la ZM Mérida,3.09,2.86,solo INEGI; H si ≥ media INEGI de nuestros PDV Tradicional (06),L,sí,H,no
SORIANA HIPERMERCADO CAPU,19.069953,-98.193712,SANTA MARIA,07870,Puebla (PUE),L,H,no,Puebla,89499432c0bffff,548,10.9,15.4,16.5,18.1,15.7,23.4,3.18,no aplica · AltScore solo en la ZM Mérida,no aplica · AltScore solo en la ZM Mérida,3.18,2.86,solo INEGI; H si ≥ media INEGI de nuestros PDV Tradicional (06),H,no,H,no
SORIANA HIPERMERCADO CHETUMAL,18.526762,-88.29464,EL SOL,09100,Othón P. Blanco (QROO),L,L,sí,Quintana Roo,894501b4447ffff,586,6.7,11.4,14.6,17.7,17.4,32.1,2.76,no aplica · AltScore solo en la ZM Mérida,no aplica · AltScore solo en la ZM Mérida,2.76,2.86,solo INEGI; H si ≥ media INEGI de nuestros PDV Tradicional (06),L,sí,L,sí
SORIANA HIPERMERCADO EL SALADO,19.367127,-99.004966,LA COLMENA,88950,Iztapalapa (DF),L,H,no,Ciudad de México,8949958c02bffff,1361,9.5,14.9,17.2,19.7,17.4,21.3,3.15,no aplica · AltScore solo en la ZM Mérida,no aplica · AltScore solo en la ZM Mérida,3.15,2.86,solo INEGI; H si ≥ media INEGI de nuestros PDV Tradicional (06),L,sí,H,no
SORIANA HIPERMERCADO GUAYABAL,17.971599,-92.922098,PLUTARCO ELIAS CALLES,44810,Centro (TAB),L,H,no,Tabasco,896d20c6e37ffff,115,16,21.1,17.7,16.3,12.6,16.3,3.63,no aplica · AltScore solo en la ZM Mérida,no aplica · AltScore solo en la ZM Mérida,3.63,2.86,solo INEGI; H si ≥ media INEGI de nuestros PDV Tradicional (06),H,no,H,no
SORIANA HIPERMERCADO LOS PINOS,19.214094,-96.172241,PLAYA LINDA,54500,Veracruz (VER),L,L,sí,Veracruz de Ignacio de la Llave,8949965a0d3ffff,426,6.2,10.2,11.6,14.7,15.6,41.8,2.52,no aplica · AltScore solo en la ZM Mérida,no aplica · AltScore solo en la ZM Mérida,2.52,2.86,solo INEGI; H si ≥ media INEGI de nuestros PDV Tradicional (06),L,sí,L,sí
SORIANA HIPERMERCADO POZA RICA,20.543984,-97.465762,PALMA SOLA,04330,Poza Rica de Hidalgo (VER),L,H,no,Veracruz de Ignacio de la Llave,8949906e66bffff,475,12,18.4,17.9,17.9,14.6,19.2,3.38,no aplica · AltScore solo en la ZM Mérida,no aplica · AltScore solo en la ZM Mérida,3.38,2.86,solo INEGI; H si ≥ media INEGI de nuestros PDV Tradicional (06),H,no,H,no
SORIANA HIPERMERCADO RIO MEDIO,19.212727,-96.201201,LOMAS DEL RIO MEDIO II,91809,Veracruz (VER),L,H,no,Veracruz de Ignacio de la Llave,8949965a513ffff,673,12,17.8,17.9,17.8,15.1,19.4,3.36,no aplica · AltScore solo en la ZM Mérida,no aplica · AltScore solo en la ZM Mérida,3.36,2.86,solo INEGI; H si ≥ media INEGI de nuestros PDV Tradicional (06),H,no,H,no
SORIANA HIPERMERCADO SAN CRISTOBAL DE LAS CASAS,16.729234,-92.658253,FATIMA,79026,San Cristóbal de las Casas (CHIS),L,H,no,Chiapas,896d23b1e03ffff,336,14,16.9,12.2,10,8.6,38.3,3.03,no aplica · AltScore solo en la ZM Mérida,no aplica · AltScore solo en la ZM Mérida,3.03,2.86,solo INEGI; H si ≥ media INEGI de nuestros PDV Tradicional (06),L,sí,H,no
SORIANA HIPERMERCADO SENDERO ECATEPEC,19.619442,-98.996531,SAN ISIDRO ATLAUTENCO,67167,Ecatepec de Morelos (MEX),L,H,no,México,8949950642fffff,765,7.7,13.3,16.4,17.9,16.9,27.8,2.94,no aplica · AltScore solo en la ZM Mérida,no aplica · AltScore solo en la ZM Mérida,2.94,2.86,solo INEGI; H si ≥ media INEGI de nuestros PDV Tradicional (06),L,sí,L,sí
SORIANA HIPERMERCADO SENDERO IXTAPALUCA,19.29664,-98.879741,IXTAPALUCA,32674,Ixtapaluca (MEX),L,L,sí,México,89499588e1bffff,8,1.9,4.2,6.2,10,15.9,61.8,1.81,no aplica · AltScore solo en la ZM Mérida,no aplica · AltScore solo en la ZM Mérida,1.81,2.86,solo INEGI; H si ≥ media INEGI de nuestros PDV Tradicional (06),L,sí,L,sí
SORIANA HIPERMERCADO Sendero M¿da,20.97571,-89.596623,CHUMINOPOLIS,06350,Mérida (YUC),L,H,no,Yucatán,894509b11dbffff,307,9.5,12.2,14.2,15.8,16.1,32.2,2.87,43,4.18,3.21,2.88,(1 − 0.25) · INEGI + 0.25 · AltScore; H si ≥ media de nuestros PDV Tradicional (06),H,no,H,no
SORIANA HIPERMERCADO SENDERO TOLUCA,19.290001,-99.554654,PARQUE INDUSTRIAL LERMA,72080,Lerma (MEX),L,L,sí,México,8949864530fffff,31,4.1,8.1,11.5,14.5,16.3,45.4,2.33,no aplica · AltScore solo en la ZM Mérida,no aplica · AltScore solo en la ZM Mérida,2.33,2.86,solo INEGI; H si ≥ media INEGI de nuestros PDV Tradicional (06),L,sí,L,sí
SORIANA MEGA MEGA ACAPULCO VISTA ALEGRE,16.874327,-99.89849,VISTA ALEGRE,39560,Acapulco de Juárez (GRO),L,H,no,Guerrero,8949b555b0bffff,1197,9.1,13.9,15.6,15.9,14.9,30.7,2.95,no aplica · AltScore solo en la ZM Mérida,no aplica · AltScore solo en la ZM Mérida,2.95,2.86,solo INEGI; H si ≥ media INEGI de nuestros PDV Tradicional (06),L,sí,L,sí
SORIANA MEGA MEGA ATLACOMULCO,19.791245,-99.886533,LAS MERCEDES,50450,Atlacomulco (MEX),L,H,no,México,8949829818fffff,44,13.2,22.2,23.1,19.3,11.8,10.5,3.74,no aplica · AltScore solo en la ZM Mérida,no aplica · AltScore solo en la ZM Mérida,3.74,2.86,solo INEGI; H si ≥ media INEGI de nuestros PDV Tradicional (06),H,no,H,no
SORIANA MEGA MEGA JIUTEPEC,18.89731,-99.167265,TEJALPA,62570,Jiutepec (MOR),L,H,no,Morelos,8949b32f46bffff,716,13,16.8,16.4,15.6,12.8,25.4,3.26,no aplica · AltScore solo en la ZM Mérida,no aplica · AltScore solo en la ZM Mérida,3.26,2.86,solo INEGI; H si ≥ media INEGI de nuestros PDV Tradicional (06),H,no,H,no
SORIANA MEGA MEGA NEZAHUALCOYOTL,19.402952,-98.9872,BENITO JUAREZ,57000,Nezahualcóyotl (MEX),L,L,sí,México,8949958dd53ffff,776,6.1,10.6,13.7,16.5,17.1,36.2,2.64,no aplica · AltScore solo en la ZM Mérida,no aplica · AltScore solo en la ZM Mérida,2.64,2.86,solo INEGI; H si ≥ media INEGI de nuestros PDV Tradicional (06),L,sí,L,sí
SORIANA MEGA MEGA PLAZA ATIZAPAN,19.593765,-99.263125,EX HACIENDA PEDREGAL DE ATIZAPAN,52948,Atizapán de Zaragoza (MEX),L,H,no,México,894995a1c37ffff,476,7.9,13.3,16.2,18.1,17.2,27.3,2.95,no aplica · AltScore solo en la ZM Mérida,no aplica · AltScore solo en la ZM Mérida,2.95,2.86,solo INEGI; H si ≥ media INEGI de nuestros PDV Tradicional (06),L,sí,L,sí
SORIANA MEGA MEGA TULANCINGO,20.076926,-98.38609,COL REFORMA,04364,Tulancingo de Bravo (HGO),L,H,no,Hidalgo,89499569303ffff,27,16,20.8,20.2,16.6,11.9,14.6,3.69,no aplica · AltScore solo en la ZM Mérida,no aplica · AltScore solo en la ZM Mérida,3.69,2.86,solo INEGI; H si ≥ media INEGI de nuestros PDV Tradicional (06),H,no,H,no
SORIANA MERCADO ATLIXCO,18.899595,-98.433019,REVOLUCION,74270,Atlixco (PUE),L,H,no,Puebla,894994a75c7ffff,365,13.5,15.6,14.6,13.4,10.7,32.2,3.11,no aplica · AltScore solo en la ZM Mérida,no aplica · AltScore solo en la ZM Mérida,3.11,2.86,solo INEGI; H si ≥ media INEGI de nuestros PDV Tradicional (06),L,sí,H,no
SORIANA MERCADO BOSQUES,19.061382,-98.126046,BOSQUES DE SAN SEBASTIAN,72310,Puebla (PUE),L,H,no,Puebla,894994331a7ffff,1440,16.6,20.2,18.3,15.7,13,16.2,3.63,no aplica · AltScore solo en la ZM Mérida,no aplica · AltScore solo en la ZM Mérida,3.63,2.86,solo INEGI; H si ≥ media INEGI de nuestros PDV Tradicional (06),H,no,H,no
SORIANA MERCADO CALZADA ZARAGOZA,19.39534,-99.05111,JUAN ESCUTIA,09100,Iztapalapa (DF),L,H,no,Ciudad de México,8949958cc27ffff,1584,9.6,14.9,17,19.3,16.8,22.4,3.14,no aplica · AltScore solo en la ZM Mérida,no aplica · AltScore solo en la ZM Mérida,3.14,2.86,solo INEGI; H si ≥ media INEGI de nuestros PDV Tradicional (06),L,sí,H,no
SORIANA MERCADO CARDENAS,17.974795,-93.37695,RANCHERIA PASO Y PLAZA CARDENAS,86540,Cárdenas (TAB),L,L,sí,Tabasco,896d26263b3ffff,604,6,9.3,10.3,13.4,15,45.9,2.4,no aplica · AltScore solo en la ZM Mérida,no aplica · AltScore solo en la ZM Mérida,2.4,2.86,solo INEGI; H si ≥ media INEGI de nuestros PDV Tradicional (06),L,sí,L,sí
SORIANA MERCADO CHALCO CENTRO,19.26337,-98.902895,SALITRERIA,56600,Chalco (MEX),L,L,sí,México,8949958aa1bffff,817,4.4,8.3,11.9,15.4,17.2,42.6,2.4,no aplica · AltScore solo en la ZM Mérida,no aplica · AltScore solo en la ZM Mérida,2.4,2.86,solo INEGI; H si ≥ media INEGI de nuestros PDV Tradicional (06),L,sí,L,sí
SORIANA MERCADO CHIMALHUACAN,19.41048,-98.926443,SANTA MARIA NATIVITAS,56330,Chimalhuacán (MEX),L,L,sí,México,89499512d57ffff,782,7.1,12.6,15.6,17.6,16.9,30.2,2.85,no aplica · AltScore solo en la ZM Mérida,no aplica · AltScore solo en la ZM Mérida,2.85,2.86,solo INEGI; H si ≥ media INEGI de nuestros PDV Tradicional (06),L,sí,L,sí
SORIANA MERCADO COMALCALCO,18.274455,-93.219861,LOPEZ MATEOS,86630,Comalcalco (TAB),L,H,no,Tabasco,896d26a5d43ffff,252,10.8,15,13.5,14.3,12.5,33.9,2.96,no aplica · AltScore solo en la ZM Mérida,no aplica · AltScore solo en la ZM Mérida,2.96,2.86,solo INEGI; H si ≥ media INEGI de nuestros PDV Tradicional (06),L,sí,L,sí
SORIANA MERCADO CUNDUACAN,18.070392,-93.165163,TLAJOMULCO,86690,Cunduacán (TAB),L,L,sí,Tabasco,896d20c146fffff,383,7.1,10.7,11.1,12.3,12.5,46.2,2.49,no aplica · AltScore solo en la ZM Mérida,no aplica · AltScore solo en la ZM Mérida,2.49,2.86,solo INEGI; H si ≥ media INEGI de nuestros PDV Tradicional (06),L,sí,L,sí
SORIANA MERCADO ERMITA,19.35826,-99.003751,SANTA MARTHA ACATITLA,09510,Iztapalapa (DF),L,L,sí,Ciudad de México,8949958c003ffff,835,5,8.8,11.7,15.8,17.7,40.9,2.45,no aplica · AltScore solo en la ZM Mérida,no aplica · AltScore solo en la ZM Mérida,2.45,2.86,solo INEGI; H si ≥ media INEGI de nuestros PDV Tradicional (06),L,sí,L,sí
SORIANA MERCADO GALERIAS CHALCO,19.279824,-98.911955,COVADONGA,56607,Chalco (MEX),L,L,sí,México,89499588c97ffff,853,2.7,5.7,9.2,13.4,17.4,51.6,2.08,no aplica · AltScore solo en la ZM Mérida,no aplica · AltScore solo en la ZM Mérida,2.08,2.86,solo INEGI; H si ≥ media INEGI de nuestros PDV Tradicional (06),L,sí,L,sí
SORIANA MERCADO HUAJUAPAN,17.813023,-97.787247,TEPEYAC,69000,Heroica Ciudad de Huajuapan de León (OAX),L,sin estimar · falta procesar los insumos INEGI del estado,sin estimar · falta procesar los insumos INEGI del estado,Oaxaca,8949b20946bffff,sin estimar · falta procesar los insumos INEGI del estado,sin estimar · falta procesar los insumos INEGI del estado,sin estimar · falta procesar los insumos INEGI del estado,sin estimar · falta procesar los insumos INEGI del estado,sin estimar · falta procesar los insumos INEGI del estado,sin estimar · falta procesar los insumos INEGI del estado,sin estimar · falta procesar los insumos INEGI del estado,sin estimar · falta procesar los insumos INEGI del estado,no aplica · AltScore solo en la ZM Mérida,no aplica · AltScore solo en la ZM Mérida,sin estimar · falta procesar los insumos INEGI del estado,sin estimar · falta procesar los insumos INEGI del estado,sin estimar · falta procesar los insumos INEGI del estado,sin estimar · falta procesar los insumos INEGI del estado,sin estimar · falta procesar los insumos INEGI del estado,sin estimar · falta procesar los insumos INEGI del estado,sin estimar · falta procesar los insumos INEGI del estado
SORIANA MERCADO INSURGENTES,17.995969,-94.582782,INSURGENTES NORTE,96710,Minatitlán (VER),L,L,sí,Veracruz de Ignacio de la Llave,896d35aa643ffff,480,6.4,11.2,12.9,15.9,16,37.7,2.63,no aplica · AltScore solo en la ZM Mérida,no aplica · AltScore solo en la ZM Mérida,2.63,2.86,solo INEGI; H si ≥ media INEGI de nuestros PDV Tradicional (06),L,sí,L,sí
SORIANA MERCADO IZTAPALAPA REFORMA,19.343944,-99.028371,REFORMA POLITICA,09609,Iztapalapa (DF),L,L,sí,Ciudad de México,8949958c58fffff,984,7.6,11.9,14,17,16.3,33.2,2.78,no aplica · AltScore solo en la ZM Mérida,no aplica · AltScore solo en la ZM Mérida,2.78,2.86,solo INEGI; H si ≥ media INEGI de nuestros PDV Tradicional (06),L,sí,L,sí
SORIANA MERCADO LA CONCHITA,19.252047,-98.899259,BARRIO LA CONCHITA,56600,Chalco (MEX),L,H,no,México,894995885a7ffff,607,8.5,14.2,16.7,17.9,16.4,26.3,3.02,no aplica · AltScore solo en la ZM Mérida,no aplica · AltScore solo en la ZM Mérida,3.02,2.86,solo INEGI; H si ≥ media INEGI de nuestros PDV Tradicional (06),L,sí,H,no
SORIANA MERCADO LA JOYA,19.617935,-99.068353,GUADALUPE VICTORIA,55210,Ecatepec de Morelos (MEX),L,L,sí,México,894995a9543ffff,784,5.4,9.9,13.3,16,16.9,38.6,2.55,no aplica · AltScore solo en la ZM Mérida,no aplica · AltScore solo en la ZM Mérida,2.55,2.86,solo INEGI; H si ≥ media INEGI de nuestros PDV Tradicional (06),L,sí,L,sí
SORIANA MERCADO LOPEZ RAYON,18.253552,-93.232211,MORELOS,86300,Comalcalco (TAB),L,H,no,Tabasco,896d26a5b93ffff,36,11.9,17,15.6,16,13.8,25.8,3.2,no aplica · AltScore solo en la ZM Mérida,no aplica · AltScore solo en la ZM Mérida,3.2,2.86,solo INEGI; H si ≥ media INEGI de nuestros PDV Tradicional (06),H,no,H,no
SORIANA MERCADO NUCLEO DEPORTIVO,19.179914,-96.155581,POCITOS Y RIVERA,91729,Veracruz (VER),L,L,sí,Veracruz de Ignacio de la Llave,896d34da627ffff,551,4.4,7.9,9.9,13.8,16.4,47.6,2.27,no aplica · AltScore solo en la ZM Mérida,no aplica · AltScore solo en la ZM Mérida,2.27,2.86,solo INEGI; H si ≥ media INEGI de nuestros PDV Tradicional (06),L,sí,L,sí
SORIANA MERCADO OLUTA,17.939843,-94.910608,CENTRO,96160,Acayucan (VER),L,L,sí,Veracruz de Ignacio de la Llave,896d3501127ffff,90,3.2,4.5,5.9,8.2,8.9,69.2,1.77,no aplica · AltScore solo en la ZM Mérida,no aplica · AltScore solo en la ZM Mérida,1.77,2.86,solo INEGI; H si ≥ media INEGI de nuestros PDV Tradicional (06),L,sí,L,sí
SORIANA MERCADO ORIZABA,18.862137,-97.10754,CENTRO,94300,Orizaba (VER),L,L,sí,Veracruz de Ignacio de la Llave,8949969626fffff,1064,6.4,11,13.2,17.2,17.7,34.5,2.68,no aplica · AltScore solo en la ZM Mérida,no aplica · AltScore solo en la ZM Mérida,2.68,2.86,solo INEGI; H si ≥ media INEGI de nuestros PDV Tradicional (06),L,sí,L,sí
SORIANA MERCADO PARAISO,18.402005,-93.20523,PUERTO CEIBA ,86600,Paraíso (TAB),L,L,sí,Tabasco,896d26b5b07ffff,328,8.8,12.2,11.4,12.8,13.4,41.6,2.65,no aplica · AltScore solo en la ZM Mérida,no aplica · AltScore solo en la ZM Mérida,2.65,2.86,solo INEGI; H si ≥ media INEGI de nuestros PDV Tradicional (06),L,sí,L,sí
SORIANA MERCADO PEDRO MORENO,18.14433,-94.429823,CENTRO,96400,Coatzacoalcos (VER),L,L,sí,Veracruz de Ignacio de la Llave,896d35b0257ffff,562,6.8,11.6,13.4,17.4,17.7,33.1,2.73,no aplica · AltScore solo en la ZM Mérida,no aplica · AltScore solo en la ZM Mérida,2.73,2.86,solo INEGI; H si ≥ media INEGI de nuestros PDV Tradicional (06),L,sí,L,sí
SORIANA MERCADO PEON,19.430011,-98.96042,XOCHITENCO,56360,Chimalhuacán (MEX),L,L,sí,México,8949958da37ffff,1446,2.9,6,9.4,13.4,17,51.3,2.1,no aplica · AltScore solo en la ZM Mérida,no aplica · AltScore solo en la ZM Mérida,2.1,2.86,solo INEGI; H si ≥ media INEGI de nuestros PDV Tradicional (06),L,sí,L,sí
SORIANA MERCADO SAN MATEO ATENCO,19.254272,-99.530117,BARRIO SAN LUCAS,52100,San Mateo Atenco (MEX),L,L,sí,México,8949864e5b7ffff,681,4.5,8.2,11.2,14.2,16,45.9,2.33,no aplica · AltScore solo en la ZM Mérida,no aplica · AltScore solo en la ZM Mérida,2.33,2.86,solo INEGI; H si ≥ media INEGI de nuestros PDV Tradicional (06),L,sí,L,sí
SORIANA MERCADO SAN VICENTE,19.415738,-98.91648,CABECERA MUNICIPAL,56370,Chicoloapan (MEX),L,L,sí,México,894995128b3ffff,251,5.2,9.7,13.3,16.7,18,37.1,2.56,no aplica · AltScore solo en la ZM Mérida,no aplica · AltScore solo en la ZM Mérida,2.56,2.86,solo INEGI; H si ≥ media INEGI de nuestros PDV Tradicional (06),L,sí,L,sí
SORIANA MERCADO SANTA LUCIA,19.364975,-99.241635,ESTADO DE HIDALGO,01500,Álvaro Obregón (DF),L,L,sí,Ciudad de México,894995b148bffff,1422,8.4,12.2,13.9,17.4,16.6,31.5,2.84,no aplica · AltScore solo en la ZM Mérida,no aplica · AltScore solo en la ZM Mérida,2.84,2.86,solo INEGI; H si ≥ media INEGI de nuestros PDV Tradicional (06),L,sí,L,sí
SORIANA MERCADO SANTIAGO TIANGUISTENCO,19.177331,-99.471199,LA REJA,52600,Tianguistenco (MEX),L,L,sí,México,89498640227ffff,350,7.5,12.3,14.6,15.9,15.2,34.5,2.77,no aplica · AltScore solo en la ZM Mérida,no aplica · AltScore solo en la ZM Mérida,2.77,2.86,solo INEGI; H si ≥ media INEGI de nuestros PDV Tradicional (06),L,sí,L,sí
SORIANA MERCADO TAPACHULA,14.903722,-92.246545,COAPANTE,30740,Tapachula (CHIS),L,L,sí,Chiapas,896d2a171b3ffff,323,9.3,11.8,9.8,9.6,9.6,49.9,2.52,no aplica · AltScore solo en la ZM Mérida,no aplica · AltScore solo en la ZM Mérida,2.52,2.86,solo INEGI; H si ≥ media INEGI de nuestros PDV Tradicional (06),L,sí,L,sí
SORIANA MERCADO TEOLOYUCAN,19.750728,-99.175871,ANALCO,54783,Teoloyucan (MEX),L,L,sí,México,89499532c87ffff,216,5.5,10.3,13.7,15.9,16.1,38.4,2.58,no aplica · AltScore solo en la ZM Mérida,no aplica · AltScore solo en la ZM Mérida,2.58,2.86,solo INEGI; H si ≥ media INEGI de nuestros PDV Tradicional (06),L,sí,L,sí
SORIANA MERCADO TIZAYUCA,19.832129,-98.979637,BARRIO ATEMPA,43800,Tizayuca (HGO),L,H,no,Hidalgo,8949953ae1bffff,915,8.2,12.7,15.9,17.2,14.7,31.3,2.88,no aplica · AltScore solo en la ZM Mérida,no aplica · AltScore solo en la ZM Mérida,2.88,2.86,solo INEGI; H si ≥ media INEGI de nuestros PDV Tradicional (06),L,sí,L,sí
SORIANA MERCADO VALLE DE CHALCO,19.281435,-98.943132,ALFREDO BARANDA,56610,Valle de Chalco Solidaridad (MEX),L,L,sí,México,8949958f6d3ffff,1108,2.5,5.2,8.6,13.1,18,52.7,2.03,no aplica · AltScore solo en la ZM Mérida,no aplica · AltScore solo en la ZM Mérida,2.03,2.86,solo INEGI; H si ≥ media INEGI de nuestros PDV Tradicional (06),L,sí,L,sí
SORIANA MERCADO VIA MORELOS,19.550943,-99.053101,SANTA CLARA CUATITLA,54190,Ecatepec de Morelos (MEX),L,L,sí,México,89499516b27ffff,55,2.8,5.9,9.7,14.3,19,48.2,2.15,no aplica · AltScore solo en la ZM Mérida,no aplica · AltScore solo en la ZM Mérida,2.15,2.86,solo INEGI; H si ≥ media INEGI de nuestros PDV Tradicional (06),L,sí,L,sí
SORIANA MERCADO VILLA NICOLAS ROMERO,19.618275,-99.306746,HIDALGO,11520,Nicolás Romero (MEX),L,L,sí,México,894995a0aa7ffff,874,6.6,11.8,15.3,17.2,16.7,32.4,2.77,no aplica · AltScore solo en la ZM Mérida,no aplica · AltScore solo en la ZM Mérida,2.77,2.86,solo INEGI; H si ≥ media INEGI de nuestros PDV Tradicional (06),L,sí,L,sí
SORIANA MERCADO ZUMPANGO,19.797522,-99.105893,SAN JUAN,55600,Zumpango (MEX),L,L,sí,México,8949953015bffff,68,7.1,12.4,15.3,16.8,15.8,32.6,2.81,no aplica · AltScore solo en la ZM Mérida,no aplica · AltScore solo en la ZM Mérida,2.81,2.86,solo INEGI; H si ≥ media INEGI de nuestros PDV Tradicional (06),L,sí,L,sí
SORIANA SUPER AVENIDA 39,18.640895,-91.838061,CENTRO,24100,Carmen (CAMP),L,H,no,Campeche,89457492667ffff,126,10.7,13.6,13.9,14.7,14.2,32.8,2.93,no aplica · AltScore solo en la ZM Mérida,no aplica · AltScore solo en la ZM Mérida,2.93,2.86,solo INEGI; H si ≥ media INEGI de nuestros PDV Tradicional (06),L,sí,L,sí
SÚPER AKI PUERTO AVENTURAS,20.510887,-87.225061,PUERTO MAYA,77734,Solidaridad (QROO),L,L,sí,Quintana Roo,89450ac6c7bffff,598,1.6,3.5,6.8,11.6,16.3,60.3,1.82,no aplica · AltScore solo en la ZM Mérida,no aplica · AltScore solo en la ZM Mérida,1.82,2.86,solo INEGI; H si ≥ media INEGI de nuestros PDV Tradicional (06),L,sí,L,sí
SUPER CHEDRAUI ALAMO,20.91762,-97.67614,CENTRO,96730,Álamo Temapache (VER),L,L,sí,Veracruz de Ignacio de la Llave,8949938f00bffff,169,5,8.5,9.9,12.4,13.2,51.1,2.26,no aplica · AltScore solo en la ZM Mérida,no aplica · AltScore solo en la ZM Mérida,2.26,2.86,solo INEGI; H si ≥ media INEGI de nuestros PDV Tradicional (06),L,sí,L,sí
SUPER CHEDRAUI ATOYAC,17.20432,-100.43765,SANTA DOROTEA,40930,Atoyac de Álvarez (GRO),L,L,sí,Guerrero,8949b521163ffff,493,4.4,7.7,9.4,11.3,13.1,54.1,2.17,no aplica · AltScore solo en la ZM Mérida,no aplica · AltScore solo en la ZM Mérida,2.17,2.86,solo INEGI; H si ≥ media INEGI de nuestros PDV Tradicional (06),L,sí,L,sí
SUPER CHEDRAUI CD HUIXTLA,15.14047,-92.46498,BARRIO DEL CARMEN,30170,Huixtla (CHIS),L,L,sí,Chiapas,896d2ad5937ffff,399,5.5,8.9,9.3,10.9,12.5,53,2.25,no aplica · AltScore solo en la ZM Mérida,no aplica · AltScore solo en la ZM Mérida,2.25,2.86,solo INEGI; H si ≥ media INEGI de nuestros PDV Tradicional (06),L,sí,L,sí
SUPER CHEDRAUI CHILAPA,17.59818,-99.1726,CENTRO,41100,Chilapa de Álvarez (GRO),L,L,sí,Guerrero,8949b076d83ffff,710,5.4,9.1,10.1,11.2,11.8,52.4,2.28,no aplica · AltScore solo en la ZM Mérida,no aplica · AltScore solo en la ZM Mérida,2.28,2.86,solo INEGI; H si ≥ media INEGI de nuestros PDV Tradicional (06),L,sí,L,sí
SUPER CHEDRAUI CIUDAD HIDALGO,14.68207,-92.1487,CENTRO,30840,Suchiate (CHIS),L,L,sí,Chiapas,896d2aa9b2fffff,214,5.8,9,9.8,12.3,13.7,49.4,2.33,no aplica · AltScore solo en la ZM Mérida,no aplica · AltScore solo en la ZM Mérida,2.33,2.86,solo INEGI; H si ≥ media INEGI de nuestros PDV Tradicional (06),L,sí,L,sí
SUPER CHEDRAUI EMILIANO ZAPATA,17.7425,-91.77206,GANADERIA,86981,Emiliano Zapata (TAB),L,L,sí,Tabasco,896d252b233ffff,290,4.9,7.4,8,10.5,12.7,56.5,2.12,no aplica · AltScore solo en la ZM Mérida,no aplica · AltScore solo en la ZM Mérida,2.12,2.86,solo INEGI; H si ≥ media INEGI de nuestros PDV Tradicional (06),L,sí,L,sí
SUPER CHEDRAUI ESCARCEGA,18.60486,-90.73073,CENTRO,24350,Escárcega (CAMP),L,L,sí,Campeche,89452900b0bffff,371,6.4,8.9,10.2,12,13.3,49.3,2.35,no aplica · AltScore solo en la ZM Mérida,no aplica · AltScore solo en la ZM Mérida,2.35,2.86,solo INEGI; H si ≥ media INEGI de nuestros PDV Tradicional (06),L,sí,L,sí
SUPER CHEDRAUI FELIPE CARRILLO PUER,19.58212,-88.05256,CECILIO CHI,77230,Felipe Carrillo Puerto (QROO),L,L,sí,Quintana Roo,89450eb7547ffff,277,6.4,11.7,14.8,18.1,17.6,31.3,2.77,no aplica · AltScore solo en la ZM Mérida,no aplica · AltScore solo en la ZM Mérida,2.77,2.86,solo INEGI; H si ≥ media INEGI de nuestros PDV Tradicional (06),L,sí,L,sí
SUPER CHEDRAUI HUAMANTLA,19.32244,-97.92175,EMILIANO ZAPATA,90500,Huamantla (TLAX),L,L,sí,Tlaxcala,8949942866fffff,782,6.9,10,12.2,14.4,15.8,40.7,2.56,no aplica · AltScore solo en la ZM Mérida,no aplica · AltScore solo en la ZM Mérida,2.56,2.86,solo INEGI; H si ≥ media INEGI de nuestros PDV Tradicional (06),L,sí,L,sí
SUPER CHEDRAUI HUIMANGUILLO,17.83229,-93.3969,CENTRO,86400,Huimanguillo (TAB),L,L,sí,Tabasco,896d205a56bffff,283,6.1,9.1,9.3,10.8,12,52.7,2.28,no aplica · AltScore solo en la ZM Mérida,no aplica · AltScore solo en la ZM Mérida,2.28,2.86,solo INEGI; H si ≥ media INEGI de nuestros PDV Tradicional (06),L,sí,L,sí
SUPER CHEDRAUI JALPA DE MENDEZ,18.176,-93.04952,BARRIO LA CANDELARIA,86200,Jalpa de Méndez (TAB),L,L,sí,Tabasco,896d20d08cbffff,74,6.5,10.5,11.6,13.6,15.4,42.3,2.52,no aplica · AltScore solo en la ZM Mérida,no aplica · AltScore solo en la ZM Mérida,2.52,2.86,solo INEGI; H si ≥ media INEGI de nuestros PDV Tradicional (06),L,sí,L,sí
SUPER CHEDRAUI JALTIPAN,17.96074,-94.71259,DEPORTIVA,96280,Jáltipan (VER),L,L,sí,Veracruz de Ignacio de la Llave,896d35159b7ffff,326,3.8,7.3,9.5,13.4,16.2,49.7,2.2,no aplica · AltScore solo en la ZM Mérida,no aplica · AltScore solo en la ZM Mérida,2.2,2.86,solo INEGI; H si ≥ media INEGI de nuestros PDV Tradicional (06),L,sí,L,sí
SUPER CHEDRAUI MACUSPANA,17.76429,-92.59674,CENTRO,86706,Macuspana (TAB),L,L,sí,Tabasco,896d20b980fffff,564,8.2,12.2,12.2,13.5,13.9,40.1,2.67,no aplica · AltScore solo en la ZM Mérida,no aplica · AltScore solo en la ZM Mérida,2.67,2.86,solo INEGI; H si ≥ media INEGI de nuestros PDV Tradicional (06),L,sí,L,sí
SUPER CHEDRAUI NANCHITAL,18.07653,-94.40798,SAN AGUSTIN,96360,Nanchital de Lázaro Cárdenas del Río (VER),L,L,sí,Veracruz de Ignacio de la Llave,896d35b1923ffff,372,5.6,9.8,11.1,13.2,14.1,46.2,2.41,no aplica · AltScore solo en la ZM Mérida,no aplica · AltScore solo en la ZM Mérida,2.41,2.86,solo INEGI; H si ≥ media INEGI de nuestros PDV Tradicional (06),L,sí,L,sí
SUPER CHEDRAUI OCOZOCOAUTLA CENTRO,16.76147,-93.37411,CENTRO,29140,Ocozocoautla de Espinosa (CHIS),L,L,sí,Chiapas,896d23cd173ffff,803,4.8,7.3,7.6,8.8,10.1,61.4,2.04,no aplica · AltScore solo en la ZM Mérida,no aplica · AltScore solo en la ZM Mérida,2.04,2.86,solo INEGI; H si ≥ media INEGI de nuestros PDV Tradicional (06),L,sí,L,sí
SUPER CHEDRAUI OMETEPEC,16.69216,-98.4143,BARRIO DE TLAPA,41706,Ometepec (GRO),L,L,sí,Guerrero,8949b6a9e0bffff,363,4.7,7.9,9.1,10.8,12.9,54.7,2.17,no aplica · AltScore solo en la ZM Mérida,no aplica · AltScore solo en la ZM Mérida,2.17,2.86,solo INEGI; H si ≥ media INEGI de nuestros PDV Tradicional (06),L,sí,L,sí
SUPER CHEDRAUI PAPANTLA,20.44631,-97.32001,CENTRO,93400,Papantla (VER),L,L,sí,Veracruz de Ignacio de la Llave,8949906b5afffff,623,6.6,11.6,13.3,17,17.2,34.4,2.7,no aplica · AltScore solo en la ZM Mérida,no aplica · AltScore solo en la ZM Mérida,2.7,2.86,solo INEGI; H si ≥ media INEGI de nuestros PDV Tradicional (06),L,sí,L,sí
SUPER CHEDRAUI PEROTE,19.562,-97.24728,CENTRO,91270,Perote (VER),L,L,sí,Veracruz de Ignacio de la Llave,894990d948fffff,460,9,14,13.9,14.7,13.2,35.2,2.85,no aplica · AltScore solo en la ZM Mérida,no aplica · AltScore solo en la ZM Mérida,2.85,2.86,solo INEGI; H si ≥ media INEGI de nuestros PDV Tradicional (06),L,sí,L,sí
SUPER CHEDRAUI PINOTEPA NACIONAL,16.34134,-98.05334,CENTRO,71600,Santiago Pinotepa Nacional (OAX),L,sin estimar · falta procesar los insumos INEGI del estado,sin estimar · falta procesar los insumos INEGI del estado,Oaxaca,8949b6c444fffff,sin estimar · falta procesar los insumos INEGI del estado,sin estimar · falta procesar los insumos INEGI del estado,sin estimar · falta procesar los insumos INEGI del estado,sin estimar · falta procesar los insumos INEGI del estado,sin estimar · falta procesar los insumos INEGI del estado,sin estimar · falta procesar los insumos INEGI del estado,sin estimar · falta procesar los insumos INEGI del estado,sin estimar · falta procesar los insumos INEGI del estado,no aplica · AltScore solo en la ZM Mérida,no aplica · AltScore solo en la ZM Mérida,sin estimar · falta procesar los insumos INEGI del estado,sin estimar · falta procesar los insumos INEGI del estado,sin estimar · falta procesar los insumos INEGI del estado,sin estimar · falta procesar los insumos INEGI del estado,sin estimar · falta procesar los insumos INEGI del estado,sin estimar · falta procesar los insumos INEGI del estado,sin estimar · falta procesar los insumos INEGI del estado
SUPER CHEDRAUI SELECTO COATZACOALCOS,17.99399,-94.57486,HEROES DE NACOZARI,96599,Minatitlán (VER),L,L,sí,Veracruz de Ignacio de la Llave,896d35aa60fffff,146,6.2,10.9,12.7,15.8,16.5,37.9,2.61,no aplica · AltScore solo en la ZM Mérida,no aplica · AltScore solo en la ZM Mérida,2.61,2.86,solo INEGI; H si ≥ media INEGI de nuestros PDV Tradicional (06),L,sí,L,sí
SUPER CHEDRAUI TAXCO GUERRERO,18.56419,-99.60294,BARRIO DE LA FLORIDA,40230,Taxco de Alarcón (GRO),L,L,sí,Guerrero,8949b3a486fffff,978,5.2,8.8,10.8,12.9,14.3,48.1,2.34,no aplica · AltScore solo en la ZM Mérida,no aplica · AltScore solo en la ZM Mérida,2.34,2.86,solo INEGI; H si ≥ media INEGI de nuestros PDV Tradicional (06),L,sí,L,sí
SUPER CHEDRAUI TEAPA,17.5542,-92.94698,CENTRO,86800,Teapa (TAB),L,L,sí,Tabasco,896d200d5c7ffff,93,6.9,9.7,9.7,11,12.1,50.6,2.36,no aplica · AltScore solo en la ZM Mérida,no aplica · AltScore solo en la ZM Mérida,2.36,2.86,solo INEGI; H si ≥ media INEGI de nuestros PDV Tradicional (06),L,sí,L,sí
SUPER CHEDRAUI TEJUPILCO,18.91126,-100.15103,CENTRO,51400,Tejupilco (MEX),L,L,sí,México,8949868c123ffff,183,6.4,11.6,15.2,17.1,17,32.8,2.75,no aplica · AltScore solo en la ZM Mérida,no aplica · AltScore solo en la ZM Mérida,2.75,2.86,solo INEGI; H si ≥ media INEGI de nuestros PDV Tradicional (06),L,sí,L,sí
SUPER CHEDRAUI TENANCINGO,18.95711,-99.59146,SAN ISIDRO,52400,Tenancingo (MEX),L,L,sí,México,894986cd347ffff,637,7,12,14.7,16.7,15.9,33.6,2.77,no aplica · AltScore solo en la ZM Mérida,no aplica · AltScore solo en la ZM Mérida,2.77,2.86,solo INEGI; H si ≥ media INEGI de nuestros PDV Tradicional (06),L,sí,L,sí
SUPER CHEDRAUI TENOSIQUE,17.47262,-91.4252,CENTRO,86901,Tenosique (TAB),L,L,sí,Tabasco,89452da722fffff,551,5.6,9.2,9.9,11.8,12.7,50.7,2.31,no aplica · AltScore solo en la ZM Mérida,no aplica · AltScore solo en la ZM Mérida,2.31,2.86,solo INEGI; H si ≥ media INEGI de nuestros PDV Tradicional (06),L,sí,L,sí
SUPER CHEDRAUI TEPEACA,18.96238,-97.90621,CENTRO,75200,Tepeaca (PUE),L,L,sí,Puebla,894994009cfffff,439,8,11.8,13.1,13.8,13.9,39.4,2.68,no aplica · AltScore solo en la ZM Mérida,no aplica · AltScore solo en la ZM Mérida,2.68,2.86,solo INEGI; H si ≥ media INEGI de nuestros PDV Tradicional (06),L,sí,L,sí
SUPER CHEDRAUI TICUL,20.39944,-89.5376,CENTRO,97860,Ticul (YUC),L,L,sí,Yucatán,89450d21213ffff,329,7,9.9,12,14.9,17.2,39,2.58,no aplica · AltScore solo en la ZM Mérida,no aplica · AltScore solo en la ZM Mérida,2.58,2.86,solo INEGI; H si ≥ media INEGI de nuestros PDV Tradicional (06),L,sí,L,sí
SUPER CHEDRAUI TLAPA DE COMONFORT,17.54888,-98.5741,SAN FRANCISCO,41300,Tlapa de Comonfort (GRO),L,L,sí,Guerrero,8949b2b2d73ffff,414,6.6,10.8,11.8,13,13.5,44.2,2.51,no aplica · AltScore solo en la ZM Mérida,no aplica · AltScore solo en la ZM Mérida,2.51,2.86,solo INEGI; H si ≥ media INEGI de nuestros PDV Tradicional (06),L,sí,L,sí
SUPER CHEDRAUI TOLUCA TEMOAYA,19.46477,-99.598928,JIQUIPILCO CORDERO,50874,Temoaya (MEX),L,L,sí,México,89498679d13ffff,192,3.9,7.6,10.6,13.5,15.9,48.5,2.25,no aplica · AltScore solo en la ZM Mérida,no aplica · AltScore solo en la ZM Mérida,2.25,2.86,solo INEGI; H si ≥ media INEGI de nuestros PDV Tradicional (06),L,sí,L,sí
SUPER CHEDRAUI TUXTLA GUTIÉRREZ CENTRAL CAMIONERA,16.74264,-93.10274,TERAN,29000,Tuxtla Gutiérrez (CHIS),L,L,sí,Chiapas,896d2311007ffff,631,8.7,12.6,11.4,11.7,12.5,43.1,2.64,no aplica · AltScore solo en la ZM Mérida,no aplica · AltScore solo en la ZM Mérida,2.64,2.86,solo INEGI; H si ≥ media INEGI de nuestros PDV Tradicional (06),L,sí,L,sí
SUPER CHEDRAUI VALLADOLID,20.70215,-88.20227,CENTRO,97780,Valladolid (YUC),L,H,no,Yucatán,89450875413ffff,106,11.8,15.3,15.9,15.4,13.9,27.6,3.13,no aplica · AltScore solo en la ZM Mérida,no aplica · AltScore solo en la ZM Mérida,3.13,2.86,solo INEGI; H si ≥ media INEGI de nuestros PDV Tradicional (06),L,sí,H,no
SUPER CHEDRAUI VILLA FLORES,16.22438,-93.27599,VILLACORZO VILLAFLORES,30470,Villaflores (CHIS),L,L,sí,Chiapas,896d236042bffff,283,4.9,7.4,7.5,8.9,10.6,60.7,2.05,no aplica · AltScore solo en la ZM Mérida,no aplica · AltScore solo en la ZM Mérida,2.05,2.86,solo INEGI; H si ≥ media INEGI de nuestros PDV Tradicional (06),L,sí,L,sí
SUPER CHEDRAUI XAL. CAROLINO ANAYA,19.56271,-96.90337,CAROLINO ANAYA,91158,Xalapa (VER),L,L,sí,Veracruz de Ignacio de la Llave,8949963a193ffff,1529,5.9,9.5,10.6,12.9,14.2,46.9,2.39,no aplica · AltScore solo en la ZM Mérida,no aplica · AltScore solo en la ZM Mérida,2.39,2.86,solo INEGI; H si ≥ media INEGI de nuestros PDV Tradicional (06),L,sí,L,sí
SUPER CHEDRAUI XAL. REVOLUCION 11-23,19.568892,-96.928849,REVOLUCION,91100,Xalapa (VER),L,L,sí,Veracruz de Ignacio de la Llave,89499631237ffff,406,6.5,10.2,11.2,13.6,14.4,44,2.48,no aplica · AltScore solo en la ZM Mérida,no aplica · AltScore solo en la ZM Mérida,2.48,2.86,solo INEGI; H si ≥ media INEGI de nuestros PDV Tradicional (06),L,sí,L,sí
WALMART SC - CAMINO CLUB CAMPESTRE,16.761112,-93.181367,PLAN DE AYALA,29020,Tuxtla Gutiérrez (CHIS),L,H,no,Chiapas,896d231a683ffff,304,16,19.9,14.9,12.6,10.6,26,3.4,no aplica · AltScore solo en la ZM Mérida,no aplica · AltScore solo en la ZM Mérida,3.4,2.86,solo INEGI; H si ≥ media INEGI de nuestros PDV Tradicional (06),H,no,H,no
WALMART SC - CARDENAS TULANCINGO,20.07524,-98.38287,SANTA ANA,43669,Tulancingo de Bravo (HGO),L,H,no,Hidalgo,8949956931bffff,166,13.7,18.7,20,17.9,13,16.7,3.52,no aplica · AltScore solo en la ZM Mérida,no aplica · AltScore solo en la ZM Mérida,3.52,2.86,solo INEGI; H si ≥ media INEGI de nuestros PDV Tradicional (06),H,no,H,no
WALMART SC - CD DEL CARMEN,18.64611,-91.80145,AEROPUERTO,24619,Carmen (CAMP),L,H,no,Campeche,894574930abffff,120,11.2,14,13.7,13.8,13.4,33.8,2.94,no aplica · AltScore solo en la ZM Mérida,no aplica · AltScore solo en la ZM Mérida,2.94,2.86,solo INEGI; H si ≥ media INEGI de nuestros PDV Tradicional (06),L,sí,L,sí
WALMART SC - COATZACOALCOS,18.13976,-94.47186,RANCHO ALEGRE 2,96558,Coatzacoalcos (VER),L,H,no,Veracruz de Ignacio de la Llave,896d35b106bffff,705,7.7,13,14.5,17.4,17.1,30.2,2.86,no aplica · AltScore solo en la ZM Mérida,no aplica · AltScore solo en la ZM Mérida,2.86,2.86,solo INEGI; H si ≥ media INEGI de nuestros PDV Tradicional (06),L,sí,L,sí
WALMART SC - COMITAN.,16.1896,-92.12054,CHICHIMA ACAPETAHUA,30093,Comitán de Domínguez (CHIS),L,L,sí,Chiapas,896d2e88e8fffff,5,1,2.5,4.6,7,10.2,74.7,1.53,no aplica · AltScore solo en la ZM Mérida,no aplica · AltScore solo en la ZM Mérida,1.53,2.86,solo INEGI; H si ≥ media INEGI de nuestros PDV Tradicional (06),L,sí,L,sí
WALMART SC - EL MOLINITO TLAXCALA,19.34007,-98.20102,TLATEMPAN,90610,Apetatitlán de Antonio Carvajal (TLAX),L,H,no,Tlaxcala,89499427363ffff,49,9.9,13.3,14.5,15.1,14.8,32.3,2.92,no aplica · AltScore solo en la ZM Mérida,no aplica · AltScore solo en la ZM Mérida,2.92,2.86,solo INEGI; H si ≥ media INEGI de nuestros PDV Tradicional (06),L,sí,L,sí
WALMART SC - ELECTRICISTAS,19.82502,-90.54561,ELECTRICISTAS,24098,Campeche (CAMP),L,H,no,Campeche,8945763b44bffff,527,15.6,18.3,17.6,15.9,12.8,19.9,3.48,no aplica · AltScore solo en la ZM Mérida,no aplica · AltScore solo en la ZM Mérida,3.48,2.86,solo INEGI; H si ≥ media INEGI de nuestros PDV Tradicional (06),H,no,H,no
WALMART SC - HORIZONTE,19.30011,-98.95268,EL AGOSTADERO,56615,Valle de Chalco Solidaridad (MEX),L,L,sí,México,8949958f623ffff,4,2.8,5.6,8.6,12.3,16.5,54.3,2.03,no aplica · AltScore solo en la ZM Mérida,no aplica · AltScore solo en la ZM Mérida,2.03,2.86,solo INEGI; H si ≥ media INEGI de nuestros PDV Tradicional (06),L,sí,L,sí
WALMART SC - IGUALA INDEPENDENCIA,18.3334,-99.51192,LAS TRES IGUANAS,40090,Iguala de la Independencia (GRO),L,H,no,Guerrero,8949b3b5637ffff,193,14.6,19.5,16.7,13.3,10.7,25.1,3.39,no aplica · AltScore solo en la ZM Mérida,no aplica · AltScore solo en la ZM Mérida,3.39,2.86,solo INEGI; H si ≥ media INEGI de nuestros PDV Tradicional (06),H,no,H,no
WALMART SC - JIMENEZ CANTU SPCT,19.673253,-99.088971,SAN PABLO DE LAS SALINAS,54930,Tultitlán (MEX),L,L,sí,México,894995a98c7ffff,952,6.1,10.8,14.6,17.6,17.8,32.9,2.71,no aplica · AltScore solo en la ZM Mérida,no aplica · AltScore solo en la ZM Mérida,2.71,2.86,solo INEGI; H si ≥ media INEGI de nuestros PDV Tradicional (06),L,sí,L,sí
WALMART SC - LOS REYES PLAZA ZUMPANGO,19.79024,-99.05467,BUENAVISTA,55635,Zumpango (MEX),L,L,sí,México,89499531567ffff,1070,5.2,9.2,12.5,16.2,18.2,38.7,2.51,no aplica · AltScore solo en la ZM Mérida,no aplica · AltScore solo en la ZM Mérida,2.51,2.86,solo INEGI; H si ≥ media INEGI de nuestros PDV Tradicional (06),L,sí,L,sí
WALMART SC - NICOLAS ROMERO,19.627,-99.29229,CENTRO,54400,Nicolás Romero (MEX),L,L,sí,México,894995a0a6fffff,174,7.2,12,14.4,16.1,16,34.2,2.76,no aplica · AltScore solo en la ZM Mérida,no aplica · AltScore solo en la ZM Mérida,2.76,2.86,solo INEGI; H si ≥ media INEGI de nuestros PDV Tradicional (06),L,sí,L,sí
WALMART SC - PLAYA NORTE,19.21354,-96.19227,RESERVA VERGARA TARIMOYA,91855,Veracruz (VER),L,H,no,Veracruz de Ignacio de la Llave,8949965a553ffff,687,10.5,16.5,17.3,18.2,16.1,21.3,3.23,no aplica · AltScore solo en la ZM Mérida,no aplica · AltScore solo en la ZM Mérida,3.23,2.86,solo INEGI; H si ≥ media INEGI de nuestros PDV Tradicional (06),H,no,H,no
WALMART SC - SAN CRISTOBAL,16.74493,-92.65992,EL CARMEN ,29216,San Cristóbal de las Casas (CHIS),L,L,sí,Chiapas,896d23b116bffff,73,7.9,10.5,8.4,8.2,8.7,56.3,2.32,no aplica · AltScore solo en la ZM Mérida,no aplica · AltScore solo en la ZM Mérida,2.32,2.86,solo INEGI; H si ≥ media INEGI de nuestros PDV Tradicional (06),L,sí,L,sí
WALMART SC - SAN MARTIN TEXMELUCAN,19.28682,-98.42087,SAN DAMIAN 24,74000,San Martín Texmelucan (PUE),L,L,sí,Puebla,894995c8547ffff,74,6.9,10.2,12.2,13.9,14.1,42.9,2.53,no aplica · AltScore solo en la ZM Mérida,no aplica · AltScore solo en la ZM Mérida,2.53,2.86,solo INEGI; H si ≥ media INEGI de nuestros PDV Tradicional (06),L,sí,L,sí
